split,take,card,seed,method,reward,success,dropped,peak_tug_n,grasp_minus_contact_s
test,A3,1,0,rl_policy,0.0,False,False,0.0,nan
test,A3,3,0,rl_policy,-1.0,False,True,0.0,nan
test,A3,5,0,rl_policy,0.0,False,False,0.0,nan
test,A3,7,0,rl_policy,0.9524883651536974,True,False,7.731824420967642,0.33334111513170694
test,A3,9,0,rl_policy,1.0461005050798649,True,False,0.0,1.5333691296058518
test,A3,11,0,rl_policy,-1.0,False,True,0.0,nan
test,A3,13,0,rl_policy,0.9572453512399519,True,False,8.221600276219515,0.4000093381580483
test,A3,15,0,rl_policy,-1.0,False,True,0.0,nan
test,A3,17,0,rl_policy,-1.0,False,True,0.0,nan
test,A3,19,0,rl_policy,0.0,False,False,0.0,1.6000373526321932
test,B3,1,0,rl_policy,0.9367566278101266,True,False,6.585142199019223,-0.5666795147942411
test,B3,3,0,rl_policy,-1.0,False,True,0.0,nan
test,B3,5,0,rl_policy,-1.0,False,True,0.0,nan
test,B3,7,0,rl_policy,0.9074220666431552,True,False,8.751757892824699,0.10000226731663077
test,B3,9,0,rl_policy,0.0,False,False,0.0,nan
test,B3,11,0,rl_policy,1.128586240543686,True,False,1.5518880134221409,0.7000158712164154
test,B3,13,0,rl_policy,0.9945355645619643,True,False,6.893740007748462,0.6666817821108718
test,B3,15,0,rl_policy,1.1647540971499952,True,False,0.0,1.6000362770660923
test,B3,17,0,rl_policy,1.0900498991109675,True,False,3.9010922797061753,0.3333408910554359
test,B3,19,0,rl_policy,-0.5717136581347576,False,False,19.057121937825254,0.03333408910554359
test,A3,1,0,bootstrap (before RL),-1.0,False,True,0.0,nan
test,A3,3,0,bootstrap (before RL),0.9516938562767608,True,False,6.1785229508757045,0.3000070036185362
test,A3,5,0,bootstrap (before RL),-1.0,False,True,0.0,nan
test,A3,7,0,bootstrap (before RL),-1.122902088878512,False,True,4.0967362959504,0.6666822302634139
test,A3,9,0,bootstrap (before RL),-1.173634458495075,False,True,5.7878152831691665,0.5666798957239018
test,A3,11,0,bootstrap (before RL),1.1636541552775592,True,False,0.0,1.1333597914478035
test,A3,13,0,bootstrap (before RL),-1.1078377563676165,False,True,3.5945918789205464,0.6333481187502431
test,A3,15,0,bootstrap (before RL),-1.0,False,True,0.0,nan
test,A3,17,0,bootstrap (before RL),-1.0,False,True,0.0,nan
test,A3,19,0,bootstrap (before RL),0.9059906078501387,True,False,7.464514185141877,0.23333878059219484
test,B3,1,0,bootstrap (before RL),-1.0,False,True,0.0,nan
test,B3,3,0,bootstrap (before RL),0.8841256577222404,True,False,4.245111792658651,0.3666749801609795
test,B3,5,0,bootstrap (before RL),-1.0,False,True,0.0,nan
test,B3,7,0,bootstrap (before RL),-1.0,False,True,0.0,nan
test,B3,9,0,bootstrap (before RL),-1.1561747632999178,False,True,5.205825443330589,0.8000181385330462
test,B3,11,0,bootstrap (before RL),-1.0,False,True,0.0,nan
test,B3,13,0,bootstrap (before RL),-1.0,False,True,0.0,nan
test,B3,15,0,bootstrap (before RL),-1.0,False,True,0.0,nan
test,B3,17,0,bootstrap (before RL),-1.0,False,True,0.0,nan
test,B3,19,0,bootstrap (before RL),0.7260952096534906,True,False,13.21530359781411,0.06666817821108718
train,A1,1,0,rl_policy,1.0634260653896739,True,False,4.942142227404414,0.9666900499919368
train,A1,3,0,rl_policy,1.0459446108456654,True,False,4.372712620213244,0.7666852120625706
train,A1,5,0,rl_policy,1.161187515749179,True,False,2.2465849241050653,0.6666827930978875
train,A1,7,0,rl_policy,0.0,False,False,0.0,nan
train,A1,9,0,rl_policy,-1.0,False,True,0.0,0.800019351717465
train,A1,11,0,rl_policy,0.9263570046388462,True,False,8.561914754226581,0.20000483792936624
train,A1,13,0,rl_policy,0.9640561894656727,True,False,7.223048095275603,0.7666852120625706
train,A1,15,0,rl_policy,-1.0,False,True,0.0,nan
train,A1,17,0,rl_policy,-1.0,False,True,0.0,nan
train,A1,19,0,rl_policy,-1.0624091877584854,False,True,2.0803062586161762,0.7666852120625706
train,A2,1,0,rl_policy,1.10146840247068,True,False,1.7080898575622223,0.43334408468759045
train,A2,3,0,rl_policy,1.0041713166135513,True,False,0.0,nan
train,A2,5,0,rl_policy,1.0743082804790631,True,False,2.7138687213429353,0.1666708018029194
train,A2,7,0,rl_policy,1.0308013690103661,True,False,6.4456948147775455,0.3000074432452549
train,A2,9,0,rl_policy,1.1661172044282264,True,False,1.9199587528783928,0.533346565769342
train,A2,11,0,rl_policy,1.1297199691422477,True,False,1.000821036814235,0.7666856882934292
train,A2,13,0,rl_policy,1.0058854974522589,True,False,4.369129463263847,0.7000173675722615
train,A2,15,0,rl_policy,0.9525303243469869,True,False,7.9707266307401685,0.1666708018029194
train,A2,17,0,rl_policy,0.9960175296449224,True,False,4.688013516562019,0.43334408468759045
train,A2,19,0,rl_policy,-1.2100022439900235,False,True,7.000074799667455,0.7333515279328453
train,B1,1,0,rl_policy,0.848802334356133,True,False,8.944121875856979,-1.9333814836952914
train,B1,3,0,rl_policy,0.0,False,False,0.0,nan
train,B1,5,0,rl_policy,0.8869205362856141,True,False,8.884832364040962,-0.1666708175599389
train,B1,7,0,rl_policy,0.9128674474705633,True,False,8.34581811198679,0.13333665404795111
train,B1,9,0,rl_policy,-1.1838581335596172,False,True,6.12860445198724,0.6333491067277678
train,B1,11,0,rl_policy,0.9903631618106148,True,False,5.827776556735467,-0.20000498107192669
train,B1,13,0,rl_policy,0.9575385010051813,True,False,8.114881009493265,0.23333914458391447
train,B1,15,0,rl_policy,1.1266008691690872,True,False,2.5485595129320453,0.23333914458391447
train,B1,17,0,rl_policy,0.029255458811703522,True,False,37.133541345235095,-0.13333665404795111
train,B1,19,0,rl_policy,-0.6473205768393391,False,False,21.577352561311304,0.20000498107192669
train,B2,1,0,rl_policy,-1.0,False,True,0.0,nan
train,B2,3,0,rl_policy,1.1141473309907808,True,False,0.0,nan
train,B2,5,0,rl_policy,0.8743028758499789,True,False,8.83884747651304,-0.36667679669945114
train,B2,7,0,rl_policy,1.1164968873433765,True,False,2.6538160745064987,0.6000165764172837
train,B2,9,0,rl_policy,1.0853123140986358,True,False,3.6391344466143405,0.4000110509448558
train,B2,11,0,rl_policy,-1.0,False,True,0.0,nan
train,B2,13,0,rl_policy,1.0514546830236293,True,False,4.78162722971387,0.5333480679264744
train,B2,15,0,rl_policy,0.9056650662241301,True,False,8.565222544505382,0.0666685084908093
train,B2,17,0,rl_policy,1.0043934847579605,True,False,5.0212646080790835,0.2000055254724279
train,B2,19,0,rl_policy,1.0334928327327269,True,False,4.315173139615955,0.6000165764172837
train,A1,1,0,bootstrap (before RL),-1.0835710376118448,False,True,2.7857012537281585,0.7666852120625706
train,A1,3,0,bootstrap (before RL),-1.2533086788083112,False,True,8.443622626943705,0.6333486534429931
train,A1,5,0,bootstrap (before RL),0.7716434090543409,True,False,14.702882173992503,0.266673117239155
train,A1,7,0,bootstrap (before RL),0.9599201351176831,True,False,1.335995496077229,0.6333486534429931
train,A1,9,0,bootstrap (before RL),-1.0,False,True,0.0,nan
train,A1,11,0,bootstrap (before RL),1.038704738226843,True,False,4.513556929569644,0.1333365586195775
train,A1,13,0,bootstrap (before RL),0.7644650247858114,True,False,9.133088468560095,0.7000169327527818
train,A1,15,0,bootstrap (before RL),-1.0,False,True,0.0,nan
train,A1,17,0,bootstrap (before RL),-1.0,False,True,0.0,nan
train,A1,19,0,bootstrap (before RL),1.1516712034144758,True,False,0.0,0.8333534913723593
train,A2,1,0,bootstrap (before RL),-1.0,False,True,0.0,nan
train,A2,3,0,bootstrap (before RL),-1.0,False,True,0.0,1.066693131538684
train,A2,5,0,bootstrap (before RL),0.9466897582132638,True,False,8.27247069348955,0.0
train,A2,7,0,bootstrap (before RL),0.6859309535316487,True,False,17.860456284049352,0.06666832072116775
train,A2,9,0,bootstrap (before RL),1.0858637619132328,True,False,3.4929554610299234,0.6000148864905098
train,A2,11,0,bootstrap (before RL),0.910004277908845,True,False,6.540912260395812,0.40000992432700655
train,A2,13,0,bootstrap (before RL),0.9125775776905183,True,False,5.266781509221728,0.6666832072116776
train,A2,15,0,bootstrap (before RL),0.9438922438364866,True,False,7.8474590561553486,0.0
train,A2,17,0,bootstrap (before RL),0.6894735156934495,True,False,11.042204728386794,0.06666832072116775
train,A2,19,0,bootstrap (before RL),-1.0,False,True,0.0,nan
train,B1,1,0,bootstrap (before RL),1.0263891606053432,True,False,5.726095361587797,-0.5000124526798168
train,B1,3,0,bootstrap (before RL),0.0,False,False,0.0,nan
train,B1,5,0,bootstrap (before RL),0.8792071058433986,True,False,9.447388890657574,-0.10000249053596334
train,B1,7,0,bootstrap (before RL),-1.0,False,True,0.0,nan
train,B1,9,0,bootstrap (before RL),1.0538296235087221,True,False,0.0,1.1000273958955968
train,B1,11,0,bootstrap (before RL),0.3642618219125333,True,False,23.580157057622078,-0.23333914458391447
train,B1,13,0,bootstrap (before RL),0.41252758865867983,True,False,26.37969918382686,-0.20000498107192669
train,B1,15,0,bootstrap (before RL),-1.0,False,True,0.0,nan
train,B1,17,0,bootstrap (before RL),0.8490500212089052,True,False,8.524223488566246,0.03333416351198778
train,B1,19,0,bootstrap (before RL),0.18039086170001012,True,False,31.036234016030505,0.1666708175599389
train,B2,1,0,bootstrap (before RL),-1.0,False,True,0.0,nan
train,B2,3,0,bootstrap (before RL),0.0,False,False,0.0,nan
train,B2,5,0,bootstrap (before RL),0.942786907724112,True,False,6.360087177707902,-0.16667127122702324
train,B2,7,0,bootstrap (before RL),-1.4953972363256063,False,True,16.513241210853543,0.2000055254724279
train,B2,9,0,bootstrap (before RL),0.9078705858976304,True,False,6.909180527848376,-0.0666685084908093
train,B2,11,0,bootstrap (before RL),-1.6851497786582728,False,True,22.83832595527576,-0.1333370169816186
train,B2,13,0,bootstrap (before RL),-1.631330512811504,False,True,21.044350427050137,0.10000276273621395
train,B2,15,0,bootstrap (before RL),1.094250998634916,True,False,3.375321060408469,-0.0666685084908093
train,B2,17,0,bootstrap (before RL),0.8282023156152812,True,False,5.726589479490625,0.666685084908093
train,B2,19,0,bootstrap (before RL),-1.0,False,True,0.0,nan
test,A3,1,1,rl_policy,-1.0,False,True,0.0,nan
test,A3,3,1,rl_policy,0.0,False,False,0.0,nan
test,A3,5,1,rl_policy,0.0,False,False,0.0,nan
test,A3,7,1,rl_policy,0.9365704588150984,True,False,7.509857412288328,0.433343449671219
test,A3,9,1,rl_policy,1.0,True,False,0.0,1.1666939029609742
test,A3,11,1,rl_policy,-1.0,False,True,0.0,1.2333621259873155
test,A3,13,1,rl_policy,0.9894002910554208,True,False,7.072170200965201,0.5000116726975604
test,A3,15,1,rl_policy,1.1685279166509535,True,False,0.0,1.3333644605268278
test,A3,17,1,rl_policy,1.029837656525198,True,False,4.678390116783412,0.6666822302634139
test,A3,19,1,rl_policy,1.0344428663691725,True,False,2.1137495488153086,1.2000280144741449
test,B3,1,1,rl_policy,-1.0,False,True,0.0,nan
test,B3,3,1,rl_policy,0.0,False,False,0.0,nan
test,B3,5,1,rl_policy,0.6856009256309896,True,False,12.441410092251626,0.26667271284434874
test,B3,7,1,rl_policy,1.1438761970634375,True,False,0.0,1.5000340097494615
test,B3,9,1,rl_policy,1.0296715693174316,True,False,0.0,2.100047613649246
test,B3,11,1,rl_policy,-1.0,False,True,0.0,1.2333612969051129
test,B3,13,1,rl_policy,-1.0054004088217943,False,True,0.1800136273931423,0.9666885840607641
test,B3,15,1,rl_policy,1.0688418450425194,True,False,2.6948721399655913,0.6333476930053282
test,B3,17,1,rl_policy,0.7691325155132724,True,False,13.877680226313393,0.13333635642217437
test,B3,19,1,rl_policy,0.9922322419513647,True,False,6.749165548689336,0.3333408910554359
test,A3,1,1,bootstrap (before RL),-1.0,False,True,0.0,nan
test,A3,3,1,bootstrap (before RL),0.9299239414270101,True,False,6.462270187918437,0.23333878059219484
test,A3,5,1,bootstrap (before RL),1.0,True,False,0.0,1.3000303490136569
test,A3,7,1,bootstrap (before RL),0.9490763182786814,True,False,7.821395004526624,0.4666775611843897
test,A3,9,1,bootstrap (before RL),-1.1381088617690591,False,True,4.603628725635307,0.6000140072370724
test,A3,11,1,bootstrap (before RL),-1.0,False,True,0.0,nan
test,A3,13,1,bootstrap (before RL),1.1814383322792503,True,False,0.0,1.5667032411190225
test,A3,15,1,bootstrap (before RL),-1.0,False,True,0.0,nan
test,A3,17,1,bootstrap (before RL),1.0181962847138537,True,False,4.9296168927087995,0.6333481187502431
test,A3,19,1,bootstrap (before RL),-1.3069112866595953,False,True,10.230376221986512,0.26667289210536554
test,B3,1,1,bootstrap (before RL),-1.0,False,True,0.0,nan
test,B3,3,1,bootstrap (before RL),0.9045669511339042,True,False,5.226232348238396,0.23333862373880512
test,B3,5,1,bootstrap (before RL),0.8094729729777917,True,False,6.350900900740275,0.3666749801609795
test,B3,7,1,bootstrap (before RL),-1.0,False,True,0.0,nan
test,B3,9,1,bootstrap (before RL),0.9768635820524478,True,False,3.507335432769814,0.733349960321959
test,B3,11,1,bootstrap (before RL),-1.0,False,True,0.0,nan
test,B3,13,1,bootstrap (before RL),-1.0,False,True,0.0,nan
test,B3,15,1,bootstrap (before RL),-1.0,False,True,0.0,nan
test,B3,17,1,bootstrap (before RL),-1.0,False,True,0.0,nan
test,B3,19,1,bootstrap (before RL),-1.2188368082403256,False,True,7.294560274677518,0.5000113365831539
train,A1,1,1,rl_policy,-1.0,False,True,0.0,nan
train,A1,3,1,rl_policy,0.8639740324801287,True,False,7.8009028300632846,0.6666827930978875
train,A1,5,1,rl_policy,1.176153582729687,True,False,0.7182775742999211,1.0000241896468312
train,A1,7,1,rl_policy,-1.0,False,True,0.0,nan
train,A1,9,1,rl_policy,-1.0,False,True,0.0,nan
train,A1,11,1,rl_policy,1.1321735579757932,True,False,1.7650317909449573,1.4667021448153523
train,A1,13,1,rl_policy,0.0,False,False,0.0,nan
train,A1,15,1,rl_policy,-1.0,False,True,0.0,nan
train,A1,17,1,rl_policy,1.1718194779539644,True,False,0.9423288235178331,0.7333510724076762
train,A1,19,1,rl_policy,1.083287088446912,True,False,2.7062963993010785,0.6666827930978875
train,A2,1,1,rl_policy,0.4700622798339199,True,False,21.271590263602253,0.43334408468759045
train,A2,3,1,rl_policy,0.0,False,False,0.0,nan
train,A2,5,1,rl_policy,1.092644834097793,True,False,1.947278130216499,0.20000496216350327
train,A2,7,1,rl_policy,1.0710181615505132,True,False,5.034977268408547,0.6666832072116776
train,A2,9,1,rl_policy,1.1360736233510773,True,False,1.501418657217159,0.7666856882934292
train,A2,11,1,rl_policy,1.0421362336391806,True,False,1.5870468477642232,0.7666856882934292
train,A2,13,1,rl_policy,-1.0,False,True,0.0,nan
train,A2,15,1,rl_policy,1.0486509327918574,True,False,4.178209610777006,0.20000496216350327
train,A2,17,1,rl_policy,0.9694022791006868,True,False,2.375588293045543,0.8666881693751809
train,A2,19,1,rl_policy,-1.2575916345059164,False,True,8.586387816863882,0.8666881693751809
train,B1,1,1,rl_policy,-1.0,False,True,0.0,nan
train,B1,3,1,rl_policy,-1.0,False,True,0.0,nan
train,B1,5,1,rl_policy,0.5465564861751055,True,False,18.261311541246396,-0.10000249053596334
train,B1,7,1,rl_policy,0.06931755890527655,True,False,35.94985154974973,0.0
train,B1,9,1,rl_policy,-1.0,False,True,0.0,nan
train,B1,11,1,rl_policy,0.8353888461743612,True,False,9.789817771344623,0.20000498107192669
train,B1,13,1,rl_policy,0.9433508359854648,True,False,8.124465355066416,0.7000174337517434
train,B1,15,1,rl_policy,0.892890841152145,True,False,8.732086558379246,0.6000149432157801
train,B1,17,1,rl_policy,0.0,False,False,0.0,nan
train,B1,19,1,rl_policy,-1.0,False,True,0.0,1.1333615594075845
train,B2,1,1,rl_policy,-1.0,False,True,0.0,nan
train,B2,3,1,rl_policy,0.0,False,False,0.0,nan
train,B2,5,1,rl_policy,0.8631048500445752,True,False,8.953684613804532,0.2666740339632372
train,B2,7,1,rl_policy,0.8199104529458318,True,False,11.381285866837985,0.6333508306626884
train,B2,9,1,rl_policy,0.6915328482811105,True,False,15.103788636096672,0.36667679669945114
train,B2,11,1,rl_policy,0.7775827693744339,True,False,12.102897583397077,-0.03333425424540465
train,B2,13,1,rl_policy,0.8751601872611765,True,False,10.492164897827035,0.2000055254724279
train,B2,15,1,rl_policy,0.13461189083380568,True,False,33.89225226293255,0.10000276273621395
train,B2,17,1,rl_policy,0.0,False,False,0.0,nan
train,B2,19,1,rl_policy,1.1493571027663798,True,False,0.9536664249078266,0.8333563561351163
train,A1,1,1,bootstrap (before RL),0.92341179342911,True,False,8.57450463976252,0.7666852120625706
train,A1,3,1,bootstrap (before RL),-1.1977221093195283,False,True,6.590736977317608,0.7333510724076762
train,A1,5,1,bootstrap (before RL),0.8064108276416085,True,False,13.885987181424357,0.266673117239155
train,A1,7,1,bootstrap (before RL),0.9536339902357731,True,False,1.6168117994631594,0.8666876310272537
train,A1,9,1,bootstrap (before RL),-1.0,False,True,0.0,nan
train,A1,11,1,bootstrap (before RL),1.0382982083772456,True,False,4.680273314469609,0.10000241896468312
train,A1,13,1,bootstrap (before RL),-1.0113832209031202,False,True,0.37944069677067205,1.166694887921303
train,A1,15,1,bootstrap (before RL),-1.0,False,True,0.0,nan
train,A1,17,1,bootstrap (before RL),-1.0,False,True,0.0,nan
train,A1,19,1,bootstrap (before RL),1.0613029492542998,True,False,4.436749123795278,0.1333365586195775
train,A2,1,1,bootstrap (before RL),-1.0,False,True,0.0,nan
train,A2,3,1,bootstrap (before RL),-1.0,False,True,0.0,1.1333614522598519
train,A2,5,1,bootstrap (before RL),0.9890021380603665,True,False,7.859765287266785,0.0
train,A2,7,1,bootstrap (before RL),0.7087687898290718,True,False,17.15132732269613,0.06666832072116775
train,A2,9,1,bootstrap (before RL),-1.0,False,True,0.0,nan
train,A2,11,1,bootstrap (before RL),0.9538617147562679,True,False,4.767994556254456,0.7666856882934292
train,A2,13,1,bootstrap (before RL),0.8886115851199612,True,False,6.107926941900199,0.9666906504569325
train,A2,15,1,bootstrap (before RL),0.9275574920642659,True,False,9.46082122097025,0.0
train,A2,17,1,bootstrap (before RL),0.9429170352311488,True,False,2.2710048562094522,0.9000223297357648
train,A2,19,1,bootstrap (before RL),1.151149575015627,True,False,0.0,1.1333614522598519
train,B1,1,1,bootstrap (before RL),1.1939532700398123,True,False,2.1367211911757042,-0.30000747160789004
train,B1,3,1,bootstrap (before RL),1.2009331396555851,True,False,0.0,nan
train,B1,5,1,bootstrap (before RL),0.9098917456493781,True,False,9.391001475731727,-0.10000249053596334
train,B1,7,1,bootstrap (before RL),1.1332774775767869,True,False,3.677219960004737,-0.1666708175599389
train,B1,9,1,bootstrap (before RL),-1.0,False,True,0.0,nan
train,B1,11,1,bootstrap (before RL),0.9678894854406451,True,False,5.3957554161978685,0.06666832702397556
train,B1,13,1,bootstrap (before RL),0.9494127440493989,True,False,8.413124866518876,-0.13333665404795111
train,B1,15,1,bootstrap (before RL),-1.1554475893813028,False,True,5.181586312710089,0.7000174337517434
train,B1,17,1,bootstrap (before RL),0.7941832289004991,True,False,12.904946319679947,0.03333416351198778
train,B1,19,1,bootstrap (before RL),0.8302464456789617,True,False,7.749294749675373,0.43334412565584113
train,B2,1,1,bootstrap (before RL),1.0807549563343906,True,False,0.0,nan
train,B2,3,1,bootstrap (before RL),-1.0,False,True,0.0,nan
train,B2,5,1,bootstrap (before RL),1.0155636833479784,True,False,6.51639293802986,-0.1333370169816186
train,B2,7,1,bootstrap (before RL),0.7468895000207638,True,False,14.764670037936748,0.1333370169816186
train,B2,9,1,bootstrap (before RL),0.8310361537418056,True,False,9.561650101692361,-0.10000276273621395
train,B2,11,1,bootstrap (before RL),-1.2220221364041852,False,True,7.400737880139511,-0.03333425424540465
train,B2,13,1,bootstrap (before RL),0.7028651915747702,True,False,12.367782904924383,0.0666685084908093
train,B2,15,1,bootstrap (before RL),1.052139863412494,True,False,3.3905759766000116,-0.10000276273621395
train,B2,17,1,bootstrap (before RL),0.11716248824660068,True,False,30.170904913459292,-0.0666685084908093
train,B2,19,1,bootstrap (before RL),-1.0,False,True,0.0,nan
test,A3,1,2,rl_policy,-1.0,False,True,0.0,nan
test,A3,3,2,rl_policy,-1.0,False,True,0.0,nan
test,A3,5,2,rl_policy,-1.0,False,True,0.0,nan
test,A3,7,2,rl_policy,-1.0,False,True,0.0,nan
test,A3,9,2,rl_policy,1.0427223181922478,True,False,0.0,1.4000326835531691
test,A3,11,2,rl_policy,1.0652491400520507,True,False,3.890230110019981,0.7000163417765846
test,A3,13,2,rl_policy,0.9735730720578757,True,False,7.702605005242478,0.4666775611843897
test,A3,15,2,rl_policy,-1.0,False,True,0.0,nan
test,A3,17,2,rl_policy,1.0865263839025383,True,False,3.1671500251029743,0.6000140072370724
test,A3,19,2,rl_policy,-1.0,False,True,0.0,nan
test,B3,1,2,rl_policy,1.0323624856099025,True,False,0.0,nan
test,B3,3,2,rl_policy,-1.0,False,True,0.0,nan
test,B3,5,2,rl_policy,0.8626731627486881,True,False,6.71579967558436,0.6333476930053282
test,B3,7,2,rl_policy,0.9071148111074827,True,False,8.440607740297091,0.23333862373880512
test,B3,9,2,rl_policy,0.9442876853363188,True,False,6.6122099297672605,0.5666795147942411
test,B3,11,2,rl_policy,-1.0,False,True,0.0,nan
test,B3,13,2,rl_policy,0.9957502950233833,True,False,6.759651705612254,0.5000113365831539
test,B3,15,2,rl_policy,1.0839696328458879,True,False,3.746694267635558,0.46667724747761025
test,B3,17,2,rl_policy,1.1055054426257536,True,False,3.2940513142338737,0.5666795147942411
test,B3,19,2,rl_policy,-1.2670628863860507,False,True,8.902096212868358,0.3333408910554359
test,A3,1,2,bootstrap (before RL),-1.0,False,True,0.0,nan
test,A3,3,2,bootstrap (before RL),-1.2519084997477719,False,True,8.396949991592393,0.20000466907902414
test,A3,5,2,bootstrap (before RL),-1.0,False,True,0.0,nan
test,A3,7,2,bootstrap (before RL),-1.0,False,True,0.0,nan
test,A3,9,2,bootstrap (before RL),-1.0,False,True,0.0,nan
test,A3,11,2,bootstrap (before RL),-1.0,False,True,0.0,nan
test,A3,13,2,bootstrap (before RL),-1.0,False,True,0.0,nan
test,A3,15,2,bootstrap (before RL),0.803967863700658,True,False,11.960541156353123,0.4000093381580483
test,A3,17,2,bootstrap (before RL),-1.0,False,True,0.0,nan
test,A3,19,2,bootstrap (before RL),-1.2484262952868037,False,True,8.280876509560125,0.16667055756585347
test,B3,1,2,bootstrap (before RL),-1.0,False,True,0.0,0.733349960321959
test,B3,3,2,bootstrap (before RL),0.9773322697921913,True,False,3.8737018949988653,0.4000090692665231
test,B3,5,2,bootstrap (before RL),-1.0,False,True,0.0,nan
test,B3,7,2,bootstrap (before RL),-1.0,False,True,0.0,nan
test,B3,9,2,bootstrap (before RL),0.8425757263542846,True,False,7.381377194607045,0.5333454256886975
test,B3,11,2,bootstrap (before RL),-1.0,False,True,0.0,nan
test,B3,13,2,bootstrap (before RL),1.1792136311181856,True,False,0.0,1.9000430790159846
test,B3,15,2,bootstrap (before RL),0.9089151485144483,True,False,8.258287361540878,0.5666795147942411
test,B3,17,2,bootstrap (before RL),-1.0,False,True,0.0,nan
test,B3,19,2,bootstrap (before RL),0.6862058691952672,True,False,13.743858765783747,0.3666749801609795
train,A1,1,2,rl_policy,1.0756920148291351,True,False,4.336305694984605,0.9333559103370425
train,A1,3,2,rl_policy,-1.0,False,True,0.0,nan
train,A1,5,2,rl_policy,1.1457455746512255,True,False,2.754194212596446,0.33334139654894374
train,A1,7,2,rl_policy,1.1079385292832817,True,False,2.843528182076593,0.033334139654894374
train,A1,9,2,rl_policy,-1.0,False,True,0.0,nan
train,A1,11,2,rl_policy,0.9209963377201644,True,False,8.787386363413525,0.20000483792936624
train,A1,13,2,rl_policy,1.0795909815829654,True,False,0.0,1.4000338655055635
train,A1,15,2,rl_policy,-1.0,False,True,0.0,nan
train,A1,17,2,rl_policy,-1.0,False,True,0.0,nan
train,A1,19,2,rl_policy,1.1370917517562558,True,False,1.3672367960269742,0.7000169327527818
train,A2,1,2,rl_policy,-1.0,False,True,0.0,nan
train,A2,3,2,rl_policy,0.0,False,False,0.0,nan
train,A2,5,2,rl_policy,1.0601506316760638,True,False,3.268678411132858,0.23333912252408714
train,A2,7,2,rl_policy,0.9961054802625531,True,False,7.544863753132405,0.10000248108175164
train,A2,9,2,rl_policy,1.1350389751998757,True,False,3.0755511684758647,0.6666832072116776
train,A2,11,2,rl_policy,-1.0,False,True,0.0,nan
train,A2,13,2,rl_policy,-1.0,False,True,0.0,nan
train,A2,15,2,rl_policy,0.9555260298718122,True,False,7.791570628530968,0.7000173675722615
train,A2,17,2,rl_policy,0.9727146847375583,True,False,4.196295489809631,0.1666708018029194
train,A2,19,2,rl_policy,-1.0349139411724377,False,True,1.1637980390812555,1.0333589711781002
train,B1,1,2,rl_policy,-1.0,False,True,0.0,nan
train,B1,3,2,rl_policy,0.0,False,False,0.0,nan
train,B1,5,2,rl_policy,0.8677316661981095,True,False,8.85992124300061,-0.1666708175599389
train,B1,7,2,rl_policy,0.9087157798299444,True,False,8.355000511766598,0.13333665404795111
train,B1,9,2,rl_policy,0.9275880286204592,True,False,7.882777105003778,0.43334412565584113
train,B1,11,2,rl_policy,0.9905793697567374,True,False,5.882445860128342,0.0
train,B1,13,2,rl_policy,0.9474419986963762,True,False,8.337015988763302,0.1666708175599389
train,B1,15,2,rl_policy,-1.0,False,True,0.0,nan
train,B1,17,2,rl_policy,1.0610511040528479,True,False,4.656375753985336,0.23333914458391447
train,B1,19,2,rl_policy,0.839970392477826,True,False,11.494868661892804,0.06666832702397556
train,B2,1,2,rl_policy,-1.0,False,True,0.0,nan
train,B2,3,2,rl_policy,0.0,False,False,0.0,nan
train,B2,5,2,rl_policy,-1.0,False,True,0.0,nan
train,B2,7,2,rl_policy,1.1028371026300252,True,False,3.0534657860646934,0.23333977971783254
train,B2,9,2,rl_policy,0.9402455997186895,True,False,8.487568439983713,0.2000055254724279
train,B2,11,2,rl_policy,0.8467761897758308,True,False,9.815563513921678,-0.0666685084908093
train,B2,13,2,rl_policy,0.7342600435774483,True,False,15.28090440218864,-0.1333370169816186
train,B2,15,2,rl_policy,0.9039013376562725,True,False,8.492991192733767,0.2666740339632372
train,B2,17,2,rl_policy,0.8379202880770285,True,False,10.83407100880537,0.03333425424540465
train,B2,19,2,rl_policy,1.016217588726933,True,False,4.924293889227312,0.1333370169816186
train,A1,1,2,bootstrap (before RL),-1.1512938701452842,False,True,5.043129004842809,0.7666852120625706
train,A1,3,2,bootstrap (before RL),0.8813528881178438,True,False,7.547032721522983,0.6000145137880987
train,A1,5,2,bootstrap (before RL),0.5538494300798011,True,False,22.314733209260176,0.20000483792936624
train,A1,7,2,bootstrap (before RL),0.9738492734354517,True,False,0.8716908854849429,0.5666803741332044
train,A1,9,2,bootstrap (before RL),-1.0,False,True,0.0,nan
train,A1,11,2,bootstrap (before RL),1.0086469587978655,True,False,6.805542554857629,0.06666827930978875
train,A1,13,2,bootstrap (before RL),0.9620186166320549,True,False,2.1117888630562716,0.7000169327527818
train,A1,15,2,bootstrap (before RL),-1.0,False,True,0.0,nan
train,A1,17,2,bootstrap (before RL),-1.0,False,True,0.0,nan
train,A1,19,2,bootstrap (before RL),1.1257119418051262,True,False,3.059780249113239,0.30000725689404933
train,A2,1,2,bootstrap (before RL),-1.1150110111834715,False,True,3.83370037278238,0.3333416036058388
train,A2,3,2,bootstrap (before RL),0.0,False,False,0.0,1.2333639333416035
train,A2,5,2,bootstrap (before RL),1.030630894715388,True,False,6.864691303570763,0.0
train,A2,7,2,bootstrap (before RL),1.0396200205313821,True,False,6.116638851892333,0.533346565769342
train,A2,9,2,bootstrap (before RL),-1.0,False,True,0.0,nan
train,A2,11,2,bootstrap (before RL),0.8705138641663638,True,False,7.570831922195712,0.40000992432700655
train,A2,13,2,bootstrap (before RL),0.9712948658180816,True,False,3.7382487020944835,0.6666832072116776
train,A2,15,2,bootstrap (before RL),0.9537218719812857,True,False,7.906277994652065,-0.03333416036058388
train,A2,17,2,bootstrap (before RL),0.7585382774814855,True,False,10.280437506665148,0.20000496216350327
train,A2,19,2,bootstrap (before RL),1.1599563004307727,True,False,0.0,1.1666956126204358
train,B1,1,2,bootstrap (before RL),1.1864300533526,True,False,3.265010944020432,-0.30000747160789004
train,B1,3,2,bootstrap (before RL),0.0,False,False,0.0,nan
train,B1,5,2,bootstrap (before RL),0.9983672968711683,True,False,7.385091151724804,-0.1666708175599389
train,B1,7,2,bootstrap (before RL),-1.066617548368917,False,True,2.2205849456305726,0.7333515972637312
train,B1,9,2,bootstrap (before RL),-1.0,False,True,0.0,nan
train,B1,11,2,bootstrap (before RL),1.0165042829224344,True,False,5.079106659116035,-0.03333416351198778
train,B1,13,2,bootstrap (before RL),0.9682875356074263,True,False,7.727347800588105,0.03333416351198778
train,B1,15,2,bootstrap (before RL),-1.0,False,True,0.0,nan
train,B1,17,2,bootstrap (before RL),0.79388727171202,True,False,12.211016136264131,0.06666832702397556
train,B1,19,2,bootstrap (before RL),0.8184195413475094,True,False,9.053579676932701,0.13333665404795111
train,B2,1,2,bootstrap (before RL),-1.0,False,True,0.0,nan
train,B2,3,2,bootstrap (before RL),0.0,False,False,0.0,nan
train,B2,5,2,bootstrap (before RL),1.114693244937885,True,False,3.0652097688853552,0.10000276273621395
train,B2,7,2,bootstrap (before RL),0.7927784434716936,True,False,13.273314153988597,0.1333370169816186
train,B2,9,2,bootstrap (before RL),0.9246422694821168,True,False,9.043092486769284,-0.10000276273621395
train,B2,11,2,bootstrap (before RL),0.8426032868600437,True,False,8.307802086563811,-0.03333425424540465
train,B2,13,2,bootstrap (before RL),0.8467824389032796,True,False,8.19676894492361,0.03333425424540465
train,B2,15,2,bootstrap (before RL),1.0471959848667765,True,False,4.340006494745499,0.10000276273621395
train,B2,17,2,bootstrap (before RL),0.5554357488667969,True,False,14.818808371106767,0.0666685084908093
train,B2,19,2,bootstrap (before RL),-1.0,False,True,0.0,nan
test,A3,1,3,rl_policy,-1.0,False,True,0.0,nan
test,A3,3,3,rl_policy,1.109901567509273,True,False,2.611486870172868,0.5333457842107311
test,A3,5,3,rl_policy,-1.0,False,True,0.0,nan
test,A3,7,3,rl_policy,0.15977473752440124,True,False,34.027329877147956,0.3666752266448776
test,A3,9,3,rl_policy,-1.0,False,True,0.0,nan
test,A3,11,3,rl_policy,-1.0,False,True,0.0,nan
test,A3,13,3,rl_policy,0.9329249474889133,True,False,9.122653298240863,0.433343449671219
test,A3,15,3,rl_policy,0.9805667267233587,True,False,7.516500323657095,0.3666752266448776
test,A3,17,3,rl_policy,1.120854818312646,True,False,2.6009281133028157,0.5000116726975604
test,A3,19,3,rl_policy,-1.1789521439213735,False,True,5.965071464045783,0.5333457842107311
test,B3,1,3,rl_policy,-1.0,False,True,0.0,nan
test,B3,3,3,rl_policy,-1.0,False,True,0.0,nan
test,B3,5,3,rl_policy,-1.0,False,True,0.0,nan
test,B3,7,3,rl_policy,0.9084088357412374,True,False,8.579025988363064,0.06666817821108718
test,B3,9,3,rl_policy,-0.13275662949651204,False,False,4.425220983217068,0.5333454256886975
test,B3,11,3,rl_policy,-1.0,False,True,0.0,nan
test,B3,13,3,rl_policy,0.42058355057399127,True,False,26.00908836172278,0.5333454256886975
test,B3,15,3,rl_policy,1.0261169246300388,True,False,5.4264551421452465,0.46667724747761025
test,B3,17,3,rl_policy,-1.0,False,True,0.0,nan
test,B3,19,3,rl_policy,0.5638810283981621,True,False,21.24877239285022,0.13333635642217437
test,A3,1,3,bootstrap (before RL),1.1753159699208684,True,False,1.8630570717409114,0.16667055756585347
test,A3,3,3,bootstrap (before RL),-1.0,False,True,0.0,nan
test,A3,5,3,bootstrap (before RL),-1.0,False,True,0.0,nan
test,A3,7,3,bootstrap (before RL),1.0057026470168318,True,False,5.649600234511921,0.13333644605268277
test,A3,9,3,bootstrap (before RL),-1.0,False,True,0.0,1.0666915684214622
test,A3,11,3,bootstrap (before RL),1.0067003404550927,True,False,4.403645154582325,0.8000186763160966
test,A3,13,3,bootstrap (before RL),-1.0,False,True,0.0,nan
test,A3,15,3,bootstrap (before RL),0.9792035254222724,True,False,6.39247317123544,0.8000186763160966
test,A3,17,3,bootstrap (before RL),-1.0,False,True,0.0,nan
test,A3,19,3,bootstrap (before RL),0.9177224001277815,True,False,7.2823646625503615,0.26667289210536554
test,B3,1,3,bootstrap (before RL),-1.0,False,True,0.0,nan
test,B3,3,3,bootstrap (before RL),0.9003598985294758,True,False,3.7148341953262585,0.3666749801609795
test,B3,5,3,bootstrap (before RL),-1.0,False,True,0.0,nan
test,B3,7,3,bootstrap (before RL),-1.0,False,True,0.0,nan
test,B3,9,3,bootstrap (before RL),-0.08040771738156834,False,False,2.6802572460522778,1.0333567622718514
test,B3,11,3,bootstrap (before RL),-1.0,False,True,0.0,nan
test,B3,13,3,bootstrap (before RL),-1.0,False,True,0.0,nan
test,B3,15,3,bootstrap (before RL),-1.0,False,True,0.0,nan
test,B3,17,3,bootstrap (before RL),-1.0,False,True,0.0,nan
test,B3,19,3,bootstrap (before RL),0.7015589473381055,True,False,13.274650239755372,0.23333862373880512
train,A1,1,3,rl_policy,-1.0,False,True,0.0,nan
train,A1,3,3,rl_policy,0.9933190257953717,True,False,3.0208302200761423,0.5666803741332044
train,A1,5,3,rl_policy,1.1718462924345192,True,False,1.8264388644291973,0.7333510724076762
train,A1,7,3,rl_policy,0.3661010708705687,True,False,27.122870267834717,0.033334139654894374
train,A1,9,3,rl_policy,1.1074141064480496,True,False,0.0,1.0000241896468312
train,A1,11,3,rl_policy,0.9274682550192125,True,False,8.57552111803091,0.6333486534429931
train,A1,13,3,rl_policy,0.8702234461434277,True,False,5.210080026901313,0.6666827930978875
train,A1,15,3,rl_policy,1.1877618061690627,True,False,0.5996111552902588,0.7000169327527818
train,A1,17,3,rl_policy,1.1749396473534948,True,False,0.9001819105208231,0.6000145137880987
train,A1,19,3,rl_policy,-1.0,False,True,0.0,nan
train,A2,1,3,rl_policy,-1.0,False,True,0.0,nan
train,A2,3,3,rl_policy,1.0056226582127692,True,False,0.0,1.4333688955051067
train,A2,5,3,rl_policy,1.0783103216616519,True,False,3.5390226452633184,0.36667576396642265
train,A2,7,3,rl_policy,0.9203170149820008,True,False,10.114233614715635,0.4666782450481743
train,A2,9,3,rl_policy,1.138873332949591,True,False,1.7006299595726697,0.6666832072116776
train,A2,11,3,rl_policy,0.8348575128722542,True,False,9.371263076502174,0.36667576396642265
train,A2,13,3,rl_policy,1.0910345981281515,True,False,0.0,1.3000322540627713
train,A2,15,3,rl_policy,1.0116906467677835,True,False,6.009178103476289,0.5666807261299259
train,A2,17,3,rl_policy,0.8480250778267553,True,False,8.79902298821331,0.1333366414423355
train,A2,19,3,rl_policy,1.0804118324882896,True,False,3.9862150972233534,0.40000992432700655
train,B1,1,3,rl_policy,-1.0,False,True,0.0,nan
train,B1,3,3,rl_policy,0.0,False,False,0.0,nan
train,B1,5,3,rl_policy,0.10430904029328156,True,False,34.07850476886326,-0.1666708175599389
train,B1,7,3,rl_policy,0.9276463361791603,True,False,7.904394187846362,0.13333665404795111
train,B1,9,3,rl_policy,1.021664448509025,True,False,4.215591037949362,0.3333416351198778
train,B1,11,3,rl_policy,-1.866036287671888,False,True,28.867876255729595,0.43334412565584113
train,B1,13,3,rl_policy,0.9524660289664278,True,False,8.318175366401682,0.46667828916782894
train,B1,15,3,rl_policy,-0.32961076008441176,False,False,10.98702533614706,0.20000498107192669
train,B1,17,3,rl_policy,-1.3574086867114028,False,True,11.913622890380092,-0.03333416351198778
train,B1,19,3,rl_policy,-1.3001390418190242,False,True,10.004634727300806,-0.06666832702397556
train,B2,1,3,rl_policy,0.0896447306426677,True,False,34.78804150261454,0.6000165764172837
train,B2,3,3,rl_policy,0.0,False,False,0.0,nan
train,B2,5,3,rl_policy,-1.0,False,True,0.0,nan
train,B2,7,3,rl_policy,0.9895539972888735,True,False,6.73812780269673,0.7333535933989023
train,B2,9,3,rl_policy,1.0080795012638466,True,False,6.288351538421742,0.30000828820864184
train,B2,11,3,rl_policy,0.891171298170604,True,False,8.256671630663337,-0.1333370169816186
train,B2,13,3,rl_policy,-1.4200764924258045,False,True,14.00254974752682,0.2000055254724279
train,B2,15,3,rl_policy,0.20818536277941316,True,False,31.84510757883304,0.3333425424540465
train,B2,17,3,rl_policy,-1.0,False,True,0.0,nan
train,B2,19,3,rl_policy,0.9716256913549235,True,False,6.390240014996264,0.4000110509448558
train,A1,1,3,bootstrap (before RL),-1.0900504083918463,False,True,3.0016802797282103,0.7666852120625706
train,A1,3,3,bootstrap (before RL),0.8511950667817721,True,False,8.47170266778651,0.6333486534429931
train,A1,5,3,bootstrap (before RL),0.767234149778722,True,False,14.875514838094741,0.266673117239155
train,A1,7,3,bootstrap (before RL),0.8070565078697136,True,False,6.533014987397048,0.800019351717465
train,A1,9,3,bootstrap (before RL),-1.0,False,True,0.0,nan
train,A1,11,3,bootstrap (before RL),-1.0376206028200337,False,True,1.2540200940011208,0.16667069827447187
train,A1,13,3,bootstrap (before RL),0.8816521649488626,True,False,5.354487477593111,0.7666852120625706
train,A1,15,3,bootstrap (before RL),-1.0,False,True,0.0,nan
train,A1,17,3,bootstrap (before RL),-1.0,False,True,0.0,nan
train,A1,19,3,bootstrap (before RL),1.0475998700386124,True,False,5.040719306585994,0.3666755362038381
train,A2,1,3,bootstrap (before RL),-1.1397072738905796,False,True,4.656909129685987,0.0
train,A2,3,3,bootstrap (before RL),-1.0,False,True,0.0,nan
train,A2,5,3,bootstrap (before RL),0.9630422356272068,True,False,7.573398474049964,0.03333416036058388
train,A2,7,3,bootstrap (before RL),0.6541479294629282,True,False,18.705752011886123,0.06666832072116775
train,A2,9,3,bootstrap (before RL),-1.0,False,True,0.0,nan
train,A2,11,3,bootstrap (before RL),0.8814703496786374,True,False,6.7371096879128896,0.4666782450481743
train,A2,13,3,bootstrap (before RL),0.857930083817832,True,False,7.222406706101209,0.7000173675722615
train,A2,15,3,bootstrap (before RL),0.9142954012046843,True,False,9.587101649036741,0.0
train,A2,17,3,bootstrap (before RL),0.9263386379604573,True,False,2.5857044280366877,0.9000223297357648
train,A2,19,3,bootstrap (before RL),0.9777074409873501,True,False,7.111914193903833,0.0
train,B1,1,3,bootstrap (before RL),0.9178488332046371,True,False,5.978568896556664,-0.46667828916782894
train,B1,3,3,bootstrap (before RL),0.9549819619638747,True,False,1.500601267870843,1.3000323769675235
train,B1,5,3,bootstrap (before RL),0.948901403212634,True,False,7.677182955157514,-0.06666832702397556
train,B1,7,3,bootstrap (before RL),-1.0,False,True,0.0,1.3667007039914991
train,B1,9,3,bootstrap (before RL),0.8202344132554156,True,False,7.871174058806674,0.40000996214385337
train,B1,11,3,bootstrap (before RL),0.9282946319549402,True,False,5.961788748915622,-0.1666708175599389
train,B1,13,3,bootstrap (before RL),1.0373542503472204,True,False,5.474521554025031,-0.1666708175599389
train,B1,15,3,bootstrap (before RL),-1.0,False,True,0.0,nan
train,B1,17,3,bootstrap (before RL),0.8290992240413594,True,False,8.998205413879012,0.0
train,B1,19,3,bootstrap (before RL),0.837884470269856,True,False,8.28187025870158,0.13333665404795111
train,B2,1,3,bootstrap (before RL),-1.0,False,True,0.0,nan
train,B2,3,3,bootstrap (before RL),1.0,True,False,0.0,2.5334033226507535
train,B2,5,3,bootstrap (before RL),0.9007488025736166,True,False,6.992982407399372,-0.16667127122702324
train,B2,7,3,bootstrap (before RL),0.7306488435056104,True,False,15.091839055703725,0.1333370169816186
train,B2,9,3,bootstrap (before RL),0.8610087250865421,True,False,8.369228742511988,-0.0666685084908093
train,B2,11,3,bootstrap (before RL),0.6629243824663011,True,False,14.609815528448436,-0.10000276273621395
train,B2,13,3,bootstrap (before RL),0.4365510306637298,True,False,23.119719815029658,0.10000276273621395
train,B2,15,3,bootstrap (before RL),1.0383684526582457,True,False,6.257913765294145,-0.1333370169816186
train,B2,17,3,bootstrap (before RL),0.7982393314434337,True,False,6.725355618552209,1.0666961358529488
train,B2,19,3,bootstrap (before RL),-1.0,False,True,0.0,nan
test,A3,1,4,rl_policy,-1.0,False,True,0.0,nan
test,A3,3,4,rl_policy,0.0,False,False,0.0,nan
test,A3,5,4,rl_policy,0.0,False,False,0.0,nan
test,A3,7,4,rl_policy,1.1470314012927676,True,False,1.1401980992768013,0.5666798957239018
test,A3,9,4,rl_policy,1.0980900380958902,True,False,0.0,1.2000280144741449
test,A3,11,4,rl_policy,1.1417852427276893,True,False,1.379125431925693,0.6666822302634139
test,A3,13,4,rl_policy,0.9682170541029157,True,False,7.8610264736712425,0.4666775611843897
test,A3,15,4,rl_policy,-1.3181629373775894,False,True,10.605431245919648,0.433343449671219
test,A3,17,4,rl_policy,1.1537485289702492,True,False,1.3610907588220629,0.7666845648029259
test,A3,19,4,rl_policy,1.1447425467575463,True,False,0.0,1.5333691296058518
test,B3,1,4,rl_policy,1.1457620479074875,True,False,0.0,0.5666795147942411
test,B3,3,4,rl_policy,0.9477226891788801,True,False,5.687477332028111,-0.20000453463326154
test,B3,5,4,rl_policy,-1.2034154374482067,False,True,6.780514581606889,0.43334315837206666
test,B3,7,4,rl_policy,0.9069236643578263,True,False,8.798110891549644,0.20000453463326154
test,B3,9,4,rl_policy,1.051547097373853,True,False,3.269730252692043,0.20000453463326154
test,B3,11,4,rl_policy,-1.0,False,True,0.0,nan
test,B3,13,4,rl_policy,1.2012666797845206,True,False,0.0,1.066690851377395
test,B3,15,4,rl_policy,0.9220039115654357,True,False,9.157606131995992,0.4000090692665231
test,B3,17,4,rl_policy,1.1220409095809891,True,False,2.7490744206155027,0.8000181385330462
test,B3,19,4,rl_policy,0.9536304297042659,True,False,7.965798129143514,0.06666817821108718
test,A3,1,4,bootstrap (before RL),-1.0,False,True,0.0,nan
test,A3,3,4,bootstrap (before RL),-0.2370283834855271,False,False,7.900946116184237,0.16667055756585347
test,A3,5,4,bootstrap (before RL),-1.0,False,True,0.0,nan
test,A3,7,4,bootstrap (before RL),1.106831948112252,True,False,3.9369929107013335,0.13333644605268277
test,A3,9,4,bootstrap (before RL),-1.053426931940222,False,True,1.7808977313407344,0.8000186763160966
test,A3,11,4,bootstrap (before RL),-1.0,False,True,0.0,nan
test,A3,13,4,bootstrap (before RL),1.0104417151121783,True,False,6.748446437215486,0.7666845648029259
test,A3,15,4,bootstrap (before RL),-1.1249232869518553,False,True,4.1641095650618425,0.5666798957239018
test,A3,17,4,bootstrap (before RL),0.9900866625591281,True,False,6.050372025870163,0.6666822302634139
test,A3,19,4,bootstrap (before RL),0.8505000912740419,True,False,7.82879263547041,0.16667055756585347
test,B3,1,4,bootstrap (before RL),-1.0,False,True,0.0,nan
test,B3,3,4,bootstrap (before RL),-1.1897169490895694,False,True,6.323898302985647,0.3666749801609795
test,B3,5,4,bootstrap (before RL),0.8357844016354873,True,False,5.4738532788170895,0.26667271284434874
test,B3,7,4,bootstrap (before RL),1.0473209113281183,True,False,6.463714652199458,0.06666817821108718
test,B3,9,4,bootstrap (before RL),0.9714232984212183,True,False,3.307394668049203,0.6000136038997846
test,B3,11,4,bootstrap (before RL),-1.0,False,True,0.0,0.9666885840607641
test,B3,13,4,bootstrap (before RL),-1.0,False,True,0.0,nan
test,B3,15,4,bootstrap (before RL),-1.0,False,True,0.0,nan
test,B3,17,4,bootstrap (before RL),-1.0,False,True,0.0,nan
test,B3,19,4,bootstrap (before RL),-1.310487852945915,False,True,10.34959509819717,0.13333635642217437
train,A1,1,4,rl_policy,-1.0787042812136172,False,True,2.6234760404539026,0.800019351717465
train,A1,3,4,rl_policy,-1.151790763384235,False,True,5.0596921128078325,0.7000169327527818
train,A1,5,4,rl_policy,1.173020560902417,True,False,1.9072770999534305,0.6333486534429931
train,A1,7,4,rl_policy,1.0711258280682125,True,False,0.0,1.5333704241251411
train,A1,9,4,rl_policy,-1.0,False,True,0.0,nan
train,A1,11,4,rl_policy,0.9103112447822674,True,False,9.098414808016376,0.23333897758426062
train,A1,13,4,rl_policy,-0.04821113767318967,False,False,1.6070379224396558,1.166694887921303
train,A1,15,4,rl_policy,-1.0,False,True,0.0,nan
train,A1,17,4,rl_policy,1.1134996101193828,True,False,2.9388656323556237,0.43334381551362683
train,A1,19,4,rl_policy,-1.0,False,True,0.0,nan
train,A2,1,4,rl_policy,1.1173897547692768,True,False,1.434252428148951,0.43334408468759045
train,A2,3,4,rl_policy,0.0,False,False,0.0,1.2333639333416035
train,A2,5,4,rl_policy,1.1211419569655308,True,False,1.1528723851595175,0.4666782450481743
train,A2,7,4,rl_policy,1.044479888509997,True,False,5.941474398639708,0.7333515279328453
train,A2,9,4,rl_policy,-1.100269444139828,False,True,3.3423148046609326,0.533346565769342
train,A2,11,4,rl_policy,1.0271577962581264,True,False,4.603965195853255,0.4666782450481743
train,A2,13,4,rl_policy,-1.0,False,True,0.0,nan
train,A2,15,4,rl_policy,1.0536272422395123,True,False,4.743473851635178,0.4666782450481743
train,A2,17,4,rl_policy,1.0905838415204365,True,False,0.0,1.5000372162262745
train,A2,19,4,rl_policy,1.1522453597849234,True,False,1.613696335326753,0.7333515279328453
train,B1,1,4,rl_policy,0.8538290999223607,True,False,8.848809183011639,-1.8000448296473401
train,B1,3,4,rl_policy,0.0,False,False,0.0,nan
train,B1,5,4,rl_policy,0.884877438194067,True,False,9.020678196748928,-0.1666708175599389
train,B1,7,4,rl_policy,0.9139653858189618,True,False,8.355349704693596,0.13333665404795111
train,B1,9,4,rl_policy,0.9692413111347007,True,False,6.5637207464983485,0.26667330809590223
train,B1,11,4,rl_policy,-1.3020165740712821,False,True,10.067219135709403,-0.10000249053596334
train,B1,13,4,rl_policy,0.9445342922027091,True,False,8.604160281713419,0.30000747160789004
train,B1,15,4,rl_policy,1.121911169517351,True,False,2.81864924123457,0.6333491067277678
train,B1,17,4,rl_policy,0.9571078344557531,True,False,7.389362663778753,0.0
train,B1,19,4,rl_policy,1.0771582911908129,True,False,4.160568062821663,0.03333416351198778
train,B2,1,4,rl_policy,0.9044847630711509,True,False,7.78775515013039,0.5333480679264744
train,B2,3,4,rl_policy,0.0,False,False,0.0,nan
train,B2,5,4,rl_policy,0.8745427162528223,True,False,8.857010576998128,0.0
train,B2,7,4,rl_policy,1.0772451638970992,True,False,3.8782412961704376,0.4000110509448558
train,B2,9,4,rl_policy,1.0922602742027478,True,False,3.4433591177368177,0.4666795594356651
train,B2,11,4,rl_policy,0.9155063808672521,True,False,7.559509388519771,-0.16667127122702324
train,B2,13,4,rl_policy,0.9478273652800691,True,False,8.256953774303415,0.2666740339632372
train,B2,15,4,rl_policy,1.0603773075005054,True,False,3.3338351888385143,0.36667679669945114
train,B2,17,4,rl_policy,0.9745869289151565,True,False,6.2277237399209175,-0.03333425424540465
train,B2,19,4,rl_policy,1.0662877266939157,True,False,3.2938896009615286,0.8000221018897116
train,A1,1,4,bootstrap (before RL),0.9604516856439534,True,False,7.344379322049619,0.7666852120625706
train,A1,3,4,bootstrap (before RL),-0.10018107602852293,False,False,3.3393692009507645,0.6000145137880987
train,A1,5,4,bootstrap (before RL),0.6753320626323545,True,False,17.99402774380047,0.23333897758426062
train,A1,7,4,bootstrap (before RL),0.971100636216668,True,False,0.9633121261110684,0.7666852120625706
train,A1,9,4,bootstrap (before RL),-1.0,False,True,0.0,nan
train,A1,11,4,bootstrap (before RL),1.0584764971223757,True,False,5.397510789770653,0.06666827930978875
train,A1,13,4,bootstrap (before RL),0.9069223748395702,True,False,4.251020525651208,0.7666852120625706
train,A1,15,4,bootstrap (before RL),-1.0,False,True,0.0,nan
train,A1,17,4,bootstrap (before RL),-1.0,False,True,0.0,nan
train,A1,19,4,bootstrap (before RL),1.1105436785533733,True,False,3.4642591961073483,0.1333365586195775
train,A2,1,4,bootstrap (before RL),-1.0,False,True,0.0,1.1666956126204358
train,A2,3,4,bootstrap (before RL),-1.0,False,True,0.0,1.0000248108175165
train,A2,5,4,bootstrap (before RL),1.0821131499439218,True,False,5.4297306239496645,0.03333416036058388
train,A2,7,4,bootstrap (before RL),0.7222498735350869,True,False,16.705826211796886,0.06666832072116775
train,A2,9,4,bootstrap (before RL),1.0073748423362885,True,False,5.289447949658065,0.3333416036058388
train,A2,11,4,bootstrap (before RL),0.932394059917476,True,False,5.558037682128248,0.7333515279328453
train,A2,13,4,bootstrap (before RL),0.8837675029013627,True,False,6.3656445120220395,0.9333564900963486
train,A2,15,4,bootstrap (before RL),0.9620015502684413,True,False,8.453913587530913,-0.03333416036058388
train,A2,17,4,bootstrap (before RL),0.6915887736491603,True,False,10.741110213994723,0.10000248108175164
train,A2,19,4,bootstrap (before RL),-1.0,False,True,0.0,nan
train,B1,1,4,bootstrap (before RL),0.9449252832956899,True,False,5.448817302752258,-0.40000996214385337
train,B1,3,4,bootstrap (before RL),-1.0660961607935981,False,True,2.203205359786603,1.1666957229195722
train,B1,5,4,bootstrap (before RL),0.942644471881837,True,False,8.732365820063647,-0.10000249053596334
train,B1,7,4,bootstrap (before RL),1.1275643719479593,True,False,3.7409589249672015,-0.26667330809590223
train,B1,9,4,bootstrap (before RL),0.8723191846608773,True,False,6.803709632320816,0.5000124526798168
train,B1,11,4,bootstrap (before RL),-0.16954746530097506,False,False,5.6515821766991685,-0.10000249053596334
train,B1,13,4,bootstrap (before RL),0.9516814914760295,True,False,8.353225432296389,-0.03333416351198778
train,B1,15,4,bootstrap (before RL),0.8933012152208513,True,False,10.084183779640034,0.6333491067277678
train,B1,17,4,bootstrap (before RL),0.8189266484841055,True,False,9.263184666160987,0.03333416351198778
train,B1,19,4,bootstrap (before RL),0.8014441336154695,True,False,8.782281748859123,0.3333416351198778
train,B2,1,4,bootstrap (before RL),-1.0,False,True,0.0,nan
train,B2,3,4,bootstrap (before RL),0.0,False,False,0.0,2.066723763215088
train,B2,5,4,bootstrap (before RL),1.040515590276419,True,False,4.5592886882649175,-0.16667127122702324
train,B2,7,4,bootstrap (before RL),0.9926465627127965,True,False,6.456102521677346,0.1333370169816186
train,B2,9,4,bootstrap (before RL),-0.29649182247245215,False,False,9.88306074908174,-0.1333370169816186
train,B2,11,4,bootstrap (before RL),0.7720408332717835,True,False,11.8834669678072,-0.1333370169816186
train,B2,13,4,bootstrap (before RL),0.7977930760664773,True,False,9.454336717209205,0.0666685084908093
train,B2,15,4,bootstrap (before RL),1.0518574738200768,True,False,3.8621250974638794,-0.1333370169816186
train,B2,17,4,bootstrap (before RL),0.6981806310625382,True,False,10.060645631248724,-0.10000276273621395
train,B2,19,4,bootstrap (before RL),-1.0,False,True,0.0,nan
