split,take,card,seed,method,dropped,grasp_minus_contact_s,peak_tug_n,push_cm,returned,success
test,A3,1,0,rl_policy_gpu,0.0,0.5666667222976685,3.33607816696167,6.224643707275391,0.293429970741272,1.0
test,A3,3,0,rl_policy_gpu,1.0,nan,0.0,15.168198585510254,0.7481855154037476,0.0
test,A3,5,0,rl_policy_gpu,1.0,nan,0.0,15.874123573303223,0.32183319330215454,0.0
test,A3,7,0,rl_policy_gpu,0.0,0.40000003576278687,1.5031211376190186,6.799774646759033,0.4817999601364136,1.0
test,A3,9,0,rl_policy_gpu,1.0,nan,0.0,12.71835708618164,0.5854630470275879,0.0
test,A3,11,0,rl_policy_gpu,0.0,0.2666666805744171,2.217092752456665,8.49290657043457,0.33795517683029175,1.0
test,A3,13,0,rl_policy_gpu,0.0,0.9000000357627869,10.76402759552002,19.711427688598633,0.6767916083335876,1.0
test,A3,15,0,rl_policy_gpu,1.0,0.2666666805744171,7.986985206604004,6.103915214538574,0.46181386709213257,0.0
test,A3,17,0,rl_policy_gpu,1.0,nan,0.0,16.482908248901367,0.6303521990776062,0.0
test,A3,19,0,rl_policy_gpu,0.0,0.13333334028720856,8.69257926940918,6.303295612335205,0.38865208625793457,1.0
test,B3,1,0,rl_policy_gpu,0.0,-1.3333333730697632,11.029431343078613,1.0538859367370605,0.4642763137817383,1.0
test,B3,3,0,rl_policy_gpu,0.0,0.8333333730697632,4.275193691253662,11.505098342895508,0.14761394262313843,1.0
test,B3,5,0,rl_policy_gpu,1.0,-1.0,6.702887535095215,12.87820053100586,0.5328538417816162,0.0
test,B3,7,0,rl_policy_gpu,0.0,0.06666667014360428,2.4494824409484863,4.761100769042969,0.415249228477478,1.0
test,B3,9,0,rl_policy_gpu,1.0,1.133333444595337,1.3381115198135376,43.837520599365234,0.5954418182373047,0.0
test,B3,11,0,rl_policy_gpu,0.0,0.6333333849906921,1.1750879287719727,9.801885604858398,0.1324862837791443,1.0
test,B3,13,0,rl_policy_gpu,1.0,nan,0.0,16.729467391967773,0.5897576212882996,0.0
test,B3,15,0,rl_policy_gpu,0.0,0.23333334922790527,8.1928129196167,5.669974327087402,0.5727565288543701,1.0
test,B3,17,0,rl_policy_gpu,0.0,0.03333333507180214,3.466642141342163,12.038705825805664,0.4419141411781311,1.0
test,B3,19,0,rl_policy_gpu,0.0,0.8333333730697632,5.387344837188721,6.849527359008789,0.20650994777679443,1.0
test,A3,1,1,rl_policy_gpu,1.0,nan,0.0,6.882545471191406,0.8493601083755493,0.0
test,A3,3,1,rl_policy_gpu,1.0,nan,0.0,27.354188919067383,0.8459282517433167,0.0
test,A3,5,1,rl_policy_gpu,0.0,0.46666669845581055,3.0615639686584473,13.603065490722656,0.0,1.0
test,A3,7,1,rl_policy_gpu,1.0,nan,0.0,23.294696807861328,0.5567063093185425,0.0
test,A3,9,1,rl_policy_gpu,1.0,0.6666666865348816,7.924720764160156,12.71835708618164,0.7557611465454102,0.0
test,A3,11,1,rl_policy_gpu,1.0,0.7333333492279053,2.3856546878814697,8.49290657043457,0.7817642688751221,0.0
test,A3,13,1,rl_policy_gpu,1.0,1.0,4.141531944274902,6.599005222320557,0.4883577227592468,0.0
test,A3,15,1,rl_policy_gpu,1.0,nan,0.0,6.103915214538574,0.471663236618042,0.0
test,A3,17,1,rl_policy_gpu,1.0,0.7333333492279053,3.5498499870300293,16.482908248901367,0.6641310453414917,0.0
test,A3,19,1,rl_policy_gpu,0.0,0.20000001788139343,8.03481674194336,6.303295612335205,0.4754660725593567,1.0
test,B3,1,1,rl_policy_gpu,0.0,-0.9333333969116211,9.410296440124512,2.551736354827881,0.4292635917663574,1.0
test,B3,3,1,rl_policy_gpu,1.0,nan,0.0,11.505098342895508,0.6242252588272095,0.0
test,B3,5,1,rl_policy_gpu,0.0,0.8333333730697632,3.516871929168701,7.498403072357178,0.0,1.0
test,B3,7,1,rl_policy_gpu,1.0,nan,0.0,28.7896671295166,0.7474594116210938,0.0
test,B3,9,1,rl_policy_gpu,0.0,0.6000000238418579,5.392947196960449,13.188016891479492,0.1898282766342163,1.0
test,B3,11,1,rl_policy_gpu,1.0,nan,0.0,24.207191467285156,0.6681230068206787,0.0
test,B3,13,1,rl_policy_gpu,1.0,nan,0.0,7.058445930480957,0.5893313884735107,0.0
test,B3,15,1,rl_policy_gpu,0.0,0.36666667461395264,5.858728408813477,5.669974327087402,0.575944185256958,1.0
test,B3,17,1,rl_policy_gpu,1.0,0.8333333730697632,6.870724678039551,12.038705825805664,0.7305338382720947,0.0
test,B3,19,1,rl_policy_gpu,0.0,0.40000003576278687,5.69325590133667,6.849527359008789,0.3224053382873535,1.0
test,A3,1,2,rl_policy_gpu,0.0,0.6333333849906921,2.916849374771118,6.224643707275391,0.4362550973892212,1.0
test,A3,3,2,rl_policy_gpu,1.0,nan,0.0,15.168198585510254,0.6126590967178345,0.0
test,A3,5,2,rl_policy_gpu,0.0,0.46666669845581055,1.9200425148010254,13.603065490722656,0.0,1.0
test,A3,7,2,rl_policy_gpu,1.0,0.6000000238418579,4.839284896850586,18.746366500854492,0.5878989696502686,0.0
test,A3,9,2,rl_policy_gpu,0.0,0.20000001788139343,2.4799177646636963,12.71835708618164,0.17335546016693115,1.0
test,A3,11,2,rl_policy_gpu,1.0,nan,0.0,30.84920883178711,0.5762545466423035,0.0
test,A3,13,2,rl_policy_gpu,1.0,0.40000003576278687,6.238318920135498,13.778792381286621,0.5983579158782959,0.0
test,A3,15,2,rl_policy_gpu,1.0,-0.06666667014360428,6.4589152336120605,6.103915214538574,0.5645037889480591,0.0
test,A3,17,2,rl_policy_gpu,1.0,nan,0.0,16.482908248901367,0.6072341203689575,0.0
test,A3,19,2,rl_policy_gpu,0.0,0.13333334028720856,8.49216365814209,6.303295612335205,0.3452224135398865,1.0
test,B3,1,2,rl_policy_gpu,1.0,0.0,2.5064094066619873,8.21497631072998,0.733065128326416,0.0
test,B3,3,2,rl_policy_gpu,1.0,nan,0.0,11.505098342895508,0.5195207595825195,0.0
test,B3,5,2,rl_policy_gpu,1.0,0.3333333432674408,4.8866047859191895,7.498403072357178,0.5040732026100159,0.0
test,B3,7,2,rl_policy_gpu,1.0,0.1666666716337204,11.07738208770752,17.87459373474121,0.6220483779907227,0.0
test,B3,9,2,rl_policy_gpu,0.0,0.40000003576278687,4.065785884857178,9.779862403869629,0.27494388818740845,1.0
test,B3,11,2,rl_policy_gpu,1.0,nan,0.0,11.412717819213867,0.5792090892791748,0.0
test,B3,13,2,rl_policy_gpu,1.0,0.5,8.659571647644043,16.3234806060791,0.6214514374732971,0.0
test,B3,15,2,rl_policy_gpu,1.0,0.36666667461395264,2.598008632659912,8.519774436950684,0.6045480966567993,0.0
test,B3,17,2,rl_policy_gpu,1.0,0.9666666984558105,0.7877699732780457,31.306018829345703,0.6481622457504272,0.0
test,B3,19,2,rl_policy_gpu,0.0,2.4000000953674316,2.847856283187866,25.712875366210938,0.25742143392562866,1.0
test,A3,1,3,rl_policy_gpu,0.0,0.5666667222976685,2.0478615760803223,6.224643707275391,0.3319813013076782,1.0
test,A3,3,3,rl_policy_gpu,1.0,nan,0.0,15.168198585510254,0.7181311249732971,0.0
test,A3,5,3,rl_policy_gpu,1.0,nan,0.0,20.92256736755371,0.2144414186477661,0.0
test,A3,7,3,rl_policy_gpu,1.0,nan,0.0,6.799774646759033,0.6103422045707703,0.0
test,A3,9,3,rl_policy_gpu,1.0,nan,0.0,13.414220809936523,0.4813288450241089,0.0
test,A3,11,3,rl_policy_gpu,0.0,0.5666667222976685,2.847050666809082,8.49290657043457,0.4339470863342285,1.0
test,A3,13,3,rl_policy_gpu,0.0,1.133333444595337,11.443617820739746,17.438817977905273,0.6071802973747253,1.0
test,A3,15,3,rl_policy_gpu,1.0,0.13333334028720856,0.9003574252128601,6.103915214538574,0.5539339780807495,0.0
test,A3,17,3,rl_policy_gpu,1.0,nan,0.0,16.482908248901367,0.6354254484176636,0.0
test,A3,19,3,rl_policy_gpu,0.0,0.1666666716337204,7.833725929260254,6.303295612335205,0.47459644079208374,1.0
test,B3,1,3,rl_policy_gpu,0.0,-1.3333333730697632,5.541937351226807,1.0538859367370605,0.2746138572692871,1.0
test,B3,3,3,rl_policy_gpu,1.0,nan,0.0,11.505098342895508,0.5727827548980713,0.0
test,B3,5,3,rl_policy_gpu,1.0,1.9666668176651,0.9317532181739807,16.273645401000977,0.5376189947128296,0.0
test,B3,7,3,rl_policy_gpu,0.0,0.06666667014360428,3.9665768146514893,4.761100769042969,0.4123338460922241,1.0
test,B3,9,3,rl_policy_gpu,1.0,nan,0.0,16.995929718017578,0.6484050154685974,0.0
test,B3,11,3,rl_policy_gpu,0.0,0.6000000238418579,1.2608082294464111,9.801885604858398,0.20048856735229492,1.0
test,B3,13,3,rl_policy_gpu,1.0,nan,0.0,16.256793975830078,0.6254289150238037,0.0
test,B3,15,3,rl_policy_gpu,1.0,0.23333334922790527,3.5205767154693604,5.669974327087402,0.6255685687065125,0.0
test,B3,17,3,rl_policy_gpu,0.0,0.13333334028720856,4.34902811050415,12.038705825805664,0.42571210861206055,1.0
test,B3,19,3,rl_policy_gpu,1.0,0.13333334028720856,5.039821147918701,6.849527359008789,0.6399662494659424,0.0
test,A3,1,4,rl_policy_gpu,1.0,nan,0.0,9.152929306030273,0.5784411430358887,0.0
test,A3,3,4,rl_policy_gpu,1.0,nan,0.0,26.456478118896484,0.7209591865539551,0.0
test,A3,5,4,rl_policy_gpu,1.0,nan,0.0,57.44588851928711,0.45163530111312866,0.0
test,A3,7,4,rl_policy_gpu,1.0,nan,0.0,6.838750839233398,0.5862181186676025,0.0
test,A3,9,4,rl_policy_gpu,1.0,nan,0.0,17.609479904174805,0.33157771825790405,0.0
test,A3,11,4,rl_policy_gpu,1.0,nan,0.0,25.316970825195312,0.5788888931274414,0.0
test,A3,13,4,rl_policy_gpu,1.0,1.133333444595337,4.73544979095459,16.940221786499023,0.5419790744781494,0.0
test,A3,15,4,rl_policy_gpu,0.0,0.4333333671092987,6.124822616577148,6.103915214538574,0.6282497644424438,1.0
test,A3,17,4,rl_policy_gpu,1.0,0.9000000357627869,0.0,20.697248458862305,0.5627700686454773,0.0
test,A3,19,4,rl_policy_gpu,0.0,0.13333334028720856,8.307765007019043,6.303295612335205,0.3932642936706543,1.0
test,B3,1,4,rl_policy_gpu,0.0,-0.9000000357627869,10.995380401611328,2.6743476390838623,0.4691392183303833,1.0
test,B3,3,4,rl_policy_gpu,1.0,nan,0.0,18.017629623413086,0.44383448362350464,0.0
test,B3,5,4,rl_policy_gpu,1.0,nan,0.0,26.909339904785156,0.36561769247055054,0.0
test,B3,7,4,rl_policy_gpu,1.0,nan,0.0,28.98600959777832,0.5648504495620728,0.0
test,B3,9,4,rl_policy_gpu,0.0,0.23333334922790527,4.444639682769775,9.779862403869629,0.17966735363006592,1.0
test,B3,11,4,rl_policy_gpu,1.0,nan,0.0,14.796355247497559,0.5300775766372681,0.0
test,B3,13,4,rl_policy_gpu,1.0,nan,0.0,5.572996616363525,0.5473796725273132,0.0
test,B3,15,4,rl_policy_gpu,0.0,0.23333334922790527,8.33442211151123,5.669974327087402,0.5729638338088989,1.0
test,B3,17,4,rl_policy_gpu,0.0,0.36666667461395264,9.306127548217773,18.507095336914062,0.6515177488327026,1.0
test,B3,19,4,rl_policy_gpu,0.0,0.06666667014360428,6.51910924911499,6.849527359008789,0.27612847089767456,1.0
test,A3,1,0,bootstrap (before RL),1.0,nan,0.0,23.6998348236084,0.8640934228897095,0.0
test,A3,3,0,bootstrap (before RL),1.0,nan,0.0,15.168198585510254,0.8480429649353027,0.0
test,A3,5,0,bootstrap (before RL),1.0,nan,0.0,13.603065490722656,0.2884782552719116,0.0
test,A3,7,0,bootstrap (before RL),1.0,nan,0.0,14.352029800415039,0.6901283264160156,0.0
test,A3,9,0,bootstrap (before RL),1.0,0.6666666865348816,6.222100257873535,12.71835708618164,0.725588858127594,0.0
test,A3,11,0,bootstrap (before RL),1.0,nan,0.0,21.29086685180664,0.6822270750999451,0.0
test,A3,13,0,bootstrap (before RL),1.0,nan,0.0,16.547788619995117,0.561470627784729,0.0
test,A3,15,0,bootstrap (before RL),1.0,nan,0.0,6.87101411819458,0.457028329372406,0.0
test,A3,17,0,bootstrap (before RL),1.0,nan,0.0,16.482908248901367,0.6558059453964233,0.0
test,A3,19,0,bootstrap (before RL),0.0,0.5,7.776681900024414,12.421663284301758,0.3733919858932495,1.0
test,B3,1,0,bootstrap (before RL),1.0,nan,0.0,27.16258430480957,0.8803454637527466,0.0
test,B3,3,0,bootstrap (before RL),1.0,nan,0.0,22.417552947998047,0.6983307600021362,0.0
test,B3,5,0,bootstrap (before RL),0.0,0.9333333969116211,8.466529846191406,35.923980712890625,0.0,1.0
test,B3,7,0,bootstrap (before RL),0.0,0.23333334922790527,9.029662132263184,12.03528118133545,0.6002998352050781,1.0
test,B3,9,0,bootstrap (before RL),1.0,0.7666667103767395,6.252145290374756,9.779862403869629,0.6771275997161865,0.0
test,B3,11,0,bootstrap (before RL),1.0,nan,0.0,18.226638793945312,0.8013732433319092,0.0
test,B3,13,0,bootstrap (before RL),1.0,nan,0.0,13.304500579833984,0.6158471703529358,0.0
test,B3,15,0,bootstrap (before RL),1.0,0.9000000357627869,5.7455034255981445,13.04526138305664,0.6212929487228394,0.0
test,B3,17,0,bootstrap (before RL),1.0,nan,0.0,19.113372802734375,0.6930758357048035,0.0
test,B3,19,0,bootstrap (before RL),0.0,0.5333333611488342,6.107215404510498,19.733339309692383,0.49229830503463745,1.0
test,A3,1,1,bootstrap (before RL),0.0,0.8666667342185974,1.1702847480773926,22.025026321411133,0.8378456830978394,1.0
test,A3,3,1,bootstrap (before RL),1.0,nan,0.0,15.61580753326416,0.8698419332504272,0.0
test,A3,5,1,bootstrap (before RL),0.0,1.1666667461395264,0.0,13.603065490722656,0.02974945306777954,1.0
test,A3,7,1,bootstrap (before RL),1.0,0.6000000238418579,3.628103017807007,11.915191650390625,0.6399446725845337,0.0
test,A3,9,1,bootstrap (before RL),0.0,0.8666667342185974,4.077311992645264,12.71835708618164,0.31310927867889404,1.0
test,A3,11,1,bootstrap (before RL),1.0,nan,0.0,25.37890625,0.6320855617523193,0.0
test,A3,13,1,bootstrap (before RL),0.0,1.0,8.048179626464844,17.411108016967773,0.6501073837280273,1.0
test,A3,15,1,bootstrap (before RL),1.0,nan,0.0,6.103915214538574,0.47955322265625,0.0
test,A3,17,1,bootstrap (before RL),1.0,nan,0.0,16.482908248901367,0.6662343740463257,0.0
test,A3,19,1,bootstrap (before RL),0.0,0.4333333671092987,5.991665363311768,8.376991271972656,0.3386005759239197,1.0
test,B3,1,1,bootstrap (before RL),1.0,nan,0.0,3.7641637325286865,0.8250059485435486,0.0
test,B3,3,1,bootstrap (before RL),1.0,nan,0.0,22.492773056030273,0.7355483174324036,0.0
test,B3,5,1,bootstrap (before RL),1.0,0.5333333611488342,5.124300479888916,8.728270530700684,0.38792669773101807,0.0
test,B3,7,1,bootstrap (before RL),0.0,0.20000001788139343,6.047631740570068,11.649938583374023,0.729791522026062,1.0
test,B3,9,1,bootstrap (before RL),0.0,0.7333333492279053,4.5801777839660645,9.779862403869629,0.18900609016418457,1.0
test,B3,11,1,bootstrap (before RL),1.0,nan,0.0,21.33673667907715,0.7894105911254883,0.0
test,B3,13,1,bootstrap (before RL),1.0,nan,0.0,13.041122436523438,0.60988450050354,0.0
test,B3,15,1,bootstrap (before RL),0.0,0.7333333492279053,5.904572486877441,10.89359188079834,0.47880035638809204,1.0
test,B3,17,1,bootstrap (before RL),0.0,1.2000000476837158,0.0,28.176902770996094,0.6080446243286133,1.0
test,B3,19,1,bootstrap (before RL),1.0,1.1666667461395264,10.589479446411133,16.158855438232422,0.7902584075927734,0.0
test,A3,1,2,bootstrap (before RL),1.0,0.7666667103767395,0.8788248896598816,19.391677856445312,0.6107673048973083,0.0
test,A3,3,2,bootstrap (before RL),1.0,nan,0.0,16.071746826171875,0.6063355207443237,0.0
test,A3,5,2,bootstrap (before RL),0.0,0.6333333849906921,1.3766419887542725,13.603065490722656,0.12258106470108032,1.0
test,A3,7,2,bootstrap (before RL),0.0,0.6333333849906921,8.324905395507812,13.239267349243164,0.7238649725914001,1.0
test,A3,9,2,bootstrap (before RL),0.0,0.6666666865348816,6.316524982452393,12.71835708618164,0.20997267961502075,1.0
test,A3,11,2,bootstrap (before RL),1.0,nan,0.0,31.61993980407715,0.5806429386138916,0.0
test,A3,13,2,bootstrap (before RL),1.0,0.7333333492279053,8.941904067993164,17.526090621948242,0.601872980594635,0.0
test,A3,15,2,bootstrap (before RL),0.0,-0.06666667014360428,9.386823654174805,6.103915214538574,0.5642601251602173,1.0
test,A3,17,2,bootstrap (before RL),1.0,nan,0.0,19.823711395263672,0.6067339181900024,0.0
test,A3,19,2,bootstrap (before RL),0.0,0.5,5.660897254943848,11.695722579956055,0.4892314672470093,1.0
test,B3,1,2,bootstrap (before RL),1.0,nan,0.0,9.025787353515625,0.6451454758644104,0.0
test,B3,3,2,bootstrap (before RL),1.0,nan,0.0,11.505098342895508,0.531237006187439,0.0
test,B3,5,2,bootstrap (before RL),1.0,0.6666666865348816,5.85886812210083,9.855135917663574,0.32755446434020996,0.0
test,B3,7,2,bootstrap (before RL),1.0,nan,0.0,28.182369232177734,0.6171026229858398,0.0
test,B3,9,2,bootstrap (before RL),0.0,0.46666669845581055,7.353176116943359,9.779862403869629,0.2945859432220459,1.0
test,B3,11,2,bootstrap (before RL),1.0,nan,0.0,20.31052017211914,0.6047477126121521,0.0
test,B3,13,2,bootstrap (before RL),1.0,0.6666666865348816,5.926154136657715,16.813692092895508,0.6259540915489197,0.0
test,B3,15,2,bootstrap (before RL),1.0,0.8333333730697632,6.889102935791016,17.947721481323242,0.6119179725646973,0.0
test,B3,17,2,bootstrap (before RL),1.0,nan,0.0,30.608800888061523,0.6551965475082397,0.0
test,B3,19,2,bootstrap (before RL),1.0,0.8666667342185974,8.877970695495605,15.91361141204834,0.5812852382659912,0.0
test,A3,1,3,bootstrap (before RL),0.0,0.9666666984558105,0.0,25.992769241333008,0.9126537442207336,1.0
test,A3,3,3,bootstrap (before RL),1.0,nan,0.0,15.168198585510254,0.8221059441566467,0.0
test,A3,5,3,bootstrap (before RL),1.0,nan,0.0,13.603065490722656,0.7258542776107788,0.0
test,A3,7,3,bootstrap (before RL),0.0,0.4333333671092987,7.343019008636475,10.167973518371582,0.5124696493148804,1.0
test,A3,9,3,bootstrap (before RL),0.0,0.9000000357627869,2.4656686782836914,12.71835708618164,0.29578787088394165,1.0
test,A3,11,3,bootstrap (before RL),1.0,nan,0.0,21.400859832763672,0.7132008075714111,0.0
test,A3,13,3,bootstrap (before RL),1.0,nan,0.0,13.975566864013672,0.5824556946754456,0.0
test,A3,15,3,bootstrap (before RL),1.0,0.6666666865348816,7.698057651519775,7.874565601348877,0.5045151710510254,0.0
test,A3,17,3,bootstrap (before RL),1.0,nan,0.0,16.482908248901367,0.6746851205825806,0.0
test,A3,19,3,bootstrap (before RL),0.0,1.4000000953674316,0.0,16.97223472595215,0.3597027063369751,1.0
test,B3,1,3,bootstrap (before RL),1.0,nan,0.0,6.320313453674316,0.8547890782356262,0.0
test,B3,3,3,bootstrap (before RL),1.0,nan,0.0,18.38617515563965,0.6591421961784363,0.0
test,B3,5,3,bootstrap (before RL),1.0,0.7666667103767395,7.1020402908325195,25.4968204498291,0.5627518892288208,0.0
test,B3,7,3,bootstrap (before RL),0.0,0.23333334922790527,7.67683219909668,10.830474853515625,0.5077962279319763,1.0
test,B3,9,3,bootstrap (before RL),1.0,1.100000023841858,4.670254707336426,9.779862403869629,0.7055785655975342,0.0
test,B3,11,3,bootstrap (before RL),1.0,nan,0.0,16.633651733398438,0.7792392373085022,0.0
test,B3,13,3,bootstrap (before RL),0.0,1.1666667461395264,0.0,15.038397789001465,0.6201485395431519,1.0
test,B3,15,3,bootstrap (before RL),1.0,0.8000000715255737,6.072664260864258,10.365408897399902,0.6409724950790405,0.0
test,B3,17,3,bootstrap (before RL),1.0,0.9333333969116211,6.4589080810546875,20.602317810058594,0.7107601165771484,0.0
test,B3,19,3,bootstrap (before RL),0.0,0.46666669845581055,6.944570541381836,10.120600700378418,0.341364324092865,1.0
test,A3,1,4,bootstrap (before RL),0.0,0.9333333969116211,0.0,22.922374725341797,0.7972814440727234,1.0
test,A3,3,4,bootstrap (before RL),1.0,nan,0.0,15.168198585510254,0.751727819442749,0.0
test,A3,5,4,bootstrap (before RL),1.0,nan,0.0,13.603065490722656,0.2829347848892212,0.0
test,A3,7,4,bootstrap (before RL),0.0,0.36666667461395264,7.014792442321777,10.322670936584473,0.7074973583221436,1.0
test,A3,9,4,bootstrap (before RL),0.0,0.8333333730697632,3.2569849491119385,12.71835708618164,0.2514367699623108,1.0
test,A3,11,4,bootstrap (before RL),0.0,1.0,0.0,27.50497817993164,0.47930335998535156,1.0
test,A3,13,4,bootstrap (before RL),1.0,nan,0.0,16.178083419799805,0.4984779357910156,0.0
test,A3,15,4,bootstrap (before RL),0.0,1.1666667461395264,0.0,11.915010452270508,0.5374234914779663,1.0
test,A3,17,4,bootstrap (before RL),1.0,0.9333333969116211,0.0,16.482908248901367,0.5624372959136963,0.0
test,A3,19,4,bootstrap (before RL),0.0,0.46666669845581055,7.881569862365723,11.533461570739746,0.36358189582824707,1.0
test,B3,1,4,bootstrap (before RL),1.0,nan,0.0,11.759227752685547,0.6647773385047913,0.0
test,B3,3,4,bootstrap (before RL),1.0,nan,0.0,27.4023494720459,0.5426340699195862,0.0
test,B3,5,4,bootstrap (before RL),1.0,0.9666666984558105,5.652108192443848,19.59326171875,0.20217454433441162,0.0
test,B3,7,4,bootstrap (before RL),0.0,0.10000000894069672,8.410418510437012,11.629985809326172,0.6705556511878967,1.0
test,B3,9,4,bootstrap (before RL),1.0,0.7000000476837158,6.661728858947754,9.779862403869629,0.5196358561515808,0.0
test,B3,11,4,bootstrap (before RL),1.0,nan,0.0,20.721052169799805,0.5842982530593872,0.0
test,B3,13,4,bootstrap (before RL),1.0,nan,0.0,5.572996616363525,0.5796542763710022,0.0
test,B3,15,4,bootstrap (before RL),1.0,0.6333333849906921,6.365825653076172,12.031928062438965,0.5909970998764038,0.0
test,B3,17,4,bootstrap (before RL),0.0,0.46666669845581055,8.425559997558594,20.050283432006836,0.5675230622291565,1.0
test,B3,19,4,bootstrap (before RL),0.0,0.3333333432674408,6.701493263244629,10.894070625305176,0.288820743560791,1.0
train,A1,1,0,rl_policy_gpu,1.0,nan,0.0,7.810242652893066,0.5663920044898987,0.0
train,A1,3,0,rl_policy_gpu,0.0,0.4333333671092987,7.511190891265869,15.11213493347168,0.3963978886604309,1.0
train,A1,5,0,rl_policy_gpu,0.0,0.13333334028720856,5.726324558258057,15.904911041259766,0.7487094402313232,1.0
train,A1,7,0,rl_policy_gpu,1.0,nan,0.0,10.761709213256836,0.5406128168106079,0.0
train,A1,9,0,rl_policy_gpu,1.0,0.8000000715255737,0.0,15.161850929260254,0.6360384225845337,0.0
train,A1,11,0,rl_policy_gpu,0.0,-0.03333333507180214,5.95576810836792,10.624614715576172,0.6079288721084595,1.0
train,A1,13,0,rl_policy_gpu,0.0,0.5333333611488342,6.522858142852783,15.566357612609863,0.1861620545387268,1.0
train,A1,15,0,rl_policy_gpu,1.0,nan,0.0,7.707726001739502,0.5959892272949219,0.0
train,A1,17,0,rl_policy_gpu,0.0,0.7333333492279053,0.8536412715911865,4.914013862609863,0.6809415817260742,1.0
train,A1,19,0,rl_policy_gpu,0.0,0.10000000894069672,4.673527240753174,7.7771501541137695,0.7607488036155701,1.0
train,A2,1,0,rl_policy_gpu,1.0,nan,0.0,16.1876220703125,0.5807088017463684,0.0
train,A2,3,0,rl_policy_gpu,1.0,nan,0.0,17.968265533447266,0.6428743004798889,0.0
train,A2,5,0,rl_policy_gpu,0.0,0.5,2.7483725547790527,8.502281188964844,0.5207554697990417,1.0
train,A2,7,0,rl_policy_gpu,1.0,0.10000000894069672,3.8757543563842773,9.263607025146484,0.5674793124198914,0.0
train,A2,9,0,rl_policy_gpu,0.0,0.40000003576278687,9.797772407531738,16.88164710998535,0.5513684153556824,1.0
train,A2,11,0,rl_policy_gpu,0.0,0.2666666805744171,5.927987575531006,13.368256568908691,0.38435137271881104,1.0
train,A2,13,0,rl_policy_gpu,0.0,0.6000000238418579,3.148844003677368,13.603846549987793,0.2895229458808899,1.0
train,A2,15,0,rl_policy_gpu,0.0,-0.06666667014360428,9.355572700500488,8.145676612854004,0.5591606497764587,1.0
train,A2,17,0,rl_policy_gpu,0.0,-0.03333333507180214,5.408329963684082,8.342308044433594,0.2441362738609314,1.0
train,A2,19,0,rl_policy_gpu,1.0,1.033333420753479,2.802652597427368,6.960479736328125,0.5750055313110352,0.0
train,B1,1,0,rl_policy_gpu,1.0,-3.633333444595337,10.195202827453613,0.9734041094779968,0.41190534830093384,0.0
train,B1,3,0,rl_policy_gpu,0.0,-0.40000003576278687,8.203418731689453,6.641878128051758,0.6520158052444458,1.0
train,B1,5,0,rl_policy_gpu,0.0,-0.5666667222976685,0.6610879898071289,3.0712311267852783,0.6046175956726074,1.0
train,B1,7,0,rl_policy_gpu,0.0,-0.36666667461395264,3.9922139644622803,5.74442720413208,0.4538164734840393,1.0
train,B1,9,0,rl_policy_gpu,1.0,nan,0.0,7.857028961181641,0.6006444692611694,0.0
train,B1,11,0,rl_policy_gpu,1.0,nan,0.0,20.039810180664062,0.5168290138244629,0.0
train,B1,13,0,rl_policy_gpu,0.0,1.2666667699813843,0.0,7.015921115875244,0.6349738836288452,1.0
train,B1,15,0,rl_policy_gpu,0.0,0.6333333849906921,6.213905334472656,14.962586402893066,0.36760658025741577,1.0
train,B1,17,0,rl_policy_gpu,1.0,nan,0.0,19.728649139404297,0.5740420818328857,0.0
train,B1,19,0,rl_policy_gpu,1.0,nan,0.0,11.503066062927246,0.5637480616569519,0.0
train,B2,1,0,rl_policy_gpu,1.0,nan,0.0,42.5328369140625,0.5860440731048584,0.0
train,B2,3,0,rl_policy_gpu,1.0,nan,0.0,14.286796569824219,0.3784855604171753,0.0
train,B2,5,0,rl_policy_gpu,1.0,0.7000000476837158,2.210557460784912,6.776310443878174,0.582673192024231,0.0
train,B2,7,0,rl_policy_gpu,0.0,0.13333334028720856,4.757955074310303,7.321244239807129,0.6207586526870728,1.0
train,B2,9,0,rl_policy_gpu,1.0,0.46666669845581055,0.8665221333503723,11.726853370666504,0.4847401976585388,0.0
train,B2,11,0,rl_policy_gpu,0.0,-0.2666666805744171,12.485040664672852,8.556517601013184,0.41000962257385254,1.0
train,B2,13,0,rl_policy_gpu,0.0,0.6333333849906921,5.405002593994141,11.454197883605957,0.23784416913986206,1.0
train,B2,15,0,rl_policy_gpu,0.0,0.5,3.0628209114074707,5.311333179473877,0.33203136920928955,1.0
train,B2,17,0,rl_policy_gpu,1.0,nan,0.0,7.887029647827148,0.44349509477615356,0.0
train,B2,19,0,rl_policy_gpu,0.0,-0.23333334922790527,3.8904027938842773,4.571848392486572,0.34121793508529663,1.0
train,A1,1,1,rl_policy_gpu,0.0,0.7333333492279053,2.963348388671875,7.810242652893066,0.5875223278999329,1.0
train,A1,3,1,rl_policy_gpu,0.0,0.5,3.283362627029419,15.11213493347168,0.3061028718948364,1.0
train,A1,5,1,rl_policy_gpu,0.0,0.1666666716337204,5.939364910125732,15.904911041259766,0.7196526527404785,1.0
train,A1,7,1,rl_policy_gpu,0.0,-0.03333333507180214,4.104135036468506,10.761709213256836,0.3591676354408264,1.0
train,A1,9,1,rl_policy_gpu,1.0,nan,0.0,28.33949089050293,0.6379171013832092,0.0
train,A1,11,1,rl_policy_gpu,0.0,0.0,5.871458530426025,10.624614715576172,0.7231245040893555,1.0
train,A1,13,1,rl_policy_gpu,0.0,0.7666667103767395,1.8482811450958252,15.566357612609863,0.09564095735549927,1.0
train,A1,15,1,rl_policy_gpu,1.0,nan,0.0,7.707726001739502,0.5615676641464233,0.0
train,A1,17,1,rl_policy_gpu,1.0,nan,0.0,4.914013862609863,0.4996323585510254,0.0
train,A1,19,1,rl_policy_gpu,1.0,0.7333333492279053,0.8822512626647949,7.7771501541137695,0.6844484806060791,0.0
train,A2,1,1,rl_policy_gpu,1.0,nan,0.0,12.285677909851074,0.729286789894104,0.0
train,A2,3,1,rl_policy_gpu,1.0,nan,0.0,17.968265533447266,0.6819944381713867,0.0
train,A2,5,1,rl_policy_gpu,0.0,0.6666666865348816,2.138880968093872,8.502281188964844,0.6383177042007446,1.0
train,A2,7,1,rl_policy_gpu,1.0,nan,0.0,9.263607025146484,0.5449833273887634,0.0
train,A2,9,1,rl_policy_gpu,1.0,0.6666666865348816,1.48908269405365,16.88164710998535,0.6225301027297974,0.0
train,A2,11,1,rl_policy_gpu,0.0,0.8333333730697632,2.3453755378723145,13.368256568908691,0.3584067225456238,1.0
train,A2,13,1,rl_policy_gpu,0.0,0.7666667103767395,4.321262836456299,13.603846549987793,0.2824919819831848,1.0
train,A2,15,1,rl_policy_gpu,1.0,nan,0.0,8.145676612854004,0.5562256574630737,0.0
train,A2,17,1,rl_policy_gpu,0.0,0.03333333507180214,5.599728584289551,8.342308044433594,0.19119274616241455,1.0
train,A2,19,1,rl_policy_gpu,1.0,nan,0.0,12.328831672668457,0.7133066654205322,0.0
train,B1,1,1,rl_policy_gpu,1.0,0.7333333492279053,3.6218855381011963,13.155226707458496,0.5130397081375122,0.0
train,B1,3,1,rl_policy_gpu,1.0,nan,0.0,16.54802131652832,0.6435281038284302,0.0
train,B1,5,1,rl_policy_gpu,0.0,-0.20000001788139343,7.4370832443237305,5.350823879241943,0.9381688833236694,1.0
train,B1,7,1,rl_policy_gpu,1.0,0.4333333671092987,3.9963345527648926,7.362433433532715,0.5276467800140381,0.0
train,B1,9,1,rl_policy_gpu,0.0,0.8000000715255737,1.1196794509887695,7.857028961181641,0.11078357696533203,1.0
train,B1,11,1,rl_policy_gpu,0.0,0.8666667342185974,1.7088831663131714,6.944350242614746,0.1259291172027588,1.0
train,B1,13,1,rl_policy_gpu,1.0,nan,0.0,7.015921115875244,0.46664273738861084,0.0
train,B1,15,1,rl_policy_gpu,1.0,0.7000000476837158,2.646500587463379,14.962586402893066,0.5666595697402954,0.0
train,B1,17,1,rl_policy_gpu,0.0,1.3333333730697632,1.0462031364440918,14.374488830566406,0.2283949851989746,1.0
train,B1,19,1,rl_policy_gpu,0.0,1.033333420753479,0.0,10.739047050476074,0.298084557056427,1.0
train,B2,1,1,rl_policy_gpu,1.0,nan,0.0,6.142112731933594,0.6671574115753174,0.0
train,B2,3,1,rl_policy_gpu,1.0,nan,0.0,14.286796569824219,0.5853922963142395,0.0
train,B2,5,1,rl_policy_gpu,1.0,0.9333333969116211,6.348359107971191,8.111517906188965,0.5675596594810486,0.0
train,B2,7,1,rl_policy_gpu,0.0,0.3333333432674408,3.7323110103607178,7.321244239807129,0.6219010353088379,1.0
train,B2,9,1,rl_policy_gpu,1.0,0.8666667342185974,2.9123685359954834,11.726853370666504,0.5649939775466919,0.0
train,B2,11,1,rl_policy_gpu,0.0,0.5666667222976685,7.577901363372803,31.48113250732422,0.33568882942199707,1.0
train,B2,13,1,rl_policy_gpu,0.0,-0.1666666716337204,6.988833427429199,11.454197883605957,0.5465892553329468,1.0
train,B2,15,1,rl_policy_gpu,0.0,0.5666667222976685,2.0814621448516846,5.311333179473877,0.5305086374282837,1.0
train,B2,17,1,rl_policy_gpu,1.0,0.6666666865348816,3.2945568561553955,7.887029647827148,0.6824951767921448,0.0
train,B2,19,1,rl_policy_gpu,1.0,1.1666667461395264,3.386444330215454,22.88149070739746,0.6106035709381104,0.0
train,A1,1,2,rl_policy_gpu,1.0,nan,0.0,7.810242652893066,0.6289374232292175,0.0
train,A1,3,2,rl_policy_gpu,0.0,0.46666669845581055,5.243396759033203,15.11213493347168,0.3351808786392212,1.0
train,A1,5,2,rl_policy_gpu,0.0,0.1666666716337204,5.115808010101318,15.904911041259766,0.7636531591415405,1.0
train,A1,7,2,rl_policy_gpu,0.0,0.4333333671092987,1.8193057775497437,10.761709213256836,0.0,1.0
train,A1,9,2,rl_policy_gpu,1.0,nan,0.0,15.161850929260254,0.5562127828598022,0.0
train,A1,11,2,rl_policy_gpu,0.0,0.0,4.75752592086792,10.624614715576172,0.7054125666618347,1.0
train,A1,13,2,rl_policy_gpu,1.0,nan,0.0,15.566357612609863,0.4732096195220947,0.0
train,A1,15,2,rl_policy_gpu,1.0,nan,0.0,7.707726001739502,0.6364438533782959,0.0
train,A1,17,2,rl_policy_gpu,1.0,nan,0.0,4.914013862609863,0.6361470818519592,0.0
train,A1,19,2,rl_policy_gpu,1.0,0.7333333492279053,0.6697394847869873,12.885162353515625,0.5996898412704468,0.0
train,A2,1,2,rl_policy_gpu,1.0,nan,0.0,8.342877388000488,0.4916072487831116,0.0
train,A2,3,2,rl_policy_gpu,1.0,nan,0.0,17.968265533447266,0.43898624181747437,0.0
train,A2,5,2,rl_policy_gpu,0.0,0.0,3.8519930839538574,8.502281188964844,0.8130373954772949,1.0
train,A2,7,2,rl_policy_gpu,0.0,0.06666667014360428,7.190217971801758,9.263607025146484,0.744907796382904,1.0
train,A2,9,2,rl_policy_gpu,1.0,nan,0.0,16.88164710998535,0.6227480173110962,0.0
train,A2,11,2,rl_policy_gpu,0.0,0.30000001192092896,6.844429969787598,13.368256568908691,0.4071280360221863,1.0
train,A2,13,2,rl_policy_gpu,1.0,nan,0.0,13.603846549987793,0.5117155313491821,0.0
train,A2,15,2,rl_policy_gpu,0.0,-0.06666667014360428,9.737748146057129,8.145676612854004,0.7879613637924194,1.0
train,A2,17,2,rl_policy_gpu,0.0,0.20000001788139343,4.881112575531006,8.342308044433594,0.2927747368812561,1.0
train,A2,19,2,rl_policy_gpu,0.0,0.4333333671092987,8.384601593017578,11.521347999572754,0.5242047905921936,1.0
train,B1,1,2,rl_policy_gpu,0.0,-2.633333444595337,10.997276306152344,1.5306963920593262,0.7892976999282837,1.0
train,B1,3,2,rl_policy_gpu,1.0,nan,0.0,16.54802131652832,0.4886484742164612,0.0
train,B1,5,2,rl_policy_gpu,0.0,-0.13333334028720856,7.802457332611084,5.350823879241943,0.6577718257904053,1.0
train,B1,7,2,rl_policy_gpu,1.0,0.2666666805744171,11.323891639709473,20.868242263793945,0.5303323268890381,0.0
train,B1,9,2,rl_policy_gpu,1.0,nan,0.0,35.972469329833984,0.5053266286849976,0.0
train,B1,11,2,rl_policy_gpu,0.0,-0.10000000894069672,5.520350456237793,6.944350242614746,0.1433333158493042,1.0
train,B1,13,2,rl_policy_gpu,0.0,-0.10000000894069672,7.586376667022705,7.015921115875244,0.8400198221206665,1.0
train,B1,15,2,rl_policy_gpu,1.0,1.133333444595337,1.0025031566619873,30.504804611206055,0.614143967628479,0.0
train,B1,17,2,rl_policy_gpu,0.0,0.06666667014360428,9.099934577941895,14.374488830566406,0.4644486904144287,1.0
train,B1,19,2,rl_policy_gpu,0.0,0.03333333507180214,5.594299793243408,10.739047050476074,0.26762598752975464,1.0
train,B2,1,2,rl_policy_gpu,1.0,-1.8000000715255737,4.267920970916748,2.3888461589813232,0.4191306233406067,0.0
train,B2,3,2,rl_policy_gpu,1.0,nan,0.0,14.286796569824219,0.41094261407852173,0.0
train,B2,5,2,rl_policy_gpu,0.0,-0.5333333611488342,10.2691650390625,2.914501667022705,0.47060829401016235,1.0
train,B2,7,2,rl_policy_gpu,0.0,0.10000000894069672,5.872412204742432,7.321244239807129,0.6011863946914673,1.0
train,B2,9,2,rl_policy_gpu,1.0,nan,0.0,11.726853370666504,0.5460313558578491,0.0
train,B2,11,2,rl_policy_gpu,0.0,-0.06666667014360428,11.037385940551758,8.556517601013184,0.43730098009109497,1.0
train,B2,13,2,rl_policy_gpu,1.0,0.8666667342185974,4.776996612548828,11.454197883605957,0.47075051069259644,0.0
train,B2,15,2,rl_policy_gpu,1.0,0.10000000894069672,11.506330490112305,16.81355857849121,0.48729825019836426,0.0
train,B2,17,2,rl_policy_gpu,0.0,0.0,7.276885032653809,7.887029647827148,0.10273921489715576,1.0
train,B2,19,2,rl_policy_gpu,1.0,0.2666666805744171,6.9416985511779785,26.746978759765625,0.4464428424835205,0.0
train,A1,1,3,rl_policy_gpu,1.0,nan,0.0,7.810242652893066,0.5742373466491699,0.0
train,A1,3,3,rl_policy_gpu,0.0,0.4333333671092987,5.403104782104492,15.11213493347168,0.3432926535606384,1.0
train,A1,5,3,rl_policy_gpu,0.0,0.13333334028720856,5.613758563995361,15.904911041259766,0.738653302192688,1.0
train,A1,7,3,rl_policy_gpu,1.0,nan,0.0,10.761709213256836,0.6205863952636719,0.0
train,A1,9,3,rl_policy_gpu,1.0,nan,0.0,15.161850929260254,0.630132794380188,0.0
train,A1,11,3,rl_policy_gpu,0.0,1.1666667461395264,5.56997537612915,11.493561744689941,0.4959729313850403,1.0
train,A1,13,3,rl_policy_gpu,0.0,0.5666667222976685,4.553825855255127,15.566357612609863,0.13951021432876587,1.0
train,A1,15,3,rl_policy_gpu,1.0,nan,0.0,7.707726001739502,0.6167305707931519,0.0
train,A1,17,3,rl_policy_gpu,1.0,nan,0.0,4.914013862609863,0.56285160779953,0.0
train,A1,19,3,rl_policy_gpu,0.0,0.13333334028720856,2.8019118309020996,7.7771501541137695,0.457298219203949,1.0
train,A2,1,3,rl_policy_gpu,1.0,nan,0.0,11.782645225524902,0.6201702952384949,0.0
train,A2,3,3,rl_policy_gpu,1.0,nan,0.0,17.968265533447266,0.5838243365287781,0.0
train,A2,5,3,rl_policy_gpu,0.0,-0.03333333507180214,3.8455862998962402,8.502281188964844,0.41434723138809204,1.0
train,A2,7,3,rl_policy_gpu,1.0,nan,0.0,9.263607025146484,0.5697741508483887,0.0
train,A2,9,3,rl_policy_gpu,1.0,0.7666667103767395,0.3102155923843384,21.454042434692383,0.6840642094612122,0.0
train,A2,11,3,rl_policy_gpu,1.0,0.9000000357627869,4.207991123199463,13.368256568908691,0.5279378890991211,0.0
train,A2,13,3,rl_policy_gpu,0.0,0.6666666865348816,3.023069143295288,13.603846549987793,0.29145658016204834,1.0
train,A2,15,3,rl_policy_gpu,0.0,-0.10000000894069672,9.480822563171387,8.145676612854004,0.6169370412826538,1.0
train,A2,17,3,rl_policy_gpu,0.0,0.0,5.411636829376221,8.342308044433594,0.14176183938980103,1.0
train,A2,19,3,rl_policy_gpu,0.0,1.133333444595337,0.0,6.960479736328125,0.5725860595703125,1.0
train,B1,1,3,rl_policy_gpu,0.0,-3.633333444595337,3.768272638320923,0.9734041094779968,0.42756903171539307,1.0
train,B1,3,3,rl_policy_gpu,0.0,-0.40000003576278687,8.17175579071045,6.641878128051758,0.5790947079658508,1.0
train,B1,5,3,rl_policy_gpu,0.0,0.8333333730697632,1.1795554161071777,5.350823879241943,0.47392481565475464,1.0
train,B1,7,3,rl_policy_gpu,0.0,-0.3333333432674408,3.949427604675293,5.74442720413208,0.35464751720428467,1.0
train,B1,9,3,rl_policy_gpu,1.0,-0.23333334922790527,5.353329658508301,7.857028961181641,0.6086021065711975,0.0
train,B1,11,3,rl_policy_gpu,1.0,nan,0.0,17.83479118347168,0.6156618595123291,0.0
train,B1,13,3,rl_policy_gpu,1.0,nan,0.0,7.015921115875244,0.5199974775314331,0.0
train,B1,15,3,rl_policy_gpu,0.0,0.6333333849906921,5.291984558105469,14.962586402893066,0.4090759754180908,1.0
train,B1,17,3,rl_policy_gpu,1.0,0.46666669845581055,8.281167984008789,28.08989906311035,0.501753032207489,0.0
train,B1,19,3,rl_policy_gpu,0.0,0.0,5.4531989097595215,10.739047050476074,0.27973395586013794,1.0
train,B2,1,3,rl_policy_gpu,0.0,-2.933333396911621,1.8990528583526611,0.9810452461242676,0.25515836477279663,1.0
train,B2,3,3,rl_policy_gpu,1.0,nan,0.0,14.286796569824219,0.5311914086341858,0.0
train,B2,5,3,rl_policy_gpu,1.0,0.9333333969116211,2.5804572105407715,12.899558067321777,0.5022225379943848,0.0
train,B2,7,3,rl_policy_gpu,0.0,0.1666666716337204,5.147445201873779,7.321244239807129,0.6102866530418396,1.0
train,B2,9,3,rl_policy_gpu,1.0,0.6333333849906921,6.0809550285339355,11.726853370666504,0.529718279838562,0.0
train,B2,11,3,rl_policy_gpu,0.0,-0.23333334922790527,10.872977256774902,8.556517601013184,0.2660676836967468,1.0
train,B2,13,3,rl_policy_gpu,0.0,1.5000001192092896,6.271008491516113,11.454197883605957,0.28913384675979614,1.0
train,B2,15,3,rl_policy_gpu,0.0,0.7666667103767395,1.4315121173858643,5.311333179473877,0.38789939880371094,1.0
train,B2,17,3,rl_policy_gpu,1.0,nan,0.0,7.887029647827148,0.6035550832748413,0.0
train,B2,19,3,rl_policy_gpu,0.0,-0.3333333432674408,3.934880018234253,4.571848392486572,0.41925543546676636,1.0
train,A1,1,4,rl_policy_gpu,0.0,0.7000000476837158,2.916201114654541,7.810242652893066,0.5936568975448608,1.0
train,A1,3,4,rl_policy_gpu,0.0,0.5,3.0341453552246094,15.11213493347168,0.300936758518219,1.0
train,A1,5,4,rl_policy_gpu,0.0,0.1666666716337204,6.234124183654785,15.904911041259766,0.6984870433807373,1.0
train,A1,7,4,rl_policy_gpu,0.0,0.6666666865348816,1.353757619857788,10.761709213256836,0.0,1.0
train,A1,9,4,rl_policy_gpu,1.0,nan,0.0,25.472021102905273,0.6637768745422363,0.0
train,A1,11,4,rl_policy_gpu,0.0,0.4333333671092987,5.009802341461182,10.624614715576172,0.6311981678009033,1.0
train,A1,13,4,rl_policy_gpu,0.0,0.6000000238418579,3.529651641845703,15.566357612609863,0.0973365306854248,1.0
train,A1,15,4,rl_policy_gpu,1.0,nan,0.0,7.707726001739502,0.5175870060920715,0.0
train,A1,17,4,rl_policy_gpu,1.0,nan,0.0,4.914013862609863,0.471136212348938,0.0
train,A1,19,4,rl_policy_gpu,0.0,0.7666667103767395,2.4022035598754883,7.7771501541137695,0.6519775986671448,1.0
train,A2,1,4,rl_policy_gpu,1.0,nan,0.0,7.938312530517578,0.4508916735649109,0.0
train,A2,3,4,rl_policy_gpu,1.0,nan,0.0,17.968265533447266,0.42675936222076416,0.0
train,A2,5,4,rl_policy_gpu,0.0,0.5,2.3710670471191406,8.502281188964844,0.6770508885383606,1.0
train,A2,7,4,rl_policy_gpu,1.0,nan,0.0,9.263607025146484,0.5046810507774353,0.0
train,A2,9,4,rl_policy_gpu,0.0,0.1666666716337204,8.713274955749512,16.88164710998535,0.6203677654266357,1.0
train,A2,11,4,rl_policy_gpu,0.0,0.8666667342185974,2.1126322746276855,13.368256568908691,0.3443078398704529,1.0
train,A2,13,4,rl_policy_gpu,0.0,0.8000000715255737,4.533048629760742,13.603846549987793,0.27377820014953613,1.0
train,A2,15,4,rl_policy_gpu,0.0,0.9333333969116211,0.0,8.145676612854004,0.6099467277526855,1.0
train,A2,17,4,rl_policy_gpu,0.0,0.06666667014360428,6.210882663726807,8.342308044433594,0.11715489625930786,1.0
train,A2,19,4,rl_policy_gpu,0.0,0.8666667342185974,3.6543993949890137,6.960479736328125,0.5669598579406738,1.0
train,B1,1,4,rl_policy_gpu,1.0,nan,0.0,9.669513702392578,0.3470478057861328,0.0
train,B1,3,4,rl_policy_gpu,1.0,nan,0.0,16.54802131652832,0.3908277750015259,0.0
train,B1,5,4,rl_policy_gpu,0.0,-0.20000001788139343,8.87428092956543,5.350823879241943,0.8255653977394104,1.0
train,B1,7,4,rl_policy_gpu,1.0,nan,0.0,9.120262145996094,0.5243716239929199,0.0
train,B1,9,4,rl_policy_gpu,1.0,nan,0.0,8.06561279296875,0.4137943387031555,0.0
train,B1,11,4,rl_policy_gpu,0.0,-0.13333334028720856,4.59490966796875,6.944350242614746,0.11676585674285889,1.0
train,B1,13,4,rl_policy_gpu,1.0,nan,0.0,7.015921115875244,0.4640287160873413,0.0
train,B1,15,4,rl_policy_gpu,1.0,0.5333333611488342,3.0315961837768555,14.962586402893066,0.45014315843582153,0.0
train,B1,17,4,rl_policy_gpu,0.0,0.0,10.841842651367188,14.374488830566406,0.19750094413757324,1.0
train,B1,19,4,rl_policy_gpu,0.0,0.5333333611488342,5.71904182434082,10.739047050476074,0.2205069661140442,1.0
train,B2,1,4,rl_policy_gpu,0.0,-1.9666668176651,4.815490245819092,2.6758761405944824,0.5313723087310791,1.0
train,B2,3,4,rl_policy_gpu,1.0,nan,0.0,14.286796569824219,0.2980400323867798,0.0
train,B2,5,4,rl_policy_gpu,0.0,0.46666669845581055,3.0270097255706787,10.639082908630371,0.4470430016517639,1.0
train,B2,7,4,rl_policy_gpu,0.0,0.23333334922790527,4.9187140464782715,7.321244239807129,0.6078832149505615,1.0
train,B2,9,4,rl_policy_gpu,0.0,0.13333334028720856,8.296211242675781,23.06437873840332,0.8669931888580322,1.0
train,B2,11,4,rl_policy_gpu,0.0,-0.20000001788139343,13.37895679473877,8.556517601013184,0.2314891815185547,1.0
train,B2,13,4,rl_policy_gpu,0.0,-0.1666666716337204,7.7985124588012695,11.454197883605957,0.459242582321167,1.0
train,B2,15,4,rl_policy_gpu,0.0,0.5333333611488342,3.903515100479126,5.311333179473877,0.4031703472137451,1.0
train,B2,17,4,rl_policy_gpu,0.0,0.6333333849906921,1.8202829360961914,7.887029647827148,0.10407626628875732,0.0
train,B2,19,4,rl_policy_gpu,1.0,0.8333333730697632,3.6794369220733643,35.0258903503418,0.43816977739334106,0.0
train,A1,1,0,bootstrap (before RL),0.0,0.7333333492279053,3.2446768283843994,7.810242652893066,0.6073309183120728,1.0
train,A1,3,0,bootstrap (before RL),0.0,0.6666666865348816,4.933906078338623,15.11213493347168,0.3931503891944885,1.0
train,A1,5,0,bootstrap (before RL),0.0,0.3333333432674408,4.746693134307861,15.904911041259766,0.7328668832778931,1.0
train,A1,7,0,bootstrap (before RL),0.0,0.5,0.7694618701934814,10.761709213256836,0.0,1.0
train,A1,9,0,bootstrap (before RL),1.0,nan,0.0,15.161850929260254,0.7118055820465088,0.0
train,A1,11,0,bootstrap (before RL),0.0,0.1666666716337204,3.41198992729187,10.624614715576172,0.748985767364502,1.0
train,A1,13,0,bootstrap (before RL),0.0,0.7666667103767395,3.156128406524658,15.566357612609863,0.1347915530204773,1.0
train,A1,15,0,bootstrap (before RL),1.0,nan,0.0,7.707726001739502,0.6248536109924316,0.0
train,A1,17,0,bootstrap (before RL),1.0,nan,0.0,4.914013862609863,0.5696306228637695,0.0
train,A1,19,0,bootstrap (before RL),0.0,0.6666666865348816,7.6292853355407715,11.807621002197266,0.492703378200531,1.0
train,A2,1,0,bootstrap (before RL),1.0,nan,0.0,31.669689178466797,0.6982864141464233,0.0
train,A2,3,0,bootstrap (before RL),1.0,1.2000000476837158,0.0,17.968265533447266,0.37652361392974854,0.0
train,A2,5,0,bootstrap (before RL),0.0,0.0,7.239663124084473,8.502281188964844,0.6385785341262817,1.0
train,A2,7,0,bootstrap (before RL),0.0,0.06666667014360428,8.87927532196045,9.263607025146484,0.6743009090423584,1.0
train,A2,9,0,bootstrap (before RL),0.0,0.8333333730697632,0.0,16.88164710998535,0.5683109760284424,1.0
train,A2,11,0,bootstrap (before RL),0.0,0.3333333432674408,6.903624057769775,13.368256568908691,0.41354793310165405,1.0
train,A2,13,0,bootstrap (before RL),0.0,0.5666667222976685,3.9669127464294434,13.603846549987793,0.2865254878997803,1.0
train,A2,15,0,bootstrap (before RL),0.0,0.03333333507180214,8.39890193939209,8.145676612854004,0.6186481714248657,1.0
train,A2,17,0,bootstrap (before RL),0.0,0.06666667014360428,5.635708808898926,8.342308044433594,0.17592543363571167,1.0
train,A2,19,0,bootstrap (before RL),1.0,0.7666667103767395,8.422651290893555,11.79004955291748,0.6261117458343506,0.0
train,B1,1,0,bootstrap (before RL),0.0,-0.5333333611488342,5.077549934387207,3.811192035675049,0.8059588670730591,1.0
train,B1,3,0,bootstrap (before RL),1.0,nan,0.0,16.54802131652832,0.6844525337219238,0.0
train,B1,5,0,bootstrap (before RL),0.0,-0.10000000894069672,7.428448677062988,5.350823879241943,0.6620738506317139,1.0
train,B1,7,0,bootstrap (before RL),0.0,0.6333333849906921,6.225229263305664,14.080585479736328,0.751079797744751,1.0
train,B1,9,0,bootstrap (before RL),1.0,nan,0.0,31.861480712890625,0.5550967454910278,0.0
train,B1,11,0,bootstrap (before RL),0.0,-0.23333334922790527,5.916470050811768,6.944350242614746,0.3057401776313782,1.0
train,B1,13,0,bootstrap (before RL),0.0,-0.1666666716337204,8.616971969604492,7.015921115875244,0.6756871938705444,1.0
train,B1,15,0,bootstrap (before RL),1.0,0.9333333969116211,5.80894660949707,23.414512634277344,0.5710889101028442,0.0
train,B1,17,0,bootstrap (before RL),0.0,0.03333333507180214,9.394582748413086,14.374488830566406,0.2967005968093872,1.0
train,B1,19,0,bootstrap (before RL),0.0,0.20000001788139343,5.801694393157959,10.739047050476074,0.5704718828201294,1.0
train,B2,1,0,bootstrap (before RL),1.0,nan,0.0,44.24246597290039,0.47689664363861084,0.0
train,B2,3,0,bootstrap (before RL),0.0,0.6333333849906921,4.804314136505127,14.286796569824219,0.2601720690727234,1.0
train,B2,5,0,bootstrap (before RL),0.0,-0.1666666716337204,8.098159790039062,5.915928363800049,0.7069616317749023,1.0
train,B2,7,0,bootstrap (before RL),0.0,0.23333334922790527,6.944119930267334,7.321244239807129,0.6274619102478027,1.0
train,B2,9,0,bootstrap (before RL),1.0,0.8333333730697632,8.369338035583496,25.092750549316406,0.5309406518936157,0.0
train,B2,11,0,bootstrap (before RL),0.0,0.06666667014360428,8.89387321472168,15.268375396728516,0.32753610610961914,1.0
train,B2,13,0,bootstrap (before RL),0.0,0.06666667014360428,6.400238990783691,11.454197883605957,0.4985126852989197,1.0
train,B2,15,0,bootstrap (before RL),0.0,-0.06666667014360428,5.852916717529297,5.311333179473877,0.5443066358566284,1.0
train,B2,17,0,bootstrap (before RL),1.0,nan,0.0,34.08931350708008,0.5933655500411987,0.0
train,B2,19,0,bootstrap (before RL),0.0,0.6333333849906921,6.689216136932373,32.021392822265625,0.7298644781112671,1.0
train,A1,1,1,bootstrap (before RL),0.0,0.6333333849906921,5.650056838989258,7.810242652893066,0.602602481842041,0.0
train,A1,3,1,bootstrap (before RL),0.0,0.6666666865348816,2.9278910160064697,15.11213493347168,0.33516889810562134,1.0
train,A1,5,1,bootstrap (before RL),0.0,0.2666666805744171,5.292027473449707,15.904911041259766,0.7002919316291809,1.0
train,A1,7,1,bootstrap (before RL),0.0,0.6333333849906921,1.460173487663269,10.761709213256836,0.0,1.0
train,A1,9,1,bootstrap (before RL),1.0,nan,0.0,15.161850929260254,0.6560042500495911,0.0
train,A1,11,1,bootstrap (before RL),0.0,0.1666666716337204,4.234692096710205,10.624614715576172,0.8047168850898743,1.0
train,A1,13,1,bootstrap (before RL),0.0,1.0666667222976685,1.8256216049194336,15.566357612609863,0.1453930139541626,1.0
train,A1,15,1,bootstrap (before RL),1.0,nan,0.0,7.707726001739502,0.5894310474395752,0.0
train,A1,17,1,bootstrap (before RL),0.0,0.0,6.2892656326293945,4.914013862609863,0.6769772171974182,1.0
train,A1,19,1,bootstrap (before RL),0.0,0.5,8.730266571044922,12.614202499389648,0.5749465227127075,1.0
train,A2,1,1,bootstrap (before RL),1.0,nan,0.0,31.46596336364746,0.7938073873519897,0.0
train,A2,3,1,bootstrap (before RL),0.0,0.7666667103767395,1.7798535823822021,17.968265533447266,0.25596827268600464,1.0
train,A2,5,1,bootstrap (before RL),0.0,0.0,6.839949607849121,8.502281188964844,0.7166261672973633,1.0
train,A2,7,1,bootstrap (before RL),0.0,0.06666667014360428,9.187077522277832,9.263607025146484,0.7501360774040222,1.0
train,A2,9,1,bootstrap (before RL),1.0,0.5666667222976685,6.699522495269775,16.88164710998535,0.6458194255828857,0.0
train,A2,11,1,bootstrap (before RL),0.0,0.6000000238418579,4.070831298828125,13.368256568908691,0.3607946038246155,1.0
train,A2,13,1,bootstrap (before RL),0.0,0.7666667103767395,5.651263236999512,13.603846549987793,0.24665385484695435,1.0
train,A2,15,1,bootstrap (before RL),0.0,0.03333333507180214,7.026932239532471,8.145676612854004,0.7392472624778748,1.0
train,A2,17,1,bootstrap (before RL),0.0,0.06666667014360428,7.188112735748291,8.342308044433594,0.08921051025390625,1.0
train,A2,19,1,bootstrap (before RL),0.0,0.6666666865348816,8.957674980163574,12.571571350097656,0.5406239628791809,1.0
train,B1,1,1,bootstrap (before RL),0.0,-0.3333333432674408,2.222580909729004,3.811192035675049,0.7716897130012512,1.0
train,B1,3,1,bootstrap (before RL),1.0,nan,0.0,16.54802131652832,0.7354055643081665,0.0
train,B1,5,1,bootstrap (before RL),0.0,-0.10000000894069672,9.223002433776855,5.350823879241943,0.6356241703033447,1.0
train,B1,7,1,bootstrap (before RL),0.0,0.03333333507180214,6.714247703552246,10.832433700561523,0.6663497686386108,1.0
train,B1,9,1,bootstrap (before RL),0.0,1.100000023841858,0.0,33.77471160888672,0.3259267807006836,1.0
train,B1,11,1,bootstrap (before RL),0.0,0.03333333507180214,4.902670383453369,6.944350242614746,0.37656307220458984,1.0
train,B1,13,1,bootstrap (before RL),0.0,-0.20000001788139343,8.437446594238281,7.015921115875244,0.6726838946342468,1.0
train,B1,15,1,bootstrap (before RL),1.0,0.8333333730697632,5.962255477905273,23.870040893554688,0.5869112014770508,0.0
train,B1,17,1,bootstrap (before RL),1.0,0.6666666865348816,5.993502140045166,29.419466018676758,0.5447007417678833,0.0
train,B1,19,1,bootstrap (before RL),0.0,0.10000000894069672,7.4907989501953125,10.739047050476074,0.3286237120628357,1.0
train,B2,1,1,bootstrap (before RL),1.0,nan,0.0,44.676849365234375,0.45916301012039185,0.0
train,B2,3,1,bootstrap (before RL),0.0,0.6666666865348816,2.854100227355957,14.286796569824219,0.0,1.0
train,B2,5,1,bootstrap (before RL),0.0,-0.1666666716337204,8.028162956237793,5.915928363800049,0.6429671049118042,1.0
train,B2,7,1,bootstrap (before RL),0.0,0.13333334028720856,5.9008026123046875,7.321244239807129,0.6357357501983643,1.0
train,B2,9,1,bootstrap (before RL),0.0,1.033333420753479,5.700960636138916,20.654685974121094,0.6260249614715576,1.0
train,B2,11,1,bootstrap (before RL),1.0,0.20000001788139343,7.016897201538086,18.099260330200195,0.5557924509048462,0.0
train,B2,13,1,bootstrap (before RL),0.0,-0.03333333507180214,8.35227108001709,11.454197883605957,0.32577401399612427,1.0
train,B2,15,1,bootstrap (before RL),0.0,-0.10000000894069672,6.616253852844238,5.311333179473877,0.5928963422775269,1.0
train,B2,17,1,bootstrap (before RL),0.0,-0.03333333507180214,3.744621753692627,7.887029647827148,0.44002366065979004,1.0
train,B2,19,1,bootstrap (before RL),0.0,0.7666667103767395,4.990817546844482,30.959001541137695,0.6902120113372803,1.0
train,A1,1,2,bootstrap (before RL),0.0,0.6333333849906921,3.270071029663086,7.810242652893066,0.6295146942138672,1.0
train,A1,3,2,bootstrap (before RL),0.0,0.6000000238418579,4.043414115905762,15.11213493347168,0.3580123782157898,1.0
train,A1,5,2,bootstrap (before RL),0.0,0.20000001788139343,4.70864725112915,15.904911041259766,0.770654022693634,1.0
train,A1,7,2,bootstrap (before RL),0.0,0.5,1.410478949546814,10.761709213256836,0.0,1.0
train,A1,9,2,bootstrap (before RL),1.0,nan,0.0,15.161850929260254,0.5485531091690063,0.0
train,A1,11,2,bootstrap (before RL),0.0,0.03333333507180214,6.348430633544922,10.624614715576172,0.771389901638031,1.0
train,A1,13,2,bootstrap (before RL),1.0,nan,0.0,15.566357612609863,0.45942091941833496,0.0
train,A1,15,2,bootstrap (before RL),1.0,nan,0.0,7.707726001739502,0.6409820318222046,0.0
train,A1,17,2,bootstrap (before RL),1.0,nan,0.0,4.914013862609863,0.6400806903839111,0.0
train,A1,19,2,bootstrap (before RL),1.0,0.9000000357627869,0.0,19.198671340942383,0.5958841443061829,0.0
train,A2,1,2,bootstrap (before RL),1.0,nan,0.0,18.994770050048828,0.5700469017028809,0.0
train,A2,3,2,bootstrap (before RL),1.0,nan,0.0,17.968265533447266,0.4772033095359802,0.0
train,A2,5,2,bootstrap (before RL),0.0,0.0,5.872425556182861,8.502281188964844,0.8002439737319946,1.0
train,A2,7,2,bootstrap (before RL),1.0,nan,0.0,9.263607025146484,0.6548082828521729,0.0
train,A2,9,2,bootstrap (before RL),1.0,nan,0.0,27.965112686157227,0.6433656215667725,0.0
train,A2,11,2,bootstrap (before RL),0.0,0.36666667461395264,5.476284027099609,13.368256568908691,0.4117894768714905,1.0
train,A2,13,2,bootstrap (before RL),1.0,nan,0.0,13.603846549987793,0.5198783874511719,0.0
train,A2,15,2,bootstrap (before RL),0.0,-0.03333333507180214,9.830663681030273,8.145676612854004,0.8166961073875427,1.0
train,A2,17,2,bootstrap (before RL),0.0,0.20000001788139343,6.6278486251831055,8.342308044433594,0.16721564531326294,1.0
train,A2,19,2,bootstrap (before RL),0.0,0.9666666984558105,7.633870601654053,13.768800735473633,0.5451434254646301,1.0
train,B1,1,2,bootstrap (before RL),0.0,-0.36666667461395264,2.8143863677978516,3.811192035675049,0.3820006847381592,1.0
train,B1,3,2,bootstrap (before RL),1.0,nan,0.0,16.58820915222168,0.5692578554153442,0.0
train,B1,5,2,bootstrap (before RL),0.0,-0.1666666716337204,8.495240211486816,5.350823879241943,0.8594696521759033,1.0
train,B1,7,2,bootstrap (before RL),0.0,1.1666667461395264,0.0,24.324384689331055,0.6760266423225403,1.0
train,B1,9,2,bootstrap (before RL),1.0,nan,0.0,32.5051155090332,0.5067997574806213,0.0
train,B1,11,2,bootstrap (before RL),0.0,-0.10000000894069672,4.065533638000488,6.944350242614746,0.5024293661117554,1.0
train,B1,13,2,bootstrap (before RL),0.0,-0.13333334028720856,7.792819023132324,7.015921115875244,0.8193718194961548,1.0
train,B1,15,2,bootstrap (before RL),1.0,nan,0.0,33.86575698852539,0.640501856803894,0.0
train,B1,17,2,bootstrap (before RL),0.0,0.06666667014360428,9.30427074432373,14.374488830566406,0.37439656257629395,1.0
train,B1,19,2,bootstrap (before RL),0.0,0.10000000894069672,8.11919116973877,10.739047050476074,0.49298495054244995,1.0
train,B2,1,2,bootstrap (before RL),1.0,nan,0.0,45.54502487182617,0.5017932057380676,0.0
train,B2,3,2,bootstrap (before RL),0.0,0.7333333492279053,4.305820465087891,14.286796569824219,0.3087201714515686,1.0
train,B2,5,2,bootstrap (before RL),0.0,0.0,5.662423610687256,5.915928363800049,0.7133580446243286,1.0
train,B2,7,2,bootstrap (before RL),0.0,0.13333334028720856,6.027275085449219,7.321244239807129,0.6320809721946716,1.0
train,B2,9,2,bootstrap (before RL),1.0,0.5333333611488342,8.356306076049805,26.899341583251953,0.5644879937171936,0.0
train,B2,11,2,bootstrap (before RL),0.0,-0.03333333507180214,9.717813491821289,8.556517601013184,0.40711867809295654,1.0
train,B2,13,2,bootstrap (before RL),0.0,0.0,7.374075889587402,11.454197883605957,0.4595540761947632,1.0
train,B2,15,2,bootstrap (before RL),0.0,-0.10000000894069672,3.0435802936553955,5.311333179473877,0.8746694326400757,1.0
train,B2,17,2,bootstrap (before RL),0.0,2.2333333492279053,0.0,40.12094497680664,0.3340410590171814,1.0
train,B2,19,2,bootstrap (before RL),1.0,nan,0.0,27.206012725830078,0.4621524214744568,0.0
train,A1,1,3,bootstrap (before RL),0.0,0.7333333492279053,2.9664769172668457,7.810242652893066,0.6091433763504028,1.0
train,A1,3,3,bootstrap (before RL),0.0,0.6000000238418579,4.066476345062256,15.11213493347168,0.3626771569252014,1.0
train,A1,5,3,bootstrap (before RL),0.0,0.30000001192092896,5.986969470977783,15.904911041259766,0.685569167137146,1.0
train,A1,7,3,bootstrap (before RL),0.0,0.5,3.5598607063293457,10.761709213256836,0.0,1.0
train,A1,9,3,bootstrap (before RL),1.0,nan,0.0,15.161850929260254,0.7121015191078186,0.0
train,A1,11,3,bootstrap (before RL),0.0,0.20000001788139343,4.1226396560668945,10.624614715576172,0.6840459704399109,1.0
train,A1,13,3,bootstrap (before RL),0.0,0.7333333492279053,2.23846173286438,15.566357612609863,0.061169981956481934,1.0
train,A1,15,3,bootstrap (before RL),1.0,nan,0.0,7.707726001739502,0.645927369594574,0.0
train,A1,17,3,bootstrap (before RL),1.0,nan,0.0,4.914013862609863,0.6098308563232422,0.0
train,A1,19,3,bootstrap (before RL),1.0,0.5,8.282668113708496,9.39806079864502,0.6611565351486206,0.0
train,A2,1,3,bootstrap (before RL),1.0,0.6666666865348816,6.084474086761475,28.442188262939453,0.7114145755767822,0.0
train,A2,3,3,bootstrap (before RL),1.0,nan,0.0,17.968265533447266,0.5980956554412842,0.0
train,A2,5,3,bootstrap (before RL),0.0,0.30000001192092896,5.474820137023926,8.502281188964844,0.989639937877655,1.0
train,A2,7,3,bootstrap (before RL),0.0,0.03333333507180214,9.539875030517578,9.263607025146484,0.7163256406784058,1.0
train,A2,9,3,bootstrap (before RL),1.0,nan,0.0,16.88164710998535,0.6421436071395874,0.0
train,A2,11,3,bootstrap (before RL),0.0,0.3333333432674408,3.555068016052246,13.368256568908691,0.3364400267601013,1.0
train,A2,13,3,bootstrap (before RL),0.0,0.6333333849906921,2.973334312438965,13.603846549987793,0.29341191053390503,1.0
train,A2,15,3,bootstrap (before RL),0.0,0.03333333507180214,7.934796333312988,8.145676612854004,0.6723743677139282,1.0
train,A2,17,3,bootstrap (before RL),1.0,0.06666667014360428,6.828203201293945,8.342308044433594,0.46487075090408325,0.0
train,A2,19,3,bootstrap (before RL),0.0,0.0,8.281295776367188,6.960479736328125,0.5800656080245972,1.0
train,B1,1,3,bootstrap (before RL),0.0,-0.5,7.95438289642334,3.811192035675049,0.6309993863105774,1.0
train,B1,3,3,bootstrap (before RL),1.0,nan,0.0,31.737449645996094,0.16435390710830688,0.0
train,B1,5,3,bootstrap (before RL),0.0,-0.03333333507180214,5.724610805511475,5.350823879241943,0.6187306046485901,1.0
train,B1,7,3,bootstrap (before RL),0.0,0.13333334028720856,8.26499080657959,11.803583145141602,0.6766506433486938,1.0
train,B1,9,3,bootstrap (before RL),1.0,1.0,0.0,33.242984771728516,0.5802253484725952,0.0
train,B1,11,3,bootstrap (before RL),0.0,-0.1666666716337204,4.826228618621826,6.944350242614746,0.4052382707595825,1.0
train,B1,13,3,bootstrap (before RL),0.0,-0.20000001788139343,8.81784725189209,7.015921115875244,0.6729364395141602,1.0
train,B1,15,3,bootstrap (before RL),1.0,1.100000023841858,6.540922164916992,22.60314178466797,0.6324292421340942,0.0
train,B1,17,3,bootstrap (before RL),0.0,0.0,9.532308578491211,14.374488830566406,0.3196902275085449,1.0
train,B1,19,3,bootstrap (before RL),0.0,0.13333334028720856,7.526974678039551,10.739047050476074,0.5501433610916138,1.0
train,B2,1,3,bootstrap (before RL),1.0,nan,0.0,42.93519973754883,0.45046067237854004,0.0
train,B2,3,3,bootstrap (before RL),0.0,0.5333333611488342,3.667691230773926,14.286796569824219,0.0,1.0
train,B2,5,3,bootstrap (before RL),0.0,-0.1666666716337204,8.251587867736816,5.915928363800049,0.6459770202636719,1.0
train,B2,7,3,bootstrap (before RL),0.0,0.13333334028720856,7.563009738922119,7.321244239807129,0.5830743908882141,1.0
train,B2,9,3,bootstrap (before RL),1.0,0.8333333730697632,8.647253036499023,25.074932098388672,0.572874903678894,0.0
train,B2,11,3,bootstrap (before RL),0.0,0.8000000715255737,5.0674004554748535,16.659067153930664,0.3433659076690674,1.0
train,B2,13,3,bootstrap (before RL),0.0,0.10000000894069672,6.5674028396606445,11.454197883605957,0.5437789559364319,1.0
train,B2,15,3,bootstrap (before RL),0.0,-0.13333334028720856,8.429487228393555,5.311333179473877,0.6518042087554932,1.0
train,B2,17,3,bootstrap (before RL),0.0,0.0,5.640875816345215,13.303997039794922,0.10763263702392578,1.0
train,B2,19,3,bootstrap (before RL),1.0,nan,0.0,28.61829376220703,0.637649416923523,0.0
train,A1,1,4,bootstrap (before RL),0.0,0.6333333849906921,7.761656761169434,7.810242652893066,0.6062984466552734,1.0
train,A1,3,4,bootstrap (before RL),0.0,0.6000000238418579,3.1268234252929688,15.11213493347168,0.33618634939193726,1.0
train,A1,5,4,bootstrap (before RL),0.0,0.2666666805744171,5.273308753967285,15.904911041259766,0.7147306203842163,1.0
train,A1,7,4,bootstrap (before RL),0.0,0.46666669845581055,3.924245834350586,10.761709213256836,0.0,1.0
train,A1,9,4,bootstrap (before RL),1.0,nan,0.0,15.161850929260254,0.6524571776390076,0.0
train,A1,11,4,bootstrap (before RL),0.0,0.03333333507180214,8.23649787902832,10.624614715576172,0.6447553634643555,1.0
train,A1,13,4,bootstrap (before RL),0.0,0.7666667103767395,1.8181517124176025,15.566357612609863,0.03905045986175537,1.0
train,A1,15,4,bootstrap (before RL),1.0,nan,0.0,7.707726001739502,0.538163423538208,0.0
train,A1,17,4,bootstrap (before RL),1.0,nan,0.0,4.914013862609863,0.5031139850616455,0.0
train,A1,19,4,bootstrap (before RL),0.0,0.9333333969116211,0.0,13.398480415344238,0.5763352513313293,1.0
train,A2,1,4,bootstrap (before RL),1.0,nan,0.0,31.735902786254883,0.5611867904663086,0.0
train,A2,3,4,bootstrap (before RL),1.0,nan,0.0,17.968265533447266,0.3680642247200012,0.0
train,A2,5,4,bootstrap (before RL),0.0,0.03333333507180214,5.403384685516357,8.502281188964844,0.7700508236885071,1.0
train,A2,7,4,bootstrap (before RL),0.0,0.06666667014360428,8.07148265838623,9.263607025146484,0.7455152273178101,1.0
train,A2,9,4,bootstrap (before RL),0.0,0.8666667342185974,0.0,16.88164710998535,0.5898066759109497,1.0
train,A2,11,4,bootstrap (before RL),0.0,0.5333333611488342,3.980701446533203,13.368256568908691,0.30227166414260864,1.0
train,A2,13,4,bootstrap (before RL),0.0,0.7333333492279053,5.936188220977783,13.603846549987793,0.2301853895187378,1.0
train,A2,15,4,bootstrap (before RL),0.0,-0.03333333507180214,9.894371032714844,8.145676612854004,0.6414102911949158,1.0
train,A2,17,4,bootstrap (before RL),0.0,0.10000000894069672,6.703729152679443,8.342308044433594,0.0625448226928711,1.0
train,A2,19,4,bootstrap (before RL),1.0,0.5,8.70476245880127,13.34498405456543,0.6152588129043579,0.0
train,B1,1,4,bootstrap (before RL),0.0,-0.4333333671092987,7.053104400634766,3.811192035675049,0.680627167224884,1.0
train,B1,3,4,bootstrap (before RL),1.0,nan,0.0,30.369367599487305,0.1228531002998352,0.0
train,B1,5,4,bootstrap (before RL),0.0,-0.10000000894069672,7.777326583862305,5.350823879241943,0.7734166979789734,1.0
train,B1,7,4,bootstrap (before RL),0.0,-0.10000000894069672,8.814537048339844,9.690116882324219,0.5825291872024536,1.0
train,B1,9,4,bootstrap (before RL),1.0,nan,0.0,31.97233009338379,0.46911054849624634,0.0
train,B1,11,4,bootstrap (before RL),0.0,-0.13333334028720856,6.887336254119873,6.944350242614746,0.2795841693878174,1.0
train,B1,13,4,bootstrap (before RL),0.0,-0.20000001788139343,8.731366157531738,7.015921115875244,0.6718055605888367,1.0
train,B1,15,4,bootstrap (before RL),1.0,0.7666667103767395,8.06574821472168,22.979108810424805,0.4412660002708435,0.0
train,B1,17,4,bootstrap (before RL),0.0,0.03333333507180214,9.867223739624023,14.374488830566406,0.29158633947372437,1.0
train,B1,19,4,bootstrap (before RL),0.0,0.03333333507180214,9.09398365020752,10.739047050476074,0.27112120389938354,1.0
train,B2,1,4,bootstrap (before RL),1.0,nan,0.0,42.74753189086914,0.39680832624435425,0.0
train,B2,3,4,bootstrap (before RL),0.0,1.3333333730697632,5.641730308532715,19.64639663696289,0.0513651967048645,1.0
train,B2,5,4,bootstrap (before RL),0.0,-0.1666666716337204,3.701775074005127,5.915928363800049,0.8460391163825989,1.0
train,B2,7,4,bootstrap (before RL),0.0,0.13333334028720856,5.975546836853027,7.321244239807129,0.6351048946380615,1.0
train,B2,9,4,bootstrap (before RL),1.0,0.0,9.247564315795898,17.212814331054688,0.4063136577606201,0.0
train,B2,11,4,bootstrap (before RL),0.0,-0.13333334028720856,9.142828941345215,8.556517601013184,0.5137939453125,1.0
train,B2,13,4,bootstrap (before RL),0.0,-0.03333333507180214,7.371860504150391,11.454197883605957,0.4604269862174988,1.0
train,B2,15,4,bootstrap (before RL),0.0,-0.13333334028720856,5.161530494689941,5.311333179473877,0.7468215227127075,1.0
train,B2,17,4,bootstrap (before RL),1.0,nan,0.0,36.15399932861328,0.417777955532074,0.0
train,B2,19,4,bootstrap (before RL),1.0,nan,0.0,27.502737045288086,0.44874095916748047,0.0
