take,card,pair,direction,human,robot,object,human_chair,hand_height,speed,hesitation,notes
A1,1,1,human_to_robot,p1,p2,mug,far,mid,slow,no,
A1,2,1,robot_to_human,p1,p2,mug,far,mid,normal,no,
A1,3,2,human_to_robot,p1,p2,mug,far,high,normal,no,
A1,4,2,robot_to_human,p1,p2,mug,far,high,normal,no,
A1,5,3,human_to_robot,p1,p2,mug,far,low,quick,no,
A1,6,3,robot_to_human,p1,p2,mug,far,low,normal,no,
A1,7,4,human_to_robot,p1,p2,mug,near,high,normal,no,
A1,8,4,robot_to_human,p1,p2,mug,near,high,normal,no,
A1,9,5,human_to_robot,p1,p2,mug,near,mid,quick,no,
A1,10,5,robot_to_human,p1,p2,mug,near,mid,normal,no,
A1,11,6,human_to_robot,p1,p2,mug,near,low,normal,no,
A1,12,6,robot_to_human,p1,p2,mug,near,low,normal,no,
A1,13,7,human_to_robot,p1,p2,mug,mid,high,normal,no,
A1,14,7,robot_to_human,p1,p2,mug,mid,high,normal,no,
A1,15,8,human_to_robot,p1,p2,mug,mid,low,normal,yes,hesitation not performed
A1,16,8,robot_to_human,p1,p2,mug,mid,low,normal,no,
A1,17,9,human_to_robot,p1,p2,mug,mid,low,slow,no,
A1,18,9,robot_to_human,p1,p2,mug,mid,low,normal,no,
A1,19,10,human_to_robot,p1,p2,mug,mid,mid,normal,no,
A1,20,10,robot_to_human,p1,p2,mug,mid,mid,normal,no,
A2,1,1,human_to_robot,p1,p2,bottle,near,mid,normal,no,
A2,2,1,robot_to_human,p1,p2,bottle,near,mid,normal,no,
A2,3,2,human_to_robot,p1,p2,bottle,near,high,normal,no,
A2,4,2,robot_to_human,p1,p2,bottle,near,high,normal,no,
A2,5,3,human_to_robot,p1,p2,bottle,near,low,quick,no,
A2,6,3,robot_to_human,p1,p2,bottle,near,low,normal,no,
A2,7,4,human_to_robot,p1,p2,bottle,near,low,normal,yes,hesitation not performed
A2,8,4,robot_to_human,p1,p2,bottle,near,low,normal,no,
A2,9,5,human_to_robot,p1,p2,bottle,mid,low,slow,no,
A2,10,5,robot_to_human,p1,p2,bottle,mid,low,normal,no,
A2,11,6,human_to_robot,p1,p2,bottle,mid,high,normal,no,
A2,12,6,robot_to_human,p1,p2,bottle,mid,high,normal,no,
A2,13,7,human_to_robot,p1,p2,bottle,mid,mid,quick,no,
A2,14,7,robot_to_human,p1,p2,bottle,mid,mid,normal,no,
A2,15,8,human_to_robot,p1,p2,bottle,far,mid,normal,no,
A2,16,8,robot_to_human,p1,p2,bottle,far,mid,normal,no,
A2,17,9,human_to_robot,p1,p2,bottle,far,high,slow,no,
A2,18,9,robot_to_human,p1,p2,bottle,far,high,normal,no,
A2,19,10,human_to_robot,p1,p2,bottle,far,low,normal,no,
A2,20,10,robot_to_human,p1,p2,bottle,far,low,normal,no,
A3,1,1,human_to_robot,p1,p2,box,near,mid,quick,no,
A3,2,1,robot_to_human,p1,p2,box,near,mid,normal,no,
A3,3,2,human_to_robot,p1,p2,box,near,low,normal,no,
A3,4,2,robot_to_human,p1,p2,box,near,low,normal,no,
A3,5,3,human_to_robot,p1,p2,box,near,high,normal,no,
A3,6,3,robot_to_human,p1,p2,box,near,high,normal,no,
A3,7,4,human_to_robot,p1,p2,box,mid,mid,normal,no,
A3,8,4,robot_to_human,p1,p2,box,mid,mid,normal,no,
A3,9,5,human_to_robot,p1,p2,box,mid,low,slow,no,
A3,10,5,robot_to_human,p1,p2,box,mid,low,normal,no,
A3,11,6,human_to_robot,p1,p2,box,mid,high,normal,no,
A3,12,6,robot_to_human,p1,p2,box,mid,high,normal,no,
A3,13,7,human_to_robot,p1,p2,box,far,mid,normal,no,
A3,14,7,robot_to_human,p1,p2,box,far,mid,normal,no,
A3,15,8,human_to_robot,p1,p2,box,far,low,slow,no,hesitation performed here instead of card 17
A3,16,8,robot_to_human,p1,p2,box,far,low,normal,no,
A3,17,9,human_to_robot,p1,p2,box,far,high,normal,yes,hesitation not performed (done on card 15)
A3,18,9,robot_to_human,p1,p2,box,far,high,normal,no,
A3,19,10,human_to_robot,p1,p2,box,far,high,quick,no,
A3,20,10,robot_to_human,p1,p2,box,far,high,normal,no,
B1,1,1,human_to_robot,p2,p1,mug,near,mid,slow,no,
B1,2,1,robot_to_human,p2,p1,mug,near,mid,normal,no,
B1,3,2,human_to_robot,p2,p1,mug,near,high,quick,no,
B1,4,2,robot_to_human,p2,p1,mug,near,high,normal,no,
B1,5,3,human_to_robot,p2,p1,mug,near,low,normal,no,
B1,6,3,robot_to_human,p2,p1,mug,near,low,normal,no,
B1,7,4,human_to_robot,p2,p1,mug,mid,low,normal,no,
B1,8,4,robot_to_human,p2,p1,mug,mid,low,normal,no,
B1,9,5,human_to_robot,p2,p1,mug,mid,mid,normal,no,extra hesitation (added after A takes)
B1,10,5,robot_to_human,p2,p1,mug,mid,mid,normal,no,
B1,11,6,human_to_robot,p2,p1,mug,mid,high,slow,no,
B1,12,6,robot_to_human,p2,p1,mug,mid,high,normal,no,
B1,13,7,human_to_robot,p2,p1,mug,far,low,normal,no,
B1,14,7,robot_to_human,p2,p1,mug,far,low,normal,no,
B1,15,8,human_to_robot,p2,p1,mug,far,mid,quick,no,
B1,16,8,robot_to_human,p2,p1,mug,far,mid,normal,no,
B1,17,9,human_to_robot,p2,p1,mug,far,high,normal,yes,
B1,18,9,robot_to_human,p2,p1,mug,far,high,normal,no,
B1,19,10,human_to_robot,p2,p1,mug,far,high,normal,no,
B1,20,10,robot_to_human,p2,p1,mug,far,high,normal,no,
B2,1,1,human_to_robot,p2,p1,bottle,near,mid,normal,no,extra hesitation (added after A takes)
B2,2,1,robot_to_human,p2,p1,bottle,near,mid,normal,no,
B2,3,2,human_to_robot,p2,p1,bottle,near,high,quick,no,
B2,4,2,robot_to_human,p2,p1,bottle,near,high,normal,no,
B2,5,3,human_to_robot,p2,p1,bottle,near,low,normal,no,
B2,6,3,robot_to_human,p2,p1,bottle,near,low,normal,no,
B2,7,4,human_to_robot,p2,p1,bottle,far,low,normal,no,
B2,8,4,robot_to_human,p2,p1,bottle,far,low,normal,no,
B2,9,5,human_to_robot,p2,p1,bottle,far,mid,quick,no,
B2,10,5,robot_to_human,p2,p1,bottle,far,mid,normal,no,
B2,11,6,human_to_robot,p2,p1,bottle,far,high,normal,yes,
B2,12,6,robot_to_human,p2,p1,bottle,far,high,normal,no,
B2,13,7,human_to_robot,p2,p1,bottle,far,high,normal,no,
B2,14,7,robot_to_human,p2,p1,bottle,far,high,normal,no,
B2,15,8,human_to_robot,p2,p1,bottle,mid,low,normal,no,
B2,16,8,robot_to_human,p2,p1,bottle,mid,low,normal,no,
B2,17,9,human_to_robot,p2,p1,bottle,mid,high,slow,no,
B2,18,9,robot_to_human,p2,p1,bottle,mid,high,normal,no,
B2,19,10,human_to_robot,p2,p1,bottle,mid,mid,slow,no,
B2,20,10,robot_to_human,p2,p1,bottle,mid,mid,normal,no,
B3,1,1,human_to_robot,p2,p1,box,near,low,normal,no,
B3,2,1,robot_to_human,p2,p1,box,near,low,normal,no,
B3,3,2,human_to_robot,p2,p1,box,near,mid,quick,no,
B3,4,2,robot_to_human,p2,p1,box,near,mid,normal,no,
B3,5,3,human_to_robot,p2,p1,box,near,high,normal,no,extra hesitation (added after A takes)
B3,6,3,robot_to_human,p2,p1,box,near,high,normal,no,
B3,7,4,human_to_robot,p2,p1,box,mid,low,normal,no,
B3,8,4,robot_to_human,p2,p1,box,mid,low,normal,no,
B3,9,5,human_to_robot,p2,p1,box,mid,high,normal,no,
B3,10,5,robot_to_human,p2,p1,box,mid,high,normal,no,
B3,11,6,human_to_robot,p2,p1,box,mid,mid,normal,no,
B3,12,6,robot_to_human,p2,p1,box,mid,mid,normal,no,
B3,13,7,human_to_robot,p2,p1,box,far,low,slow,no,
B3,14,7,robot_to_human,p2,p1,box,far,low,normal,no,
B3,15,8,human_to_robot,p2,p1,box,far,mid,normal,yes,
B3,16,8,robot_to_human,p2,p1,box,far,mid,normal,no,
B3,17,9,human_to_robot,p2,p1,box,far,mid,quick,no,
B3,18,9,robot_to_human,p2,p1,box,far,mid,normal,no,
B3,19,10,human_to_robot,p2,p1,box,far,high,slow,no,
B3,20,10,robot_to_human,p2,p1,box,far,high,normal,no,
