split,take,card,method,ade_cm
main,A3,1,stay,7.711846914044627
main,A3,1,const_velocity,5.354838477279508
main,A3,1,kalman,5.398310751570147
main,A3,1,min_jerk,5.447293792362073
main,A3,3,stay,12.13855328660208
main,A3,3,const_velocity,14.651509264724902
main,A3,3,kalman,16.27896303813406
main,A3,3,min_jerk,14.625118495155967
main,A3,5,stay,15.880077481496425
main,A3,5,const_velocity,11.027759994376932
main,A3,5,kalman,12.2830241704232
main,A3,5,min_jerk,9.722806976373844
main,A3,7,stay,8.897731609040385
main,A3,7,const_velocity,5.227879605158863
main,A3,7,kalman,5.320348371678526
main,A3,7,min_jerk,7.298116971819871
main,A3,9,stay,14.720634258960533
main,A3,9,const_velocity,9.238545882068166
main,A3,9,kalman,10.21955739921001
main,A3,9,min_jerk,7.850570194943993
main,A3,11,stay,10.461286701872602
main,A3,11,const_velocity,5.620005207310963
main,A3,11,kalman,6.0340995548359615
main,A3,11,min_jerk,4.113247666690191
main,A3,13,stay,7.3234358110686015
main,A3,13,const_velocity,2.460346290564789
main,A3,13,kalman,1.9604413131844838
main,A3,13,min_jerk,3.762301663822623
main,A3,15,stay,6.273099621851673
main,A3,15,const_velocity,4.151654596404881
main,A3,15,kalman,4.256784404316583
main,A3,15,min_jerk,7.406430237480108
main,A3,17,stay,17.61776343258028
main,A3,17,const_velocity,13.720912131871621
main,A3,17,kalman,15.241159346660513
main,A3,17,min_jerk,20.181911738684832
main,A3,19,stay,9.497495856927458
main,A3,19,const_velocity,2.6797783486350575
main,A3,19,kalman,2.424533585729889
main,A3,19,min_jerk,5.54483977445783
main,B3,1,stay,3.7247907182680486
main,B3,1,const_velocity,3.092562810674038
main,B3,1,kalman,2.800520187464522
main,B3,1,min_jerk,3.1868651709776525
main,B3,3,stay,8.82931925416287
main,B3,3,const_velocity,8.176413864470462
main,B3,3,kalman,8.97494429401337
main,B3,3,min_jerk,11.847210442092283
main,B3,5,stay,4.970833877341764
main,B3,5,const_velocity,3.038032134205797
main,B3,5,kalman,3.2244661986046417
main,B3,5,min_jerk,6.920804062148854
main,B3,7,stay,5.334123313430912
main,B3,7,const_velocity,2.5675796199014123
main,B3,7,kalman,2.550982033199155
main,B3,7,min_jerk,3.1021087311028412
main,B3,9,stay,12.33741482971333
main,B3,9,const_velocity,4.926589319753213
main,B3,9,kalman,5.463045957482845
main,B3,9,min_jerk,8.411420474408846
main,B3,11,stay,9.75809816078622
main,B3,11,const_velocity,5.824290554613425
main,B3,11,kalman,6.305873412932833
main,B3,11,min_jerk,6.597568940777708
main,B3,13,stay,7.767765903946764
main,B3,13,const_velocity,3.8191170053493346
main,B3,13,kalman,3.817681316350099
main,B3,13,min_jerk,6.6589172356529405
main,B3,15,stay,5.0641833948037664
main,B3,15,const_velocity,2.8975280849177643
main,B3,15,kalman,2.9062086613817772
main,B3,15,min_jerk,7.919146022946437
main,B3,17,stay,11.151332746547675
main,B3,17,const_velocity,6.898203573575122
main,B3,17,kalman,7.546090985862623
main,B3,17,min_jerk,7.012140502529442
main,B3,19,stay,7.95537632541716
main,B3,19,const_velocity,2.706568863851806
main,B3,19,kalman,2.517620271124977
main,B3,19,min_jerk,4.914013488137137
cross_person,B1,1,stay,3.501920440182164
cross_person,B1,1,const_velocity,2.710343878267391
cross_person,B1,1,kalman,2.4607024687548735
cross_person,B1,1,min_jerk,3.253340681441011
cross_person,B1,3,stay,15.670734502376513
cross_person,B1,3,const_velocity,14.11007933206198
cross_person,B1,3,kalman,15.56563813536388
cross_person,B1,3,min_jerk,18.087024361470103
cross_person,B1,5,stay,6.071709159179424
cross_person,B1,5,const_velocity,4.077206994982503
cross_person,B1,5,kalman,4.341700568066555
cross_person,B1,5,min_jerk,4.2445733609878635
cross_person,B1,7,stay,4.925188497245084
cross_person,B1,7,const_velocity,3.750869732534919
cross_person,B1,7,kalman,3.9825082153109514
cross_person,B1,7,min_jerk,4.977284085719622
cross_person,B1,9,stay,4.9128237534134085
cross_person,B1,9,const_velocity,4.061988746984441
cross_person,B1,9,kalman,4.251830803326973
cross_person,B1,9,min_jerk,7.165227265616456
cross_person,B1,11,stay,7.763934988316826
cross_person,B1,11,const_velocity,2.975089566492384
cross_person,B1,11,kalman,2.9783984981333136
cross_person,B1,11,min_jerk,4.749768049691554
cross_person,B1,13,stay,6.674510426746105
cross_person,B1,13,const_velocity,3.497933529959181
cross_person,B1,13,kalman,3.557842158534197
cross_person,B1,13,min_jerk,5.467771994363408
cross_person,B1,15,stay,12.305830646422093
cross_person,B1,15,const_velocity,10.403563494665026
cross_person,B1,15,kalman,11.87068771406043
cross_person,B1,15,min_jerk,12.427057940332764
cross_person,B1,17,stay,10.820179823040176
cross_person,B1,17,const_velocity,9.496441210113977
cross_person,B1,17,kalman,10.595065210318403
cross_person,B1,17,min_jerk,14.81864438108923
cross_person,B1,19,stay,14.645637398511782
cross_person,B1,19,const_velocity,6.282332557953209
cross_person,B1,19,kalman,6.92440151551642
cross_person,B1,19,min_jerk,4.482376121558668
cross_person,B2,1,stay,3.878355415735534
cross_person,B2,1,const_velocity,2.9372256368883276
cross_person,B2,1,kalman,2.9065449072398337
cross_person,B2,1,min_jerk,6.026830169606648
cross_person,B2,3,stay,10.846955848068413
cross_person,B2,3,const_velocity,10.229052532023164
cross_person,B2,3,kalman,11.377746595450654
cross_person,B2,3,min_jerk,10.874013600768711
cross_person,B2,5,stay,4.576832496498378
cross_person,B2,5,const_velocity,3.7825327618038527
cross_person,B2,5,kalman,3.772223662328955
cross_person,B2,5,min_jerk,4.784745542072541
cross_person,B2,7,stay,7.2387517989876375
cross_person,B2,7,const_velocity,3.9672350715875293
cross_person,B2,7,kalman,4.007481042781732
cross_person,B2,7,min_jerk,6.674028422001527
cross_person,B2,9,stay,11.684787769645306
cross_person,B2,9,const_velocity,7.501616044719079
cross_person,B2,9,kalman,8.476726746784776
cross_person,B2,9,min_jerk,7.097166075036167
cross_person,B2,11,stay,7.0677918241844395
cross_person,B2,11,const_velocity,3.5843253657174916
cross_person,B2,11,kalman,3.7121109353659794
cross_person,B2,11,min_jerk,11.365595769233726
cross_person,B2,13,stay,11.948961762329748
cross_person,B2,13,const_velocity,6.04614853384052
cross_person,B2,13,kalman,6.67614010540928
cross_person,B2,13,min_jerk,8.334149881236378
cross_person,B2,15,stay,6.13129424402596
cross_person,B2,15,const_velocity,3.139822656380089
cross_person,B2,15,kalman,3.1152364637410415
cross_person,B2,15,min_jerk,4.575801311919802
cross_person,B2,17,stay,9.460239782381647
cross_person,B2,17,const_velocity,3.016239460429469
cross_person,B2,17,kalman,3.082790393067091
cross_person,B2,17,min_jerk,7.469900677683499
cross_person,B2,19,stay,6.03962134607613
cross_person,B2,19,const_velocity,2.4909734115938695
cross_person,B2,19,kalman,2.4465029035863135
cross_person,B2,19,min_jerk,3.5706677146329446
cross_person,B3,1,stay,3.7247907182680486
cross_person,B3,1,const_velocity,3.092562810674038
cross_person,B3,1,kalman,2.800520187464522
cross_person,B3,1,min_jerk,3.1868651709776525
cross_person,B3,3,stay,8.82931925416287
cross_person,B3,3,const_velocity,8.176413864470462
cross_person,B3,3,kalman,8.97494429401337
cross_person,B3,3,min_jerk,11.847210442092283
cross_person,B3,5,stay,4.970833877341764
cross_person,B3,5,const_velocity,3.038032134205797
cross_person,B3,5,kalman,3.2244661986046417
cross_person,B3,5,min_jerk,6.920804062148854
cross_person,B3,7,stay,5.334123313430912
cross_person,B3,7,const_velocity,2.5675796199014123
cross_person,B3,7,kalman,2.550982033199155
cross_person,B3,7,min_jerk,3.1021087311028412
cross_person,B3,9,stay,12.33741482971333
cross_person,B3,9,const_velocity,4.926589319753213
cross_person,B3,9,kalman,5.463045957482845
cross_person,B3,9,min_jerk,8.411420474408846
cross_person,B3,11,stay,9.75809816078622
cross_person,B3,11,const_velocity,5.824290554613425
cross_person,B3,11,kalman,6.305873412932833
cross_person,B3,11,min_jerk,6.597568940777708
cross_person,B3,13,stay,7.767765903946764
cross_person,B3,13,const_velocity,3.8191170053493346
cross_person,B3,13,kalman,3.817681316350099
cross_person,B3,13,min_jerk,6.6589172356529405
cross_person,B3,15,stay,5.0641833948037664
cross_person,B3,15,const_velocity,2.8975280849177643
cross_person,B3,15,kalman,2.9062086613817772
cross_person,B3,15,min_jerk,7.919146022946437
cross_person,B3,17,stay,11.151332746547675
cross_person,B3,17,const_velocity,6.898203573575122
cross_person,B3,17,kalman,7.546090985862623
cross_person,B3,17,min_jerk,7.012140502529442
cross_person,B3,19,stay,7.95537632541716
cross_person,B3,19,const_velocity,2.706568863851806
cross_person,B3,19,kalman,2.517620271124977
cross_person,B3,19,min_jerk,4.914013488137137
