split,take,card,fraction,method,point_err_cm,ttc_err_s
main,A3,1,0.25,stay,15.706208187230693,nan
main,A3,1,0.25,mean,17.57516741435462,0.31584233321183053
main,A3,1,0.25,const_velocity,8.203325142465262,0.31584233321183053
main,A3,1,0.25,kalman,7.167109585748613,0.31584233321183053
main,A3,1,0.25,min_jerk,330.05856470682016,2.8499789891443905
main,A3,1,0.5,stay,10.914694057076506,nan
main,A3,1,0.5,mean,17.57516741435462,0.2091726297528137
main,A3,1,0.5,const_velocity,10.463562378080962,0.2091726297528137
main,A3,1,0.5,kalman,7.95167062607351,0.2091726297528137
main,A3,1,0.5,min_jerk,4.445557059495083,0.3666472121707323
main,A3,1,0.75,stay,4.501751084642048,nan
main,A3,1,0.75,mean,17.57516741435462,0.10666970294137443
main,A3,1,0.75,const_velocity,7.859009947013577,0.10666970294137443
main,A3,1,0.75,kalman,6.502986645794451,0.10666970294137443
main,A3,1,0.75,min_jerk,15.039895269158732,0.6333131006575615
main,A3,3,0.25,stay,26.572449587354534,nan
main,A3,3,0.25,mean,10.781239198448771,0.3825105562381719
main,A3,3,0.25,const_velocity,31.87256121070296,0.3825105562381719
main,A3,3,0.25,kalman,22.105472243603845,0.3825105562381719
main,A3,3,0.25,min_jerk,45.17022994206068,0.3499859927629272
main,A3,3,0.5,stay,13.122421424759029,nan
main,A3,3,0.5,mean,10.781239198448771,0.2425067412659844
main,A3,3,0.5,const_velocity,49.647298251633345,0.2425067412659844
main,A3,3,0.5,kalman,44.226878242082925,0.2425067412659844
main,A3,3,0.5,min_jerk,58.396315575668176,0.3999859927629271
main,A3,3,0.75,stay,2.584336057135855,nan
main,A3,3,0.75,mean,10.781239198448771,0.14000381445454513
main,A3,3,0.75,const_velocity,14.61456230491525,0.14000381445454513
main,A3,3,0.75,kalman,18.47883691277913,0.14000381445454513
main,A3,3,0.75,min_jerk,2.8112449006937266,0.016679895723901883
main,A3,5,0.25,stay,37.87045023851843,nan
main,A3,5,0.25,mean,22.369132716851066,0.24917411018548913
main,A3,5,0.25,const_velocity,35.441144180432985,0.24917411018548913
main,A3,5,0.25,kalman,28.57017431752712,0.24917411018548913
main,A3,5,0.25,min_jerk,89.55552639186484,0.5166472121707326
main,A3,5,0.5,stay,19.914576393691654,nan
main,A3,5,0.5,mean,22.369132716851066,0.17583851823964303
main,A3,5,0.5,const_velocity,30.752554608771458,0.17583851823964303
main,A3,5,0.5,kalman,31.884516029321862,0.17583851823964303
main,A3,5,0.5,min_jerk,10.695905520011568,0.050018676316096744
main,A3,5,0.75,stay,5.824285600658779,nan
main,A3,5,0.75,mean,22.369132716851066,0.10666970294137443
main,A3,5,0.75,const_velocity,12.559576065635685,0.10666970294137443
main,A3,5,0.75,kalman,14.15123488160543,0.10666970294137443
main,A3,5,0.75,min_jerk,2.5439995744902952,0.06664721217073258
main,A3,7,0.25,stay,19.095973694685362,nan
main,A3,7,0.25,mean,17.464793103568876,0.2825082216986598
main,A3,7,0.25,const_velocity,5.32207179825988,0.2825082216986598
main,A3,7,0.25,kalman,7.405978220858358,0.2825082216986598
main,A3,7,0.25,min_jerk,16.765552840282254,0.2666845648029262
main,A3,7,0.5,stay,14.221380767355088,nan
main,A3,7,0.5,mean,17.464793103568876,0.17583851823964303
main,A3,7,0.5,const_velocity,4.837703774252488,0.17583851823964303
main,A3,7,0.5,kalman,2.8092324605974617,0.17583851823964303
main,A3,7,0.5,min_jerk,11.22699302637509,0.03335278782926715
main,A3,7,0.75,stay,5.300248554400895,nan
main,A3,7,0.75,mean,17.464793103568876,0.10666970294137443
main,A3,7,0.75,const_velocity,6.5076374202217915,0.10666970294137443
main,A3,7,0.75,kalman,7.0431576626899615,0.10666970294137443
main,A3,7,0.75,min_jerk,12.474022025759778,0.549978989144391
main,A3,9,0.25,stay,37.794641683754655,nan
main,A3,9,0.25,mean,20.098870808628043,0.18250588715914773
main,A3,9,0.25,const_velocity,31.009049312551756,0.18250588715914773
main,A3,9,0.25,kalman,28.368706360350593,0.18250588715914773
main,A3,9,0.25,min_jerk,952.2603708094746,2.4499766546048782
main,A3,9,0.5,stay,21.6488729772951,nan
main,A3,9,0.5,mean,20.098870808628043,0.10917029521330163
main,A3,9,0.5,const_velocity,25.234605622910912,0.10917029521330163
main,A3,9,0.5,kalman,25.519968643114165,0.10917029521330163
main,A3,9,0.5,min_jerk,8.134924034191796,0.03335512236877958
main,A3,9,0.75,stay,6.228275912273772,nan
main,A3,9,0.75,mean,20.098870808628043,0.07333559142820373
main,A3,9,0.75,const_velocity,6.317433904022515,0.07333559142820373
main,A3,9,0.75,kalman,10.155022314142686,0.07333559142820373
main,A3,9,0.75,min_jerk,0.6224090381540526,0.08331076611804977
main,A3,11,0.25,stay,26.764431424963707,nan
main,A3,11,0.25,mean,5.181744270719819,0.14917177564597706
main,A3,11,0.25,const_velocity,14.851314663938467,0.14917177564597706
main,A3,11,0.25,kalman,12.903640565488303,0.14917177564597706
main,A3,11,0.25,min_jerk,5.634362862595473,0.016642543091708206
main,A3,11,0.5,stay,14.533908727523247,nan
main,A3,11,0.5,mean,5.181744270719819,0.10917029521330163
main,A3,11,0.5,const_velocity,15.423664217486447,0.10917029521330163
main,A3,11,0.5,kalman,14.735695436469133,0.10917029521330163
main,A3,11,0.5,min_jerk,5.307000317942008,0.016642543091708317
main,A3,11,0.75,stay,5.749093480414809,nan
main,A3,11,0.75,mean,5.181744270719819,0.040001479915033056
main,A3,11,0.75,const_velocity,6.096270737138823,0.040001479915033056
main,A3,11,0.75,kalman,6.808767481983913,0.040001479915033056
main,A3,11,0.75,min_jerk,2.0558766998222766,0.0666425430917087
main,A3,13,0.25,stay,26.508679904766915,nan
main,A3,13,0.25,mean,20.73255000026408,0.15083522797255922
main,A3,13,0.25,const_velocity,11.023198145375652,0.15083522797255922
main,A3,13,0.25,kalman,10.757146363183116,0.15083522797255922
main,A3,13,0.25,min_jerk,22.82555120092623,0.4667032411190225
main,A3,13,0.5,stay,17.238703076724132,nan
main,A3,13,0.5,mean,20.73255000026408,0.09083437386572252
main,A3,13,0.5,const_velocity,7.481238464569268,0.09083437386572252
main,A3,13,0.5,kalman,4.986414458059628,0.09083437386572252
main,A3,13,0.5,min_jerk,10.17136405774314,0.06662853585463602
main,A3,13,0.75,stay,8.163399267403507,nan
main,A3,13,0.75,mean,20.73255000026408,0.026666743111308344
main,A3,13,0.75,const_velocity,1.3043035371549117,0.026666743111308344
main,A3,13,0.75,kalman,0.8833699047035255,0.026666743111308344
main,A3,13,0.75,min_jerk,1.668959313320599,0.4499603128282937
main,A3,15,0.25,stay,17.42542576372933,nan
main,A3,15,0.25,mean,17.43239530849002,1.1841926848808506
main,A3,15,0.25,const_velocity,9.624471072372067,1.1841926848808506
main,A3,15,0.25,kalman,10.983723714657929,1.1841926848808506
main,A3,15,0.25,min_jerk,13.999199593871639,1.5334018131590212
main,A3,15,0.5,stay,18.00196804984397,nan
main,A3,15,0.5,mean,17.43239530849002,0.790850715642307
main,A3,15,0.5,const_velocity,30.6184853364815,0.790850715642307
main,A3,15,0.5,kalman,31.13078995853133,0.790850715642307
main,A3,15,0.5,min_jerk,12.921301021343634,1.2666962375004862
main,A3,15,0.75,stay,14.472054066909463,nan
main,A3,15,0.75,mean,17.43239530849002,0.3933419697561859
main,A3,15,0.75,const_velocity,8.239938996955983,0.3933419697561859
main,A3,15,0.75,kalman,8.079778766353463,0.3933419697561859
main,A3,15,0.75,min_jerk,15.913052718192935,0.6333481187502431
main,A3,17,0.25,stay,37.853292801886305,nan
main,A3,17,0.25,mean,11.629432312536132,0.31584233321183053
main,A3,17,0.25,const_velocity,36.600165869220156,0.31584233321183053
main,A3,17,0.25,kalman,28.664901852545256,0.31584233321183053
main,A3,17,0.25,min_jerk,548.2575884932895,1.5833154351970735
main,A3,17,0.5,stay,19.98099819265067,nan
main,A3,17,0.5,mean,11.629432312536132,0.2091726297528137
main,A3,17,0.5,const_velocity,46.791823594800746,0.2091726297528137
main,A3,17,0.5,kalman,43.92674476387708,0.2091726297528137
main,A3,17,0.5,min_jerk,69.3735781827017,0.5333154351970737
main,A3,17,0.75,stay,7.4103851133907925,nan
main,A3,17,0.75,mean,11.629432312536132,0.10666970294137443
main,A3,17,0.75,const_velocity,14.126037613022934,0.10666970294137443
main,A3,17,0.75,kalman,16.836816808975687,0.10666970294137443
main,A3,17,0.75,min_jerk,2.175532703013135,0.06664954671024473
main,A3,19,0.25,stay,42.79448134880639,nan
main,A3,19,0.25,mean,31.569035460661432,0.4508422315910954
main,A3,19,0.25,const_velocity,22.609120999707745,0.4508422315910954
main,A3,19,0.25,kalman,19.04754116185316,0.4508422315910954
main,A3,19,0.25,min_jerk,30.792134793262633,0.5667149138165835
main,A3,19,0.5,stay,24.17707846889871,nan
main,A3,19,0.5,mean,31.569035460661432,0.29083904294474666
main,A3,19,0.5,const_velocity,6.923163989147054,0.29083904294474666
main,A3,19,0.5,kalman,6.64173943731585,0.29083904294474666
main,A3,19,0.5,min_jerk,16.995936213687795,0.18338313684292462
main,A3,19,0.75,stay,9.807362216265899,nan
main,A3,19,0.75,mean,31.569035460661432,0.1600031891639911
main,A3,19,0.75,const_velocity,0.6262073541535705,0.1600031891639911
main,A3,19,0.75,kalman,1.1586729638893147,0.1600031891639911
main,A3,19,0.75,min_jerk,8.238020963616139,0.09994864013073435
main,B3,1,0.25,stay,11.606279488382992,nan
main,B3,1,0.25,mean,16.440174631551066,0.21750282358534168
main,B3,1,0.25,const_velocity,6.338382492113601,0.21750282358534168
main,B3,1,0.25,kalman,6.526614132519631,0.21750282358534168
main,B3,1,0.25,min_jerk,46.62857919647444,1.2166273665117329
main,B3,1,0.5,stay,6.227752973541751,nan
main,B3,1,0.5,mean,16.440174631551066,0.15750217114714898
main,B3,1,0.5,const_velocity,4.809015021468087,0.15750217114714898
main,B3,1,0.5,kalman,5.581528363522682,0.15750217114714898
main,B3,1,0.5,min_jerk,4.990505102687394,3.854438272365979e-05
main,B3,1,0.75,stay,1.7529249353252678,nan
main,B3,1,0.75,mean,16.440174631551066,0.06000065295583512
main,B3,1,0.75,const_velocity,2.382073191667303,0.06000065295583512
main,B3,1,0.75,kalman,0.8312436072814902,0.06000065295583512
main,B3,1,0.75,min_jerk,3.1342861409245333,0.06670445527717989
main,B3,3,0.25,stay,22.30314405517241,nan
main,B3,3,0.25,mean,15.586711939825362,0.28250851299781216
main,B3,3,0.25,const_velocity,16.81946119194157,0.28250851299781216
main,B3,3,0.25,kalman,13.930514569162533,0.28250851299781216
main,B3,3,0.25,min_jerk,14.161837216164793,0.10001813853304614
main,B3,3,0.5,stay,9.503565220693057,nan
main,B3,3,0.5,mean,15.586711939825362,0.17583871990828692
main,B3,3,0.5,const_velocity,29.991045046021057,0.17583871990828692
main,B3,3,0.5,kalman,32.18427734007866,0.17583871990828692
main,B3,3,0.5,min_jerk,36.15525429257415,0.3999818614669534
main,B3,3,0.75,stay,2.0523388752100065,nan
main,B3,3,0.75,mean,15.586711939825362,0.10666979257188283
main,B3,3,0.75,const_velocity,7.829262424525633,0.10666979257188283
main,B3,3,0.75,kalman,8.574762290267305,0.10666979257188283
main,B3,3,0.75,min_jerk,1.969302210103453,0.016684049427502706
main,B3,5,0.25,stay,18.042417561121887,nan
main,B3,5,0.25,mean,14.221302745790712,0.7175141601684956
main,B3,5,0.25,const_velocity,3.7078873189530253,0.7175141601684956
main,B3,5,0.25,kalman,2.019188331091918,0.7175141601684956
main,B3,5,0.25,min_jerk,17.598277162934128,1.3167157918603336
main,B3,5,0.5,stay,13.427232717057644,nan
main,B3,5,0.5,mean,14.221302745790712,0.49084306220258483
main,B3,5,0.5,const_velocity,12.457193897824444,0.49084306220258483
main,B3,5,0.5,kalman,12.079947458845773,0.49084306220258483
main,B3,5,0.5,min_jerk,13.783683912957665,0.9666885840607641
main,B3,5,0.75,stay,9.368035441828882,nan
main,B3,5,0.75,mean,14.221302745790712,0.22667109848355305
main,B3,5,0.75,const_velocity,7.210269377157805,0.22667109848355305
main,B3,5,0.75,kalman,6.966373942678168,0.22667109848355305
main,B3,5,0.75,min_jerk,11.868996302063199,0.46667724747761025
main,B3,7,0.25,stay,16.203719970735246,nan
main,B3,7,0.25,mean,18.110648027566953,0.017498288952080165
main,B3,7,0.25,const_velocity,8.37910170681688,0.017498288952080165
main,B3,7,0.25,kalman,5.782008306071475,0.017498288952080165
main,B3,7,0.25,min_jerk,19.20527581845705,0.4666364357782563
main,B3,7,0.5,stay,9.124178716297719,nan
main,B3,7,0.5,mean,18.110648027566953,0.024165814724974644
main,B3,7,0.5,const_velocity,3.491270625912201,0.024165814724974644
main,B3,7,0.5,kalman,3.9346472456782107,0.024165814724974644
main,B3,7,0.5,min_jerk,5.480224886699016,0.16669538601065648
main,B3,7,0.75,stay,2.728374200448376,nan
main,B3,7,0.75,mean,18.110648027566953,0.006667525255252077
main,B3,7,0.75,const_velocity,1.7875024106683561,0.006667525255252077
main,B3,7,0.75,kalman,1.8511924665302844,0.006667525255252077
main,B3,7,0.75,min_jerk,2.842398997040224,0.05002947511620029
main,B3,9,0.25,stay,33.979809824998355,nan
main,B3,9,0.25,mean,21.303415558280943,0.08250397836455059
main,B3,9,0.25,const_velocity,20.211105892763676,0.08250397836455059
main,B3,9,0.25,kalman,21.832474120910987,0.08250397836455059
main,B3,9,0.25,min_jerk,4.3180959691043315,0.033359029588482136
main,B3,9,0.5,stay,19.63906752683989,nan
main,B3,9,0.5,mean,21.303415558280943,0.04250236348611258
main,B3,9,0.5,const_velocity,13.316037131965807,0.04250236348611258
main,B3,9,0.5,kalman,14.115848989579884,0.04250236348611258
main,B3,9,0.5,min_jerk,13.264197907349013,0.1333590295884826
main,B3,9,0.75,stay,7.101827756599895,nan
main,B3,9,0.75,mean,21.303415558280943,0.04000161436079566
main,B3,9,0.75,const_velocity,4.645161111679938,0.04000161436079566
main,B3,9,0.75,kalman,4.867217502181155,0.04000161436079566
main,B3,9,0.75,min_jerk,7.085044440494167,0.016693118694025816
main,B3,11,0.25,stay,25.659595036180168,nan
main,B3,11,0.25,mean,2.9229032000799786,0.18250624568118134
main,B3,11,0.25,const_velocity,6.094620805229992,0.18250624568118134
main,B3,11,0.25,kalman,8.191778324125307,0.18250624568118134
main,B3,11,0.25,min_jerk,20.57472866164963,0.2833544949552206
main,B3,11,0.5,stay,12.993110983994832,nan
main,B3,11,0.5,mean,2.9229032000799786,0.10917054169719975
main,B3,11,0.5,const_velocity,20.758187485182237,0.10917054169719975
main,B3,11,0.5,kalman,22.367283811131728,0.10917054169719975
main,B3,11,0.5,min_jerk,32.37707491722645,0.4999773268336917
main,B3,11,0.75,stay,4.466774482915972,nan
main,B3,11,0.75,mean,2.9229032000799786,0.07333570346633925
main,B3,11,0.75,const_velocity,2.8008382301047496,0.07333570346633925
main,B3,11,0.75,kalman,4.337729695896893,0.07333570346633925
main,B3,11,0.75,min_jerk,1.9481930600184574,0.016645505044779102
main,B3,13,0.25,stay,26.82959810828175,nan
main,B3,13,0.25,mean,19.91451127829919,0.11750055626871092
main,B3,13,0.25,const_velocity,17.906488419148896,0.11750055626871092
main,B3,13,0.25,kalman,16.728727209808643,0.11750055626871092
main,B3,13,0.25,min_jerk,146.94287695365728,2.3166296338283634
main,B3,13,0.5,stay,17.08747646544638,nan
main,B3,13,0.5,mean,19.91451127829919,0.09083399293606181
main,B3,13,0.5,const_velocity,1.4454099456122067,0.09083399293606181
main,B3,13,0.5,kalman,1.9755663053010974,0.09083399293606181
main,B3,13,0.5,min_jerk,11.569391599171757,0.1666319011449945
main,B3,13,0.75,stay,6.428710397207753,nan
main,B3,13,0.75,mean,19.91451127829919,0.026666563850291536
main,B3,13,0.75,const_velocity,2.0327918780723353,0.026666563850291536
main,B3,13,0.75,kalman,2.6011059541477803,0.026666563850291536
main,B3,13,0.75,min_jerk,5.106165264385038,0.19996599025053768
main,B3,15,0.25,stay,16.661131476236402,nan
main,B3,15,0.25,mean,16.73135006750186,1.5508663878070854
main,B3,15,0.25,const_velocity,10.924698846377371,1.5508663878070854
main,B3,15,0.25,kalman,10.29837341029538,1.5508663878070854
main,B3,15,0.25,min_jerk,17.01500503410279,2.18341117787099
main,B3,15,0.5,stay,22.613457864826795,nan
main,B3,15,0.5,mean,16.73135006750186,1.0241884878912824
main,B3,15,0.5,const_velocity,30.606247417320503,1.0241884878912824
main,B3,15,0.5,kalman,30.432642498017117,1.0241884878912824
main,B3,15,0.5,min_jerk,17.470236684792166,1.5000340097494615
main,B3,15,0.75,stay,21.239115918483694,nan
main,B3,15,0.75,mean,16.73135006750186,0.5266779004334454
main,B3,15,0.75,const_velocity,16.273796653282826,0.5266779004334454
main,B3,15,0.75,kalman,16.698724499657256,0.5266779004334454
main,B3,15,0.75,min_jerk,20.483666987907284,0.7666840494275026
main,B3,17,0.25,stay,33.14992228539165,nan
main,B3,17,0.25,mean,8.151032338937872,0.049169889259007005
main,B3,17,0.25,const_velocity,28.018390732413785,0.049169889259007005
main,B3,17,0.25,kalman,24.310709292170483,0.049169889259007005
main,B3,17,0.25,min_jerk,8.696957359062054,0.13335902958848245
main,B3,17,0.5,stay,14.859436430700562,nan
main,B3,17,0.5,mean,8.151032338937872,0.04250236348611258
main,B3,17,0.5,const_velocity,17.517314074355696,0.04250236348611258
main,B3,17,0.5,kalman,18.752690263918318,0.04250236348611258
main,B3,17,0.5,min_jerk,7.808351615178726,0.13335902958848217
main,B3,17,0.75,stay,3.866917612943582,nan
main,B3,17,0.75,mean,8.151032338937872,0.04000161436079566
main,B3,17,0.75,const_velocity,3.7678717674970414,0.04000161436079566
main,B3,17,0.75,kalman,5.719913234681119,0.04000161436079566
main,B3,17,0.75,min_jerk,4.3613903183575315,0.08335902958848254
main,B3,19,0.25,stay,36.916176876799476,nan
main,B3,19,0.25,mean,16.729707832560653,0.517509625535234
main,B3,19,0.25,const_velocity,2.0382907330528286,0.517509625535234
main,B3,19,0.25,kalman,6.88738053590992,0.517509625535234
main,B3,19,0.25,min_jerk,100.65014014993746,1.5332819408230347
main,B3,19,0.5,stay,22.056675431744342,nan
main,B3,19,0.5,mean,16.729707832560653,0.3575067057804105
main,B3,19,0.5,const_velocity,13.304928237149749,0.3575067057804105
main,B3,19,0.5,kalman,9.804052182194775,0.3575067057804105
main,B3,19,0.5,min_jerk,12.376579327422462,0.16671579186033403
main,B3,19,0.75,stay,9.819931035858513,nan
main,B3,19,0.75,mean,16.729707832560653,0.16000292027246588
main,B3,19,0.75,const_velocity,2.981455491002228,0.16000292027246588
main,B3,19,0.75,kalman,3.107512908308191,0.16000292027246588
main,B3,19,0.75,min_jerk,10.256611124745294,0.03338397007142074
cross_person,B1,1,0.25,stay,13.881683105721779,nan
cross_person,B1,1,0.25,mean,24.32531559828166,0.3722320057496763
cross_person,B1,1,0.25,const_velocity,6.002489787815649,0.3722320057496763
cross_person,B1,1,0.25,kalman,5.171814197144062,0.3722320057496763
cross_person,B1,1,0.25,min_jerk,14.954102126652453,1.3499501892807326
cross_person,B1,1,0.5,stay,6.46900428111217,nan
cross_person,B1,1,0.5,mean,24.32531559828166,0.23778404123882996
cross_person,B1,1,0.5,const_velocity,1.9900283485170713,0.23778404123882996
cross_person,B1,1,0.5,kalman,1.3540016269385886,0.23778404123882996
cross_person,B1,1,0.5,min_jerk,57.501522835691475,2.0832868433286826
cross_person,B1,1,0.75,stay,1.8951502601263086,nan
cross_person,B1,1,0.75,mean,24.32531559828166,0.136670239301914
cross_person,B1,1,0.75,const_velocity,2.1736117688151477,0.136670239301914
cross_person,B1,1,0.75,kalman,2.6588774613726716,0.136670239301914
cross_person,B1,1,0.75,min_jerk,5.087420668576315,0.38328933386464714
cross_person,B1,3,0.25,stay,27.830730080523253,nan
cross_person,B1,3,0.25,mean,26.992638270225942,0.2611171009780916
cross_person,B1,3,0.25,const_velocity,56.792132957741856,0.2611171009780916
cross_person,B1,3,0.25,kalman,46.5741603248481,0.2611171009780916
cross_person,B1,3,0.25,min_jerk,56.07740705402918,0.2666508932722321
cross_person,B1,3,0.5,stay,16.138237629878567,nan
cross_person,B1,3,0.5,mean,26.992638270225942,0.16222592090502336
cross_person,B1,3,0.5,const_velocity,30.668646906198244,0.16222592090502336
cross_person,B1,3,0.5,kalman,34.989614423024605,0.16222592090502336
cross_person,B1,3,0.5,min_jerk,11.51838467878323,0.10001494321578008
cross_person,B1,3,0.75,stay,7.737298414857571,nan
cross_person,B1,3,0.75,mean,26.992638270225942,0.06333474177001269
cross_person,B1,3,0.75,const_velocity,9.134787215800788,0.06333474177001269
cross_person,B1,3,0.75,kalman,12.343334090502275,0.06333474177001269
cross_person,B1,3,0.75,min_jerk,6.820499369498474,0.03334910672776789
cross_person,B1,5,0.25,stay,14.573843961668503,nan
cross_person,B1,5,0.25,mean,28.303005104440338,0.06111211990616494
cross_person,B1,5,0.25,const_velocity,10.825490608148902,0.06111211990616494
cross_person,B1,5,0.25,kalman,7.578984029387778,0.06111211990616494
cross_person,B1,5,0.25,min_jerk,339.468817275002,2.7166409311283783
cross_person,B1,5,0.5,stay,10.096719837184496,nan
cross_person,B1,5,0.5,mean,28.303005104440338,0.028889266857072216
cross_person,B1,5,0.5,const_velocity,7.294350393643597,0.028889266857072216
cross_person,B1,5,0.5,kalman,8.136472763258938,0.028889266857072216
cross_person,B1,5,0.5,min_jerk,6.055152135702673,0.03330925815235419
cross_person,B1,5,0.75,stay,3.188239998314853,nan
cross_person,B1,5,0.75,mean,28.303005104440338,0.030000578258024907
cross_person,B1,5,0.75,const_velocity,3.7992610002683636,0.030000578258024907
cross_person,B1,5,0.75,kalman,4.277782354951261,0.030000578258024907
cross_person,B1,5,0.75,min_jerk,3.3782507249435585,0.19997509464036628
cross_person,B1,7,0.25,stay,14.19933448159702,nan
cross_person,B1,7,0.25,mean,19.977523392269468,0.13889286116576183
cross_person,B1,7,0.25,const_velocity,15.995320345604142,0.13889286116576183
cross_person,B1,7,0.25,kalman,12.068872558804465,0.13889286116576183
cross_person,B1,7,0.25,min_jerk,233.4512143428809,2.516630968984525
cross_person,B1,7,0.5,stay,5.157762541968171,nan
cross_person,B1,7,0.5,mean,19.977523392269468,0.10444738719087893
cross_person,B1,7,0.5,const_velocity,8.402952083058793,0.10444738719087893
cross_person,B1,7,0.5,kalman,9.718329675808757,0.10444738719087893
cross_person,B1,7,0.5,min_jerk,7.666669078609839,0.11663345952048887
cross_person,B1,7,0.75,stay,1.0935682926439638,nan
cross_person,B1,7,0.75,mean,19.977523392269468,0.07000191227793842
cross_person,B1,7,0.75,const_velocity,2.3127577089549134,0.07000191227793842
cross_person,B1,7,0.75,kalman,2.399957423024425,0.07000191227793842
cross_person,B1,7,0.75,min_jerk,1.674828013670786,0.11669821345553605
cross_person,B1,9,0.25,stay,5.859900330427306,nan
cross_person,B1,9,0.25,mean,7.094759436174071,1.172251930037383
cross_person,B1,9,0.25,const_velocity,12.742358342986263,1.172251930037383
cross_person,B1,9,0.25,kalman,10.163843135852401,1.172251930037383
cross_person,B1,9,0.25,min_jerk,7.348651041110039,1.7667106661353524
cross_person,B1,9,0.5,stay,16.788321822896993,nan
cross_person,B1,9,0.5,mean,7.094759436174071,0.7711306574306345
cross_person,B1,9,0.5,const_velocity,19.35993454872585,0.7711306574306345
cross_person,B1,9,0.5,kalman,20.56606573420879,0.7711306574306345
cross_person,B1,9,0.5,min_jerk,9.856481211979,1.1666957229195722
cross_person,B1,9,0.75,stay,11.143258228466571,nan
cross_person,B1,9,0.75,mean,7.094759436174071,0.4033435473978163
cross_person,B1,9,0.75,const_velocity,7.46400489832609,0.4033435473978163
cross_person,B1,9,0.75,kalman,7.3853857194875525,0.4033435473978163
cross_person,B1,9,0.75,min_jerk,11.90661118707058,0.6000149432157801
cross_person,B1,11,0.25,stay,30.305951436968165,nan
cross_person,B1,11,0.25,mean,21.91658570142017,0.4722344962856395
cross_person,B1,11,0.25,const_velocity,2.7658605727479317,0.4722344962856395
cross_person,B1,11,0.25,kalman,2.9634774104398502,0.4722344962856395
cross_person,B1,11,0.25,min_jerk,0.9104161010893705,0.1667131566713158
cross_person,B1,11,0.5,stay,14.900060316857774,nan
cross_person,B1,11,0.5,mean,21.91658570142017,0.3044523682628056
cross_person,B1,11,0.5,const_velocity,0.8284643733019202,0.3044523682628056
cross_person,B1,11,0.5,kalman,2.001453423535883,0.3044523682628056
cross_person,B1,11,0.5,min_jerk,10.593010433173923,0.3167131566713165
cross_person,B1,11,0.75,stay,4.834350949359101,nan
cross_person,B1,11,0.75,mean,21.91658570142017,0.1700044028139018
cross_person,B1,11,0.75,const_velocity,2.5675712207600365,0.1700044028139018
cross_person,B1,11,0.75,kalman,2.2120107137813494,0.1700044028139018
cross_person,B1,11,0.75,min_jerk,6.993584036263931,0.20004732018330373
cross_person,B1,13,0.25,stay,21.2203970912408,nan
cross_person,B1,13,0.25,mean,22.821923026455515,0.20556118818973734
cross_person,B1,13,0.25,const_velocity,5.460368457258492,0.20556118818973734
cross_person,B1,13,0.25,kalman,8.161028060095402,0.20556118818973734
cross_person,B1,13,0.25,min_jerk,14.876426909781488,0.48336654047951133
cross_person,B1,13,0.5,stay,9.463655507776373,nan
cross_person,B1,13,0.5,mean,22.821923026455515,0.13778155070286663
cross_person,B1,13,0.5,const_velocity,2.446747679695916,0.13778155070286663
cross_person,B1,13,0.5,kalman,5.476234640640374,0.13778155070286663
cross_person,B1,13,0.5,min_jerk,7.715331946735292,0.3333665404795114
cross_person,B1,13,0.75,stay,3.301602876595765,nan
cross_person,B1,13,0.75,mean,22.821923026455515,0.07000191227793842
cross_person,B1,13,0.75,const_velocity,1.8804711117260398,0.07000191227793842
cross_person,B1,13,0.75,kalman,1.1650050173715938,0.07000191227793842
cross_person,B1,13,0.75,min_jerk,5.600047913385142,0.26667330809590223
cross_person,B1,15,0.25,stay,29.4868569557098,nan
cross_person,B1,15,0.25,mean,3.0275864220947866,0.12778044693014046
cross_person,B1,15,0.25,const_velocity,35.77754991097333,0.12778044693014046
cross_person,B1,15,0.25,kalman,30.35946021540779,0.12778044693014046
cross_person,B1,15,0.25,min_jerk,893.5202160948244,2.033311748688317
cross_person,B1,15,0.5,stay,12.234790337805698,nan
cross_person,B1,15,0.5,mean,3.0275864220947866,0.09555759388104779
cross_person,B1,15,0.5,const_velocity,23.43157897696756,0.09555759388104779
cross_person,B1,15,0.5,kalman,29.75712148805087,0.09555759388104779
cross_person,B1,15,0.5,min_jerk,5.9188756716095225,0.10001992428770695
cross_person,B1,15,0.75,stay,3.0955152868418487,nan
cross_person,B1,15,0.75,mean,3.0275864220947866,0.06333474177001269
cross_person,B1,15,0.75,const_velocity,6.346954322087303,0.06333474177001269
cross_person,B1,15,0.75,kalman,7.995290353438437,0.06333474177001269
cross_person,B1,15,0.75,min_jerk,2.367339501786794,0.03335408779969459
cross_person,B1,17,0.25,stay,16.061363195508925,nan
cross_person,B1,17,0.25,mean,25.185020486685474,0.8389102949175051
cross_person,B1,17,0.25,const_velocity,28.1207305822546,0.8389102949175051
cross_person,B1,17,0.25,kalman,28.743666838007965,0.8389102949175051
cross_person,B1,17,0.25,min_jerk,16.639298283615464,1.333386464767218
cross_person,B1,17,0.5,stay,29.352892413245414,nan
cross_person,B1,17,0.5,mean,25.185020486685474,0.5711256763587078
cross_person,B1,17,0.5,const_velocity,44.121648906467875,0.5711256763587078
cross_person,B1,17,0.5,kalman,45.15869451869447,0.5711256763587078
cross_person,B1,17,0.5,min_jerk,20.292411079646886,0.9666907418476457
cross_person,B1,17,0.75,stay,21.955682317065357,nan
cross_person,B1,17,0.75,mean,25.185020486685474,0.27000689334986516
cross_person,B1,17,0.75,const_velocity,10.500164582342453,0.27000689334986516
cross_person,B1,17,0.75,kalman,12.027668668497018,0.27000689334986516
cross_person,B1,17,0.75,min_jerk,24.06481538291775,0.46667828916782894
cross_person,B1,19,0.25,stay,43.18651611669641,nan
cross_person,B1,19,0.25,mean,20.60730812622204,0.0722245341417862
cross_person,B1,19,0.25,const_velocity,1.18469746214228,0.0722245341417862
cross_person,B1,19,0.25,kalman,1.5400228439912989,0.0722245341417862
cross_person,B1,19,0.25,min_jerk,106.36007843576922,0.983301786544464
cross_person,B1,19,0.5,stay,23.80573590479396,nan
cross_person,B1,19,0.5,mean,20.60730812622204,0.0377790601669033
cross_person,B1,19,0.5,const_velocity,12.131522998705686,0.0377790601669033
cross_person,B1,19,0.5,kalman,9.953285416618037,0.0377790601669033
cross_person,B1,19,0.5,min_jerk,1.9365005466814231,0.1666359500564517
cross_person,B1,19,0.75,stay,7.252248688007021,nan
cross_person,B1,19,0.75,mean,20.60730812622204,0.0033335852539628785
cross_person,B1,19,0.75,const_velocity,4.6205981141551105,0.0033335852539628785
cross_person,B1,19,0.75,kalman,6.066964148011221,0.0033335852539628785
cross_person,B1,19,0.75,min_jerk,0.7442890609300413,0.16663595005645201
cross_person,B2,1,0.25,stay,14.51164444914142,nan
cross_person,B2,1,0.25,mean,13.375958597991765,1.0722539761722631
cross_person,B2,1,0.25,const_velocity,8.848672963968763,1.0722539761722631
cross_person,B2,1,0.25,kalman,6.905899247911801,1.0722539761722631
cross_person,B2,1,0.25,min_jerk,41.325603330252754,1.0832541348951992
cross_person,B2,1,0.5,stay,13.618639776801752,nan
cross_person,B2,1,0.5,mean,13.375958597991765,0.7044653246094157
cross_person,B2,1,0.5,const_velocity,15.85155894483269,0.7044653246094157
cross_person,B2,1,0.5,kalman,16.52101120847862,0.7044653246094157
cross_person,B2,1,0.5,min_jerk,10.789327846702474,1.0834033226507538
cross_person,B2,1,0.75,stay,11.30586308598962,nan
cross_person,B2,1,0.75,mean,13.375958597991765,0.3366766721085106
cross_person,B2,1,0.75,const_velocity,8.741030993154855,0.3366766721085106
cross_person,B2,1,0.75,kalman,9.182465782154638,0.3366766721085106
cross_person,B2,1,0.75,min_jerk,11.86521962124326,0.5333480679264744
cross_person,B2,3,0.25,stay,27.144921818937945,nan
cross_person,B2,3,0.25,mean,29.385147555964767,0.027776413926090315
cross_person,B2,3,0.25,const_velocity,36.11291528658705,0.027776413926090315
cross_person,B2,3,0.25,kalman,45.62326071291057,0.027776413926090315
cross_person,B2,3,0.25,min_jerk,10.724437163190961,0.28335911887133025
cross_person,B2,3,0.5,stay,8.840576437334784,nan
cross_person,B2,3,0.5,mean,29.385147555964767,0.028888268789486693
cross_person,B2,3,0.5,const_velocity,22.627868601255408,0.028888268789486693
cross_person,B2,3,0.5,kalman,25.26696585998827,0.028888268789486693
cross_person,B2,3,0.5,min_jerk,6.8120659422813725,0.21669337311673492
cross_person,B2,3,0.75,stay,2.0210905565964814,nan
cross_person,B2,3,0.75,mean,29.385147555964767,0.0033341296544640853
cross_person,B2,3,0.75,const_velocity,4.304019121579606,0.0033341296544640853
cross_person,B2,3,0.75,kalman,5.743653452019994,0.0033341296544640853
cross_person,B2,3,0.75,min_jerk,3.1046338667520894,0.16669337311673516
cross_person,B2,5,0.25,stay,13.319988258011886,nan
cross_person,B2,5,0.25,mean,29.08719981412932,0.005557840319314278
cross_person,B2,5,0.25,const_velocity,1.5069181881459932,0.005557840319314278
cross_person,B2,5,0.25,kalman,0.4137121472863837,0.005557840319314278
cross_person,B2,5,0.25,min_jerk,11.550627990681367,0.3666961358529489
cross_person,B2,5,0.5,stay,6.212385227675631,nan
cross_person,B2,5,0.5,mean,29.08719981412932,0.004445985455917956
cross_person,B2,5,0.5,const_velocity,9.306441523143526,0.004445985455917956
cross_person,B2,5,0.5,kalman,9.82037095820025,0.004445985455917956
cross_person,B2,5,0.5,min_jerk,29.230109804386338,0.8333011014108369
cross_person,B2,5,0.75,stay,1.1522029342548232,nan
cross_person,B2,5,0.75,mean,29.08719981412932,0.0033341296544640853
cross_person,B2,5,0.75,const_velocity,2.306777674790607,0.0033341296544640853
cross_person,B2,5,0.75,kalman,3.3975621604798194,0.0033341296544640853
cross_person,B2,5,0.75,min_jerk,2.7288387749190135,0.14996960990164687
cross_person,B2,7,0.25,stay,20.419922578994665,nan
cross_person,B2,7,0.25,mean,20.192477072955388,0.13889485730093287
cross_person,B2,7,0.25,const_velocity,14.788258680041707,0.13889485730093287
cross_person,B2,7,0.25,kalman,13.283011352889277,0.13889485730093287
cross_person,B2,7,0.25,min_jerk,390.2954651181871,2.583295575938409
cross_person,B2,7,0.5,stay,11.627806284216927,nan
cross_person,B2,7,0.5,mean,20.192477072955388,0.10444874819213196
cross_person,B2,7,0.5,const_velocity,1.6345432065386998,0.10444874819213196
cross_person,B2,7,0.5,kalman,3.8335760941801493,0.10444874819213196
cross_person,B2,7,0.5,min_jerk,7.550272071323846,0.166701661325377
cross_person,B2,7,0.75,stay,4.9215919732308695,nan
cross_person,B2,7,0.75,mean,20.192477072955388,0.07000263814527338
cross_person,B2,7,0.75,const_velocity,1.8597335415237857,0.07000263814527338
cross_person,B2,7,0.75,kalman,2.0270967867847176,0.07000263814527338
cross_person,B2,7,0.75,min_jerk,5.971649355618251,0.10003591557078195
cross_person,B2,9,0.25,stay,29.69735524393077,nan
cross_person,B2,9,0.25,mean,10.604465261475953,0.027776413926090315
cross_person,B2,9,0.25,const_velocity,19.609548211783952,0.027776413926090315
cross_person,B2,9,0.25,kalman,23.821744526805084,0.027776413926090315
cross_person,B2,9,0.25,min_jerk,11.138315429794487,0.0666381183924557
cross_person,B2,9,0.5,stay,12.721525685186796,nan
cross_person,B2,9,0.5,mean,10.604465261475953,0.028888268789486693
cross_person,B2,9,0.5,const_velocity,15.883405154262679,0.028888268789486693
cross_person,B2,9,0.5,kalman,19.033071908532033,0.028888268789486693
cross_person,B2,9,0.5,min_jerk,8.522664642431232,0.15002762736213954
cross_person,B2,9,0.75,stay,3.2831015607684573,nan
cross_person,B2,9,0.75,mean,10.604465261475953,0.0033341296544640853
cross_person,B2,9,0.75,const_velocity,7.501856077393564,0.0033341296544640853
cross_person,B2,9,0.75,kalman,8.31295560074903,0.0033341296544640853
cross_person,B2,9,0.75,min_jerk,1.985424660916044,0.033361881607544386
cross_person,B2,11,0.25,stay,30.35049824923143,nan
cross_person,B2,11,0.25,mean,21.294962618753036,1.272259501644691
cross_person,B2,11,0.25,const_velocity,27.571204249630814,1.272259501644691
cross_person,B2,11,0.25,kalman,26.316027130344903,1.272259501644691
cross_person,B2,11,0.25,min_jerk,29.042365179378706,1.7334116108593953
cross_person,B2,11,0.5,stay,30.162675983903004,nan
cross_person,B2,11,0.5,mean,21.294962618753036,0.8378023415910343
cross_person,B2,11,0.5,const_velocity,26.630882078791203,0.8378023415910343
cross_person,B2,11,0.5,kalman,27.686767556703213,0.8378023415910343
cross_person,B2,11,0.5,min_jerk,29.372945414640085,1.233367407079972
cross_person,B2,11,0.75,stay,20.672525993879137,nan
cross_person,B2,11,0.75,mean,21.294962618753036,0.4366794348447246
cross_person,B2,11,0.75,const_velocity,14.84707544826913,0.4366794348447246
cross_person,B2,11,0.75,kalman,15.305060968397102,0.4366794348447246
cross_person,B2,11,0.75,min_jerk,27.110001930421106,0.6333508306626884
cross_person,B2,13,0.25,stay,35.982803702847036,nan
cross_person,B2,13,0.25,mean,16.063405059521934,0.13889485730093287
cross_person,B2,13,0.25,const_velocity,21.38380796308554,0.13889485730093287
cross_person,B2,13,0.25,kalman,21.269823617656446,0.13889485730093287
cross_person,B2,13,0.25,min_jerk,341.41234682870794,1.5166298301838137
cross_person,B2,13,0.5,stay,17.750669276880682,nan
cross_person,B2,13,0.5,mean,16.063405059521934,0.10444874819213196
cross_person,B2,13,0.5,const_velocity,10.858431112624158,0.10444874819213196
cross_person,B2,13,0.5,kalman,12.143107802230826,0.10444874819213196
cross_person,B2,13,0.5,min_jerk,11.990803192593724,0.21670166132537683
cross_person,B2,13,0.75,stay,5.255999049963491,nan
cross_person,B2,13,0.75,mean,16.063405059521934,0.036668383899868734
cross_person,B2,13,0.75,const_velocity,1.9177567502069088,0.036668383899868734
cross_person,B2,13,0.75,kalman,2.3455980770666467,0.036668383899868734
cross_person,B2,13,0.75,min_jerk,5.483527267706091,0.10003591557078156
cross_person,B2,15,0.25,stay,17.249537696205902,nan
cross_person,B2,15,0.25,mean,23.475051358101698,0.03889209456471898
cross_person,B2,15,0.25,const_velocity,4.225625349002375,0.03889209456471898
cross_person,B2,15,0.25,kalman,4.069456661175524,0.03889209456471898
cross_person,B2,15,0.25,min_jerk,14.406273806363604,0.33336464434375823
cross_person,B2,15,0.5,stay,9.172779679892084,nan
cross_person,B2,15,0.5,mean,23.475051358101698,0.037780239701322604
cross_person,B2,15,0.5,const_velocity,6.108802392284535,0.037780239701322604
cross_person,B2,15,0.5,kalman,7.306069503157719,0.037780239701322604
cross_person,B2,15,0.5,min_jerk,5.0522922755614585,0.1833011014108366
cross_person,B2,15,0.75,stay,2.6569927870660885,nan
cross_person,B2,15,0.75,mean,23.475051358101698,0.0033341296544640853
cross_person,B2,15,0.75,const_velocity,4.380441336009099,0.0033341296544640853
cross_person,B2,15,0.75,kalman,4.232454716815463,0.0033341296544640853
cross_person,B2,15,0.75,min_jerk,2.268474565185162,0.08330110141083702
cross_person,B2,17,0.25,stay,31.784118178414055,nan
cross_person,B2,17,0.25,mean,22.25465277860875,0.27223187428255147
cross_person,B2,17,0.25,const_velocity,4.823930969834196,0.27223187428255147
cross_person,B2,17,0.25,kalman,4.568507095693882,0.27223187428255147
cross_person,B2,17,0.25,min_jerk,17.053869894811044,0.3333756952886141
cross_person,B2,17,0.5,stay,18.004919453769332,nan
cross_person,B2,17,0.5,mean,22.25465277860875,0.17111725668294125
cross_person,B2,17,0.5,const_velocity,2.7914373966307395,0.17111725668294125
cross_person,B2,17,0.5,kalman,1.4340829753569533,0.17111725668294125
cross_person,B2,17,0.5,min_jerk,17.158179101036193,0.3333756952886142
cross_person,B2,17,0.75,stay,7.769425839048534,nan
cross_person,B2,17,0.75,mean,22.25465277860875,0.10333689239067803
cross_person,B2,17,0.75,const_velocity,1.0588920116958915,0.10333689239067803
cross_person,B2,17,0.75,kalman,0.9062187853830173,0.10333689239067803
cross_person,B2,17,0.75,min_jerk,7.628261052643562,0.03337845802482814
cross_person,B2,19,0.25,stay,22.15611324672109,nan
cross_person,B2,19,0.25,mean,9.783406949973315,0.27223187428255147
cross_person,B2,19,0.25,const_velocity,12.263802327437658,0.27223187428255147
cross_person,B2,19,0.25,kalman,10.728404647928357,0.27223187428255147
cross_person,B2,19,0.25,min_jerk,20.205440034373233,0.5833756952886139
cross_person,B2,19,0.5,stay,11.503001563462021,nan
cross_person,B2,19,0.5,mean,9.783406949973315,0.17111725668294125
cross_person,B2,19,0.5,const_velocity,4.559518540620177,0.17111725668294125
cross_person,B2,19,0.5,kalman,2.7872370249632925,0.17111725668294125
cross_person,B2,19,0.5,min_jerk,9.180890285078439,0.5332872877297672
cross_person,B2,19,0.75,stay,4.923601531623654,nan
cross_person,B2,19,0.75,mean,9.783406949973315,0.10333689239067803
cross_person,B2,19,0.75,const_velocity,2.0918365001383936,0.10333689239067803
cross_person,B2,19,0.75,kalman,1.7285184705646974,0.10333689239067803
cross_person,B2,19,0.75,min_jerk,3.5200321442044586,0.3166215419751715
cross_person,B3,1,0.25,stay,11.606279488382992,nan
cross_person,B3,1,0.25,mean,18.497928874550876,0.3388957588572511
cross_person,B3,1,0.25,const_velocity,4.621851346055175,0.3388957588572511
cross_person,B3,1,0.25,kalman,5.19243569768255,0.3388957588572511
cross_person,B3,1,0.25,min_jerk,46.62857919647444,1.2166273665117329
cross_person,B3,1,0.5,stay,6.227752973541751,nan
cross_person,B3,1,0.5,mean,18.497928874550876,0.2377826275163904
cross_person,B3,1,0.5,const_velocity,3.8860036597190444,0.2377826275163904
cross_person,B3,1,0.5,kalman,4.431940106403313,0.2377826275163904
cross_person,B3,1,0.5,min_jerk,4.990505102687394,3.854438272365979e-05
cross_person,B3,1,0.75,stay,1.7529249353252678,nan
cross_person,B3,1,0.75,mean,18.497928874550876,0.10333540613192851
cross_person,B3,1,0.75,const_velocity,1.7923969641723472,0.10333540613192851
cross_person,B3,1,0.75,kalman,0.7615825602386758,0.10333540613192851
cross_person,B3,1,0.75,min_jerk,3.1342861409245333,0.06670445527717989
cross_person,B3,3,0.25,stay,22.30314405517241,nan
cross_person,B3,3,0.25,mean,19.706422781279695,0.16111557772590274
cross_person,B3,3,0.25,const_velocity,13.336531151318995,0.16111557772590274
cross_person,B3,3,0.25,kalman,9.97852471947749,0.16111557772590274
cross_person,B3,3,0.25,min_jerk,14.161837216164793,0.10001813853304614
cross_person,B3,3,0.5,stay,9.503565220693057,nan
cross_person,B3,3,0.5,mean,19.706422781279695,0.09555826353904551
cross_person,B3,3,0.5,const_velocity,24.399718140228714,0.09555826353904551
cross_person,B3,3,0.5,kalman,26.29336731822892,0.09555826353904551
cross_person,B3,3,0.5,min_jerk,36.15525429257415,0.3999818614669534
cross_person,B3,3,0.75,stay,2.0523388752100065,nan
cross_person,B3,3,0.75,mean,19.706422781279695,0.06333503939578944
cross_person,B3,3,0.75,const_velocity,6.428563163624998,0.06333503939578944
cross_person,B3,3,0.75,kalman,7.131594985893582,0.06333503939578944
cross_person,B3,3,0.75,min_jerk,1.969302210103453,0.016684049427502706
cross_person,B3,5,0.25,stay,18.042417561121887,nan
cross_person,B3,5,0.25,mean,15.861934862136387,0.838907095440405
cross_person,B3,5,0.25,const_velocity,5.217471308542484,0.838907095440405
cross_person,B3,5,0.25,kalman,2.4128004965420136,0.838907095440405
cross_person,B3,5,0.25,min_jerk,17.598277162934128,1.3167157918603336
cross_person,B3,5,0.5,stay,13.427232717057644,nan
cross_person,B3,5,0.5,mean,15.861934862136387,0.5711235185718262
cross_person,B3,5,0.5,const_velocity,12.529558747324424,0.5711235185718262
cross_person,B3,5,0.5,kalman,12.197066812926026,0.5711235185718262
cross_person,B3,5,0.5,min_jerk,13.783683912957665,0.9666885840607641
cross_person,B3,5,0.75,stay,9.368035441828882,nan
cross_person,B3,5,0.75,mean,15.861934862136387,0.2700058516596464
cross_person,B3,5,0.75,const_velocity,7.5165377320495415,0.2700058516596464
cross_person,B3,5,0.75,kalman,7.320166192922524,0.2700058516596464
cross_person,B3,5,0.75,min_jerk,11.868996302063199,0.46667724747761025
cross_person,B3,7,0.25,stay,16.203719970735246,nan
cross_person,B3,7,0.25,mean,18.89436952082677,0.13889122422398958
cross_person,B3,7,0.25,const_velocity,4.903399972283267,0.13889122422398958
cross_person,B3,7,0.25,kalman,2.6557442370894755,0.13889122422398958
cross_person,B3,7,0.25,min_jerk,19.20527581845705,0.4666364357782563
cross_person,B3,7,0.5,stay,9.124178716297719,nan
cross_person,B3,7,0.5,mean,18.89436952082677,0.10444627109421606
cross_person,B3,7,0.5,const_velocity,3.2843141849652806,0.10444627109421606
cross_person,B3,7,0.5,kalman,2.368159206496949,0.10444627109421606
cross_person,B3,7,0.5,min_jerk,5.480224886699016,0.16669538601065648
cross_person,B3,7,0.75,stay,2.728374200448376,nan
cross_person,B3,7,0.75,mean,18.89436952082677,0.03666722792084132
cross_person,B3,7,0.75,const_velocity,1.1612193671805378,0.03666722792084132
cross_person,B3,7,0.75,kalman,1.2525577327957549,0.03666722792084132
cross_person,B3,7,0.75,min_jerk,2.842398997040224,0.05002947511620029
cross_person,B3,9,0.25,stay,33.979809824998355,nan
cross_person,B3,9,0.25,mean,20.55791933255601,0.03888895690735883
cross_person,B3,9,0.25,const_velocity,13.112663218058474,0.03888895690735883
cross_person,B3,9,0.25,kalman,14.397880405460247,0.03888895690735883
cross_person,B3,9,0.25,min_jerk,4.3180959691043315,0.033359029588482136
cross_person,B3,9,0.5,stay,19.63906752683989,nan
cross_person,B3,9,0.5,mean,20.55791933255601,0.03777809288312883
cross_person,B3,9,0.5,const_velocity,8.640760704811699,0.03777809288312883
cross_person,B3,9,0.5,kalman,9.366795957906197,0.03777809288312883
cross_person,B3,9,0.5,min_jerk,13.264197907349013,0.1333590295884826
cross_person,B3,9,0.75,stay,7.101827756599895,nan
cross_person,B3,9,0.75,mean,20.55791933255601,0.0033331388152977315
cross_person,B3,9,0.75,const_velocity,3.001230319040914,0.0033331388152977315
cross_person,B3,9,0.75,kalman,3.205050979302246,0.0033331388152977315
cross_person,B3,9,0.75,min_jerk,7.085044440494167,0.016693118694025816
cross_person,B3,11,0.25,stay,25.659595036180168,nan
cross_person,B3,11,0.25,mean,2.176741376156146,0.061113310409271926
cross_person,B3,11,0.25,const_velocity,2.69787028184391,0.061113310409271926
cross_person,B3,11,0.25,kalman,3.5685182072033528,0.061113310409271926
cross_person,B3,11,0.25,min_jerk,20.57472866164963,0.2833544949552206
cross_person,B3,11,0.5,stay,12.993110983994832,nan
cross_person,B3,11,0.5,mean,2.176741376156146,0.028890085327958337
cross_person,B3,11,0.5,const_velocity,15.936946946603248,0.028890085327958337
cross_person,B3,11,0.5,kalman,17.330474231096517,0.028890085327958337
cross_person,B3,11,0.5,min_jerk,32.37707491722645,0.4999773268336917
cross_person,B3,11,0.75,stay,4.466774482915972,nan
cross_person,B3,11,0.75,mean,2.176741376156146,0.030000950290245854
cross_person,B3,11,0.75,const_velocity,1.8014891908342248,0.030000950290245854
cross_person,B3,11,0.75,kalman,3.200633489349198,0.030000950290245854
cross_person,B3,11,0.75,min_jerk,1.9481930600184574,0.016645505044779102
cross_person,B3,13,0.25,stay,26.82959810828175,nan
cross_person,B3,13,0.25,mean,17.824983740982383,0.23889349154062034
cross_person,B3,13,0.25,const_velocity,16.121446284450215,0.23889349154062034
cross_person,B3,13,0.25,kalman,15.828283854306328,0.23889349154062034
cross_person,B3,13,0.25,min_jerk,146.94287695365728,2.3166296338283634
cross_person,B3,13,0.5,stay,17.08747646544638,nan
cross_person,B3,13,0.5,mean,17.824983740982383,0.17111444930530323
cross_person,B3,13,0.5,const_velocity,1.7197308488436411,0.17111444930530323
cross_person,B3,13,0.5,kalman,2.969989212168501,0.17111444930530323
cross_person,B3,13,0.5,min_jerk,11.569391599171757,0.1666319011449945
cross_person,B3,13,0.75,stay,6.428710397207753,nan
cross_person,B3,13,0.75,mean,17.824983740982383,0.07000131702638493
cross_person,B3,13,0.75,const_velocity,2.1044207517244318,0.07000131702638493
cross_person,B3,13,0.75,kalman,2.2762342721073203,0.07000131702638493
cross_person,B3,13,0.75,min_jerk,5.106165264385038,0.19996599025053768
cross_person,B3,15,0.25,stay,16.661131476236402,nan
cross_person,B3,15,0.25,mean,12.549985729083248,1.6722593230789948
cross_person,B3,15,0.25,const_velocity,11.4965075812934,1.6722593230789948
cross_person,B3,15,0.25,kalman,11.075684575757258,1.6722593230789948
cross_person,B3,15,0.25,min_jerk,17.01500503410279,2.18341117787099
cross_person,B3,15,0.5,stay,22.613457864826795,nan
cross_person,B3,15,0.5,mean,12.549985729083248,1.1044689442605238
cross_person,B3,15,0.5,const_velocity,29.462867355543153,1.1044689442605238
cross_person,B3,15,0.5,kalman,29.31838993092543,1.1044689442605238
cross_person,B3,15,0.5,min_jerk,17.470236684792166,1.5000340097494615
cross_person,B3,15,0.75,stay,21.239115918483694,nan
cross_person,B3,15,0.75,mean,12.549985729083248,0.5700126536095388
cross_person,B3,15,0.75,const_velocity,16.933587532501406,0.5700126536095388
cross_person,B3,15,0.75,kalman,17.325400479782164,0.5700126536095388
cross_person,B3,15,0.75,min_jerk,20.483666987907284,0.7666840494275026
cross_person,B3,17,0.25,stay,33.14992228539165,nan
cross_person,B3,17,0.25,mean,3.967800454992255,0.07222304601290241
cross_person,B3,17,0.25,const_velocity,19.911223680177425,0.07222304601290241
cross_person,B3,17,0.25,kalman,16.92183046664902,0.07222304601290241
cross_person,B3,17,0.25,min_jerk,8.696957359062054,0.13335902958848245
cross_person,B3,17,0.5,stay,14.859436430700562,nan
cross_person,B3,17,0.5,mean,3.967800454992255,0.03777809288312883
cross_person,B3,17,0.5,const_velocity,12.905229737289439,0.03777809288312883
cross_person,B3,17,0.5,kalman,13.989036977533074,0.03777809288312883
cross_person,B3,17,0.5,min_jerk,7.808351615178726,0.13335902958848217
cross_person,B3,17,0.75,stay,3.866917612943582,nan
cross_person,B3,17,0.75,mean,3.967800454992255,0.0033331388152977315
cross_person,B3,17,0.75,const_velocity,2.7273069904553324,0.0033331388152977315
cross_person,B3,17,0.75,kalman,4.469647681837037,0.0033331388152977315
cross_person,B3,17,0.75,min_jerk,4.3613903183575315,0.08335902958848254
cross_person,B3,19,0.25,stay,36.916176876799476,nan
cross_person,B3,19,0.25,mean,13.737901036394401,0.6389025608071435
cross_person,B3,19,0.25,const_velocity,6.150070312490398,0.6389025608071435
cross_person,B3,19,0.25,kalman,9.338668619552742,0.6389025608071435
cross_person,B3,19,0.25,min_jerk,100.65014014993746,1.5332819408230347
cross_person,B3,19,0.5,stay,22.056675431744342,nan
cross_person,B3,19,0.5,mean,13.737901036394401,0.4377871621496519
cross_person,B3,19,0.5,const_velocity,13.757016360680499,0.4377871621496519
cross_person,B3,19,0.5,kalman,10.826348259259817,0.4377871621496519
cross_person,B3,19,0.5,min_jerk,12.376579327422462,0.16671579186033403
cross_person,B3,19,0.75,stay,9.819931035858513,nan
cross_person,B3,19,0.75,mean,13.737901036394401,0.20333767344855927
cross_person,B3,19,0.75,const_velocity,3.670089291620851,0.20333767344855927
cross_person,B3,19,0.75,kalman,3.983217633993361,0.20333767344855927
cross_person,B3,19,0.75,min_jerk,10.256611124745294,0.03338397007142074
