take,card,seed,method,success,grasp_minus_contact_s,weight_felt_after_release_s,peak_tug_n
A3,1,0,retract_after_grasp,True,0.3666752266448776,nan,8.046083748464712
A3,1,0,wait_for_weight,True,0.3666752266448776,0.26667289210536554,2.1318219246531847
A3,1,0,"reactive, wait_for_weight",True,-0.03333411151317069,0.20000466907902414,7.168548918636629
A3,3,0,retract_after_grasp,True,0.3000070036185362,nan,12.45909183044276
A3,3,0,wait_for_weight,True,0.3000070036185362,0.23333878059219484,1.5751715002420021
A3,3,0,"reactive, wait_for_weight",True,0.4000093381580483,nan,6.889466054235359
A3,5,0,retract_after_grasp,True,0.8333527878292672,nan,6.629026104659543
A3,5,0,wait_for_weight,True,0.8333527878292672,0.03333411151317069,6.205801352148941
A3,5,0,"reactive, wait_for_weight",True,0.8000186763160966,0.0,7.2352926077534025
A3,7,0,retract_after_grasp,True,0.5000116726975604,nan,5.01961432065044
A3,7,0,wait_for_weight,True,0.5000116726975604,0.23333878059219484,1.5480066934758479
A3,7,0,"reactive, wait_for_weight",True,0.03333411151317069,0.16667055756585347,7.424214745679514
A3,9,0,retract_after_grasp,True,0.6333481187502431,nan,2.8491801324058126
A3,9,0,wait_for_weight,True,0.6333481187502431,0.16667055756585347,1.5540322503142012
A3,9,0,"reactive, wait_for_weight",False,0.4666775611843897,0.06666822302634139,1.3766579806942854
A3,11,0,retract_after_grasp,False,0.4666775611843897,nan,5.985397531903159
A3,11,0,wait_for_weight,False,0.4666775611843897,0.23333878059219484,1.0344805276988234
A3,11,0,"reactive, wait_for_weight",True,-0.13333644605268277,0.20000466907902414,7.096105341516474
A3,13,0,retract_after_grasp,True,0.6666822302634139,nan,13.804444046973293
A3,13,0,wait_for_weight,True,0.6666822302634139,0.3000070036185362,3.241071552427872
A3,13,0,"reactive, wait_for_weight",True,-0.26667289210536554,0.23333878059219484,8.018082600682956
A3,15,0,retract_after_grasp,False,nan,nan,0.0
A3,15,0,wait_for_weight,False,nan,nan,0.0
A3,15,0,"reactive, wait_for_weight",True,-1.6667055756585345,0.16667055756585347,7.427146479233018
A3,17,0,retract_after_grasp,True,0.6333481187502431,nan,3.3400353372189078
A3,17,0,wait_for_weight,True,0.6333481187502431,0.20000466907902414,3.8351923637157492
A3,17,0,"reactive, wait_for_weight",True,0.26667289210536554,0.26667289210536554,3.9537174535715827
A3,19,0,retract_after_grasp,True,0.5000116726975604,nan,5.153713989343624
A3,19,0,wait_for_weight,True,0.5000116726975604,-0.5000116726975604,5.096078764454351
A3,19,0,"reactive, wait_for_weight",False,-0.6000140072370724,0.13333644605268277,6.4037095937229935
B3,1,0,retract_after_grasp,True,0.03333408910554359,nan,6.997052208385261
B3,1,0,wait_for_weight,True,0.03333408910554359,0.23333862373880512,2.8643712339784995
B3,1,0,"reactive, wait_for_weight",True,-0.7000158712164154,0.23333862373880512,6.524716722424921
B3,3,0,retract_after_grasp,False,0.5666795147942411,nan,12.32440579842677
B3,3,0,wait_for_weight,False,0.5666795147942411,nan,6.96619045318914
B3,3,0,"reactive, wait_for_weight",True,0.6000136038997846,-0.5666795147942411,13.568825887855247
B3,5,0,retract_after_grasp,True,-0.9000204058496769,nan,30.226131753262127
B3,5,0,wait_for_weight,True,-0.9000204058496769,0.23333862373880512,6.297068146132248
B3,5,0,"reactive, wait_for_weight",True,-0.9666885840607641,0.26667271284434874,7.268553484684189
B3,7,0,retract_after_grasp,True,0.16667044552771795,nan,7.808250653253173
B3,7,0,wait_for_weight,True,0.16667044552771795,0.26667271284434874,2.995997481452159
B3,7,0,"reactive, wait_for_weight",True,-0.4000090692665231,0.23333862373880512,7.262509592877849
B3,9,0,retract_after_grasp,True,0.8666863167441333,nan,3.002261678892424
B3,9,0,wait_for_weight,True,0.8666863167441333,-0.03333408910554359,5.176327796031303
B3,9,0,"reactive, wait_for_weight",True,0.9333544949552205,-0.03333408910554359,5.6535810673015945
B3,11,0,retract_after_grasp,True,0.8000181385330462,nan,2.0307448877151284
B3,11,0,wait_for_weight,True,0.8000181385330462,0.16667044552771795,2.0019432106817225
B3,11,0,"reactive, wait_for_weight",True,-0.06666817821108718,0.16667044552771795,5.65674932616987
B3,13,0,retract_after_grasp,True,0.8666863167441333,nan,3.5325115123776056
B3,13,0,wait_for_weight,True,0.8666863167441333,0.23333862373880512,2.0305268014710354
B3,13,0,"reactive, wait_for_weight",True,-0.3333408910554359,0.13333635642217437,6.846683063478642
B3,15,0,retract_after_grasp,True,0.8000181385330462,nan,3.8010477145259456
B3,15,0,wait_for_weight,True,0.8000181385330462,0.13333635642217437,2.1888679469563406
B3,15,0,"reactive, wait_for_weight",True,-2.2667180591769642,0.23333862373880512,7.091385665094205
B3,17,0,retract_after_grasp,True,0.5000113365831539,nan,6.101832915542095
B3,17,0,wait_for_weight,True,0.5000113365831539,0.3000068019498923,3.794190750889168
B3,17,0,"reactive, wait_for_weight",True,-0.20000453463326154,0.16667044552771795,7.048197265798957
B3,19,0,retract_after_grasp,True,0.3000068019498923,nan,20.2368459899861
B3,19,0,wait_for_weight,True,0.3000068019498923,0.23333862373880512,7.051040284976202
B3,19,0,"reactive, wait_for_weight",True,-0.8000181385330462,0.16667044552771795,6.048550473876306
A3,1,1,retract_after_grasp,True,0.3666752266448776,nan,8.208103660525222
A3,1,1,wait_for_weight,True,0.3666752266448776,0.26667289210536554,2.0616617700199655
A3,1,1,"reactive, wait_for_weight",True,-0.03333411151317069,0.20000466907902414,7.168548918636629
A3,3,1,retract_after_grasp,True,0.3000070036185362,nan,11.546087752543855
A3,3,1,wait_for_weight,True,0.3000070036185362,0.23333878059219484,1.5715951396082908
A3,3,1,"reactive, wait_for_weight",True,0.4000093381580483,nan,6.889466054235359
A3,5,1,retract_after_grasp,True,0.8333527878292672,nan,6.469506893401425
A3,5,1,wait_for_weight,True,0.8333527878292672,0.03333411151317069,5.034559100665164
A3,5,1,"reactive, wait_for_weight",True,0.8000186763160966,0.0,7.2352926077534025
A3,7,1,retract_after_grasp,True,0.4000093381580483,nan,5.267763390654609
A3,7,1,wait_for_weight,True,0.4000093381580483,0.23333878059219484,0.936353558495871
A3,7,1,"reactive, wait_for_weight",True,0.03333411151317069,0.16667055756585347,7.424214745679514
A3,9,1,retract_after_grasp,True,0.6666822302634139,nan,2.946880823400357
A3,9,1,wait_for_weight,True,0.6666822302634139,0.06666822302634139,1.6909719593147006
A3,9,1,"reactive, wait_for_weight",False,0.4666775611843897,0.06666822302634139,1.3766579806942854
A3,11,1,retract_after_grasp,True,0.3666752266448776,nan,4.875171673064202
A3,11,1,wait_for_weight,True,0.3666752266448776,0.16667055756585347,1.777431053033682
A3,11,1,"reactive, wait_for_weight",True,-0.13333644605268277,0.20000466907902414,7.096105341516474
A3,13,1,retract_after_grasp,True,0.6333481187502431,nan,6.000325682578843
A3,13,1,wait_for_weight,True,0.6333481187502431,0.3000070036185362,3.304128642820583
A3,13,1,"reactive, wait_for_weight",True,-0.26667289210536554,0.23333878059219484,8.018082600682956
A3,15,1,retract_after_grasp,False,nan,nan,0.0
A3,15,1,wait_for_weight,False,nan,nan,0.0
A3,15,1,"reactive, wait_for_weight",True,-1.6667055756585345,0.16667055756585347,7.427146479233018
A3,17,1,retract_after_grasp,True,0.5333457842107311,nan,3.618372862920619
A3,17,1,wait_for_weight,True,0.5333457842107311,0.20000466907902414,3.9932728820780437
A3,17,1,"reactive, wait_for_weight",True,0.26667289210536554,0.26667289210536554,3.9537174535715827
A3,19,1,retract_after_grasp,False,0.5000116726975604,nan,5.615087560236011
A3,19,1,wait_for_weight,False,0.5000116726975604,-0.4666775611843897,5.555699318203723
A3,19,1,"reactive, wait_for_weight",False,-0.6000140072370724,0.13333644605268277,6.4037095937229935
B3,1,1,retract_after_grasp,False,nan,nan,0.0
B3,1,1,wait_for_weight,False,nan,nan,0.0
B3,1,1,"reactive, wait_for_weight",True,-0.7000158712164154,0.23333862373880512,6.524716722424921
B3,3,1,retract_after_grasp,False,0.6000136038997846,nan,12.309539558204799
B3,3,1,wait_for_weight,False,0.6000136038997846,nan,6.544508722790983
B3,3,1,"reactive, wait_for_weight",True,0.6000136038997846,-0.5666795147942411,13.568825887855247
B3,5,1,retract_after_grasp,True,-0.8666863167441333,nan,18.786710841784714
B3,5,1,wait_for_weight,True,-0.8666863167441333,0.26667271284434874,6.732860364236038
B3,5,1,"reactive, wait_for_weight",True,-0.9666885840607641,0.26667271284434874,7.268553484684189
B3,7,1,retract_after_grasp,True,0.20000453463326154,nan,7.8095771371324405
B3,7,1,wait_for_weight,True,0.20000453463326154,0.26667271284434874,2.1775312289906577
B3,7,1,"reactive, wait_for_weight",True,-0.4000090692665231,0.23333862373880512,7.262509592877849
B3,9,1,retract_after_grasp,True,0.8666863167441333,nan,3.3660050813695928
B3,9,1,wait_for_weight,True,0.8666863167441333,-0.06666817821108718,4.775274748238643
B3,9,1,"reactive, wait_for_weight",True,0.9333544949552205,-0.03333408910554359,5.6535810673015945
B3,11,1,retract_after_grasp,True,0.6333476930053282,nan,5.63235033395809
B3,11,1,wait_for_weight,True,0.6333476930053282,0.03333408910554359,3.1822810323093687
B3,11,1,"reactive, wait_for_weight",True,-0.06666817821108718,0.16667044552771795,5.65674932616987
B3,13,1,retract_after_grasp,False,nan,nan,0.0
B3,13,1,wait_for_weight,False,nan,nan,0.0
B3,13,1,"reactive, wait_for_weight",True,-0.3333408910554359,0.13333635642217437,6.846683063478642
B3,15,1,retract_after_grasp,True,0.8000181385330462,nan,3.6304167375361622
B3,15,1,wait_for_weight,True,0.8000181385330462,0.10000226731663077,2.2946764834036864
B3,15,1,"reactive, wait_for_weight",True,-2.2667180591769642,0.23333862373880512,7.091385665094205
B3,17,1,retract_after_grasp,True,0.23333862373880512,nan,4.978784930991477
B3,17,1,wait_for_weight,True,0.23333862373880512,-0.46667724747761025,5.07329297298293
B3,17,1,"reactive, wait_for_weight",True,-0.20000453463326154,0.16667044552771795,7.048197265798957
B3,19,1,retract_after_grasp,True,0.733349960321959,nan,18.110582166394874
B3,19,1,wait_for_weight,True,0.733349960321959,0.20000453463326154,4.230529818851412
B3,19,1,"reactive, wait_for_weight",True,-0.8000181385330462,0.16667044552771795,6.048550473876306
A3,1,2,retract_after_grasp,True,0.4666775611843897,nan,9.160657755312466
A3,1,2,wait_for_weight,True,0.4666775611843897,0.23333878059219484,1.4681710348423114
A3,1,2,"reactive, wait_for_weight",True,-0.03333411151317069,0.20000466907902414,7.168548918636629
A3,3,2,retract_after_grasp,True,0.3000070036185362,nan,11.570266269520182
A3,3,2,wait_for_weight,True,0.3000070036185362,0.23333878059219484,1.575742354100332
A3,3,2,"reactive, wait_for_weight",True,0.4000093381580483,nan,6.889466054235359
A3,5,2,retract_after_grasp,True,0.8000186763160966,nan,6.561556095535729
A3,5,2,wait_for_weight,True,0.8000186763160966,0.0,7.1536811132755656
A3,5,2,"reactive, wait_for_weight",True,0.8000186763160966,0.0,7.2352926077534025
A3,7,2,retract_after_grasp,True,0.4000093381580483,nan,4.987091322272709
A3,7,2,wait_for_weight,True,0.4000093381580483,0.23333878059219484,1.3377657642944023
A3,7,2,"reactive, wait_for_weight",True,0.03333411151317069,0.16667055756585347,7.424214745679514
A3,9,2,retract_after_grasp,True,0.5666798957239018,nan,2.670482070006964
A3,9,2,wait_for_weight,True,0.5666798957239018,0.13333644605268277,0.9398826636906882
A3,9,2,"reactive, wait_for_weight",False,0.4666775611843897,0.06666822302634139,1.3766579806942854
A3,11,2,retract_after_grasp,True,0.3000070036185362,nan,4.394168789982847
A3,11,2,wait_for_weight,True,0.3000070036185362,0.16667055756585347,1.065030146526877
A3,11,2,"reactive, wait_for_weight",True,-0.13333644605268277,0.20000466907902414,7.096105341516474
A3,13,2,retract_after_grasp,True,0.5000116726975604,nan,8.428392039036915
A3,13,2,wait_for_weight,True,0.5000116726975604,-0.4666775611843897,4.9793942102191835
A3,13,2,"reactive, wait_for_weight",True,-0.26667289210536554,0.23333878059219484,8.018082600682956
A3,15,2,retract_after_grasp,True,0.10000233453951207,nan,7.769224454085585
A3,15,2,wait_for_weight,True,0.10000233453951207,nan,8.007968194988496
A3,15,2,"reactive, wait_for_weight",True,-1.6667055756585345,0.16667055756585347,7.427146479233018
A3,17,2,retract_after_grasp,True,0.6000140072370724,nan,3.500507159668455
A3,17,2,wait_for_weight,True,0.6000140072370724,0.20000466907902414,3.740032963462075
A3,17,2,"reactive, wait_for_weight",True,0.26667289210536554,0.26667289210536554,3.9537174535715827
A3,19,2,retract_after_grasp,False,0.5000116726975604,nan,5.590672980584193
A3,19,2,wait_for_weight,False,0.5000116726975604,-0.4666775611843897,5.546498964995634
A3,19,2,"reactive, wait_for_weight",False,-0.6000140072370724,0.13333644605268277,6.4037095937229935
B3,1,2,retract_after_grasp,True,0.16667044552771795,nan,3.0820426978935633
B3,1,2,wait_for_weight,True,0.16667044552771795,0.20000453463326154,2.0451260352833454
B3,1,2,"reactive, wait_for_weight",True,-0.7000158712164154,0.23333862373880512,6.524716722424921
B3,3,2,retract_after_grasp,True,0.5666795147942411,nan,12.306443852816388
B3,3,2,wait_for_weight,True,0.5666795147942411,nan,6.064715336996739
B3,3,2,"reactive, wait_for_weight",True,0.6000136038997846,-0.5666795147942411,13.568825887855247
B3,5,2,retract_after_grasp,True,-0.9333544949552205,nan,41.36647919568746
B3,5,2,wait_for_weight,True,-0.9333544949552205,0.23333862373880512,6.113536553026083
B3,5,2,"reactive, wait_for_weight",True,-0.9666885840607641,0.26667271284434874,7.268553484684189
B3,7,2,retract_after_grasp,True,0.06666817821108718,nan,7.733799735516603
B3,7,2,wait_for_weight,True,0.06666817821108718,0.26667271284434874,3.289809197579693
B3,7,2,"reactive, wait_for_weight",True,-0.4000090692665231,0.23333862373880512,7.262509592877849
B3,9,2,retract_after_grasp,True,0.9000204058496769,nan,3.0327417821783897
B3,9,2,wait_for_weight,True,0.9000204058496769,-0.03333408910554359,4.801891999053093
B3,9,2,"reactive, wait_for_weight",True,0.9333544949552205,-0.03333408910554359,5.6535810673015945
B3,11,2,retract_after_grasp,True,0.6000136038997846,nan,5.627203642539915
B3,11,2,wait_for_weight,True,0.6000136038997846,-0.03333408910554359,7.003963671460601
B3,11,2,"reactive, wait_for_weight",True,-0.06666817821108718,0.16667044552771795,5.65674932616987
B3,13,2,retract_after_grasp,True,0.5000113365831539,nan,17.415539028260582
B3,13,2,wait_for_weight,True,0.5000113365831539,0.23333862373880512,1.4272220703924294
B3,13,2,"reactive, wait_for_weight",True,-0.3333408910554359,0.13333635642217437,6.846683063478642
B3,15,2,retract_after_grasp,True,0.6333476930053282,nan,4.626033863493061
B3,15,2,wait_for_weight,True,0.6333476930053282,0.16667044552771795,1.5839745000257128
B3,15,2,"reactive, wait_for_weight",True,-2.2667180591769642,0.23333862373880512,7.091385665094205
B3,17,2,retract_after_grasp,True,0.26667271284434874,nan,5.995005322711038
B3,17,2,wait_for_weight,True,0.26667271284434874,0.26667271284434874,2.7458268659254683
B3,17,2,"reactive, wait_for_weight",True,-0.20000453463326154,0.16667044552771795,7.048197265798957
B3,19,2,retract_after_grasp,True,0.6333476930053282,nan,17.000879739368187
B3,19,2,wait_for_weight,True,0.6333476930053282,0.20000453463326154,4.471757972818187
B3,19,2,"reactive, wait_for_weight",True,-0.8000181385330462,0.16667044552771795,6.048550473876306
A3,1,3,retract_after_grasp,True,0.33334111513170694,nan,8.142304933667651
A3,1,3,wait_for_weight,True,0.33334111513170694,0.26667289210536554,2.496464673674217
A3,1,3,"reactive, wait_for_weight",True,-0.03333411151317069,0.20000466907902414,7.168548918636629
A3,3,3,retract_after_grasp,True,0.33334111513170694,nan,4.512075801119933
A3,3,3,wait_for_weight,True,0.33334111513170694,0.23333878059219484,1.610304089645779
A3,3,3,"reactive, wait_for_weight",True,0.4000093381580483,nan,6.889466054235359
A3,5,3,retract_after_grasp,True,0.9000210108556087,nan,2.7308376309975513
A3,5,3,wait_for_weight,True,0.9000210108556087,nan,1.0258845934571883
A3,5,3,"reactive, wait_for_weight",True,0.8000186763160966,0.0,7.2352926077534025
A3,7,3,retract_after_grasp,True,0.3666752266448776,nan,5.323665136136667
A3,7,3,wait_for_weight,True,0.3666752266448776,0.23333878059219484,1.1666352370755906
A3,7,3,"reactive, wait_for_weight",True,0.03333411151317069,0.16667055756585347,7.424214745679514
A3,9,3,retract_after_grasp,True,0.6666822302634139,nan,2.6886291819400188
A3,9,3,wait_for_weight,True,0.6666822302634139,0.06666822302634139,1.2183699001311283
A3,9,3,"reactive, wait_for_weight",False,0.4666775611843897,0.06666822302634139,1.3766579806942854
A3,11,3,retract_after_grasp,True,0.433343449671219,nan,4.819567875163313
A3,11,3,wait_for_weight,True,0.433343449671219,0.16667055756585347,1.9659834794856323
A3,11,3,"reactive, wait_for_weight",True,-0.13333644605268277,0.20000466907902414,7.096105341516474
A3,13,3,retract_after_grasp,True,1.0333574569082915,nan,3.6263247357462705
A3,13,3,wait_for_weight,True,1.0333574569082915,0.20000466907902414,3.4475739271041284
A3,13,3,"reactive, wait_for_weight",True,-0.26667289210536554,0.23333878059219484,8.018082600682956
A3,15,3,retract_after_grasp,True,0.8000186763160966,nan,3.449698710697057
A3,15,3,wait_for_weight,True,0.8000186763160966,0.23333878059219484,2.4844410930075953
A3,15,3,"reactive, wait_for_weight",True,-1.6667055756585345,0.16667055756585347,7.427146479233018
A3,17,3,retract_after_grasp,False,nan,nan,0.0
A3,17,3,wait_for_weight,False,nan,nan,0.0
A3,17,3,"reactive, wait_for_weight",True,0.26667289210536554,0.26667289210536554,3.9537174535715827
A3,19,3,retract_after_grasp,False,0.5666798957239018,nan,5.446181225812759
A3,19,3,wait_for_weight,False,0.5666798957239018,-0.4000093381580483,5.4876014923491825
A3,19,3,"reactive, wait_for_weight",False,-0.6000140072370724,0.13333644605268277,6.4037095937229935
B3,1,3,retract_after_grasp,True,0.26667271284434874,nan,2.9364116337384365
B3,1,3,wait_for_weight,True,0.26667271284434874,0.20000453463326154,1.6575801547608329
B3,1,3,"reactive, wait_for_weight",True,-0.7000158712164154,0.23333862373880512,6.524716722424921
B3,3,3,retract_after_grasp,True,0.6000136038997846,nan,10.65991866063103
B3,3,3,wait_for_weight,True,0.6000136038997846,nan,5.69080940149796
B3,3,3,"reactive, wait_for_weight",True,0.6000136038997846,-0.5666795147942411,13.568825887855247
B3,5,3,retract_after_grasp,True,-0.9000204058496769,nan,30.24747575024325
B3,5,3,wait_for_weight,True,-0.9000204058496769,0.23333862373880512,6.294474759488371
B3,5,3,"reactive, wait_for_weight",True,-0.9666885840607641,0.26667271284434874,7.268553484684189
B3,7,3,retract_after_grasp,True,0.20000453463326154,nan,7.698202468395801
B3,7,3,wait_for_weight,True,0.20000453463326154,0.23333862373880512,2.213658417873381
B3,7,3,"reactive, wait_for_weight",True,-0.4000090692665231,0.23333862373880512,7.262509592877849
B3,9,3,retract_after_grasp,False,0.9666885840607641,nan,6.159080862434228
B3,9,3,wait_for_weight,False,0.9666885840607641,-0.03333408910554359,5.60163164038363
B3,9,3,"reactive, wait_for_weight",True,0.9333544949552205,-0.03333408910554359,5.6535810673015945
B3,11,3,retract_after_grasp,False,nan,nan,0.0
B3,11,3,wait_for_weight,False,nan,nan,0.0
B3,11,3,"reactive, wait_for_weight",True,-0.06666817821108718,0.16667044552771795,5.65674932616987
B3,13,3,retract_after_grasp,True,0.7666840494275026,nan,5.008808001871282
B3,13,3,wait_for_weight,True,0.7666840494275026,0.23333862373880512,2.0468457249553302
B3,13,3,"reactive, wait_for_weight",True,-0.3333408910554359,0.13333635642217437,6.846683063478642
B3,15,3,retract_after_grasp,True,0.9000204058496769,nan,1.7244251394499417
B3,15,3,wait_for_weight,True,0.9000204058496769,0.10000226731663077,2.528931714436507
B3,15,3,"reactive, wait_for_weight",True,-2.2667180591769642,0.23333862373880512,7.091385665094205
B3,17,3,retract_after_grasp,True,0.5333454256886975,nan,5.865003129610375
B3,17,3,wait_for_weight,True,0.5333454256886975,0.26667271284434874,3.8495593252800777
B3,17,3,"reactive, wait_for_weight",True,-0.20000453463326154,0.16667044552771795,7.048197265798957
B3,19,3,retract_after_grasp,True,0.5000113365831539,nan,7.383854622286388
B3,19,3,wait_for_weight,True,0.5000113365831539,0.23333862373880512,5.342222063328077
B3,19,3,"reactive, wait_for_weight",True,-0.8000181385330462,0.16667044552771795,6.048550473876306
A3,1,4,retract_after_grasp,True,0.3666752266448776,nan,8.01335703586008
A3,1,4,wait_for_weight,True,0.3666752266448776,0.26667289210536554,2.0025508596896784
A3,1,4,"reactive, wait_for_weight",True,-0.03333411151317069,0.20000466907902414,7.168548918636629
A3,3,4,retract_after_grasp,True,0.26667289210536554,nan,16.42767025345024
A3,3,4,wait_for_weight,True,0.26667289210536554,0.20000466907902414,1.4133644094925681
A3,3,4,"reactive, wait_for_weight",True,0.4000093381580483,nan,6.889466054235359
A3,5,4,retract_after_grasp,True,0.8333527878292672,nan,6.66982759916813
A3,5,4,wait_for_weight,True,0.8333527878292672,0.03333411151317069,6.108811564634753
A3,5,4,"reactive, wait_for_weight",True,0.8000186763160966,0.0,7.2352926077534025
A3,7,4,retract_after_grasp,True,0.33334111513170694,nan,5.038517830208356
A3,7,4,wait_for_weight,True,0.33334111513170694,0.23333878059219484,1.1270387614323742
A3,7,4,"reactive, wait_for_weight",True,0.03333411151317069,0.16667055756585347,7.424214745679514
A3,9,4,retract_after_grasp,True,0.6000140072370724,nan,3.068881790597864
A3,9,4,wait_for_weight,True,0.6000140072370724,0.16667055756585347,1.2093138182749463
A3,9,4,"reactive, wait_for_weight",False,0.4666775611843897,0.06666822302634139,1.3766579806942854
A3,11,4,retract_after_grasp,True,0.3000070036185362,nan,4.593984231919933
A3,11,4,wait_for_weight,True,0.3000070036185362,0.16667055756585347,0.9994250513124205
A3,11,4,"reactive, wait_for_weight",True,-0.13333644605268277,0.20000466907902414,7.096105341516474
A3,13,4,retract_after_grasp,True,0.7000163417765846,nan,5.598908487150936
A3,13,4,wait_for_weight,True,0.7000163417765846,0.3000070036185362,2.9963839149315614
A3,13,4,"reactive, wait_for_weight",True,-0.26667289210536554,0.23333878059219484,8.018082600682956
A3,15,4,retract_after_grasp,True,0.8333527878292672,nan,3.5358473749398245
A3,15,4,wait_for_weight,True,0.8333527878292672,0.23333878059219484,2.4505116380377907
A3,15,4,"reactive, wait_for_weight",True,-1.6667055756585345,0.16667055756585347,7.427146479233018
A3,17,4,retract_after_grasp,True,0.433343449671219,nan,4.293239107475842
A3,17,4,wait_for_weight,True,0.433343449671219,0.23333878059219484,3.631503758134721
A3,17,4,"reactive, wait_for_weight",True,0.26667289210536554,0.26667289210536554,3.9537174535715827
A3,19,4,retract_after_grasp,False,0.33334111513170694,nan,28.434760872831184
A3,19,4,wait_for_weight,True,0.33334111513170694,nan,5.621506016229194
A3,19,4,"reactive, wait_for_weight",False,-0.6000140072370724,0.13333644605268277,6.4037095937229935
B3,1,4,retract_after_grasp,True,0.3000068019498923,nan,2.6540503599679055
B3,1,4,wait_for_weight,True,0.3000068019498923,0.20000453463326154,1.7200689530748792
B3,1,4,"reactive, wait_for_weight",True,-0.7000158712164154,0.23333862373880512,6.524716722424921
B3,3,4,retract_after_grasp,False,nan,nan,0.0
B3,3,4,wait_for_weight,False,nan,nan,0.0
B3,3,4,"reactive, wait_for_weight",True,0.6000136038997846,-0.5666795147942411,13.568825887855247
B3,5,4,retract_after_grasp,True,-0.8666863167441333,nan,38.77224414464399
B3,5,4,wait_for_weight,True,-0.8666863167441333,0.26667271284434874,6.745146518544083
B3,5,4,"reactive, wait_for_weight",True,-0.9666885840607641,0.26667271284434874,7.268553484684189
B3,7,4,retract_after_grasp,True,0.06666817821108718,nan,7.597799016309889
B3,7,4,wait_for_weight,True,0.06666817821108718,0.26667271284434874,4.018741643469396
B3,7,4,"reactive, wait_for_weight",True,-0.4000090692665231,0.23333862373880512,7.262509592877849
B3,9,4,retract_after_grasp,False,0.8666863167441333,nan,4.977616535577643
B3,9,4,wait_for_weight,False,0.8666863167441333,0.0,5.5293201103061556
B3,9,4,"reactive, wait_for_weight",True,0.9333544949552205,-0.03333408910554359,5.6535810673015945
B3,11,4,retract_after_grasp,True,0.43334315837206666,nan,4.692244344723023
B3,11,4,wait_for_weight,True,0.43334315837206666,-0.10000226731663077,4.740220707448783
B3,11,4,"reactive, wait_for_weight",True,-0.06666817821108718,0.16667044552771795,5.65674932616987
B3,13,4,retract_after_grasp,False,nan,nan,0.0
B3,13,4,wait_for_weight,False,nan,nan,0.0
B3,13,4,"reactive, wait_for_weight",True,-0.3333408910554359,0.13333635642217437,6.846683063478642
B3,15,4,retract_after_grasp,True,0.6666817821108718,nan,4.243081281504461
B3,15,4,wait_for_weight,True,0.6666817821108718,0.13333635642217437,1.420198189828862
B3,15,4,"reactive, wait_for_weight",True,-2.2667180591769642,0.23333862373880512,7.091385665094205
B3,17,4,retract_after_grasp,True,0.23333862373880512,nan,5.357073437032091
B3,17,4,wait_for_weight,True,0.23333862373880512,0.23333862373880512,2.5175896230575088
B3,17,4,"reactive, wait_for_weight",True,-0.20000453463326154,0.16667044552771795,7.048197265798957
B3,19,4,retract_after_grasp,True,0.3666749801609795,nan,31.976687022596835
B3,19,4,wait_for_weight,True,0.3666749801609795,0.23333862373880512,6.554204046011227
B3,19,4,"reactive, wait_for_weight",True,-0.8000181385330462,0.16667044552771795,6.048550473876306
