take,card,seed,method,transferred,dropped,release_minus_human_s,released_before_human_grip,peak_tug_n
A3,2,,at_contact,True,False,-0.8000186763160966,True,0.0
A3,2,,mean_hold,True,False,0.13333644605268277,False,3.9837111185596394
A3,2,0,predicted_hold,True,False,0.0,False,3.9837111185596394
A3,2,1,predicted_hold,True,False,0.03333411151317069,False,3.9837111185596394
A3,2,2,predicted_hold,True,False,0.0,False,3.9837111185596394
A3,2,3,predicted_hold,True,False,0.13333644605268277,False,3.9837111185596394
A3,2,4,predicted_hold,True,False,0.06666822302634139,False,3.9837111185596394
A3,2,,weight_share,True,False,-0.3666752266448776,False,3.5733049649061885
A3,2,,pull,True,False,0.26667289210536554,False,5.827565112328317
A3,4,,at_contact,True,False,-0.6333481187502431,True,0.0
A3,4,,mean_hold,True,False,0.3000070036185362,False,7.8728043294591155
A3,4,0,predicted_hold,True,False,0.13333644605268277,False,3.9714024178034175
A3,4,1,predicted_hold,True,False,0.16667055756585347,False,3.9714024178034175
A3,4,2,predicted_hold,True,False,0.10000233453951207,False,3.9714024178034175
A3,4,3,predicted_hold,True,False,0.16667055756585347,False,3.9714024178034175
A3,4,4,predicted_hold,True,False,0.13333644605268277,False,3.9714024178034175
A3,4,,weight_share,True,False,0.16667055756585347,False,3.9714024178034175
A3,4,,pull,True,False,-0.5666798957239018,True,0.0
A3,6,,at_contact,True,False,-0.7666845648029259,True,0.0
A3,6,,mean_hold,True,False,0.16667055756585347,False,9.470477438025211
A3,6,0,predicted_hold,True,False,0.06666822302634139,False,9.470477438025211
A3,6,1,predicted_hold,True,False,0.10000233453951207,False,9.470477438025211
A3,6,2,predicted_hold,True,False,0.06666822302634139,False,9.470477438025211
A3,6,3,predicted_hold,True,False,0.13333644605268277,False,9.470477438025211
A3,6,4,predicted_hold,True,False,0.10000233453951207,False,9.470477438025211
A3,6,,weight_share,True,False,-0.7000163417765846,True,0.0
A3,6,,pull,True,False,0.3000070036185362,False,9.513711430944749
A3,8,,at_contact,True,False,-0.7666845648029259,True,0.0
A3,8,,mean_hold,True,False,0.16667055756585347,False,5.111659155853173
A3,8,0,predicted_hold,True,False,0.10000233453951207,False,5.111659155853173
A3,8,1,predicted_hold,True,False,0.10000233453951207,False,5.111659155853173
A3,8,2,predicted_hold,True,False,0.10000233453951207,False,5.111659155853173
A3,8,3,predicted_hold,True,False,0.16667055756585347,False,5.111659155853173
A3,8,4,predicted_hold,True,False,0.13333644605268277,False,5.111659155853173
A3,8,,weight_share,True,False,0.23333878059219484,False,5.111659155853173
A3,8,,pull,True,False,0.33334111513170694,False,9.208566380840608
A3,10,,at_contact,True,False,-0.6666822302634139,False,0.0
A3,10,,mean_hold,True,False,0.26667289210536554,False,19.066515946670958
A3,10,0,predicted_hold,True,False,0.16667055756585347,False,19.066515946670958
A3,10,1,predicted_hold,True,False,0.20000466907902414,False,19.066515946670958
A3,10,2,predicted_hold,True,False,0.16667055756585347,False,19.066515946670958
A3,10,3,predicted_hold,True,False,0.23333878059219484,False,19.066515946670958
A3,10,4,predicted_hold,True,False,0.20000466907902414,False,19.066515946670958
A3,10,,weight_share,True,False,-0.6000140072370724,False,7.89316905826989
A3,10,,pull,True,False,0.3666752266448776,False,19.066515946670958
A3,12,,at_contact,True,False,-0.7333504532897552,True,0.0
A3,12,,mean_hold,True,False,0.20000466907902414,False,2.623048916638917
A3,12,0,predicted_hold,True,False,0.03333411151317069,False,2.623048916638917
A3,12,1,predicted_hold,True,False,0.03333411151317069,False,2.623048916638917
A3,12,2,predicted_hold,True,False,0.0,False,2.603647761644117
A3,12,3,predicted_hold,True,False,0.03333411151317069,False,2.623048916638917
A3,12,4,predicted_hold,True,False,0.03333411151317069,False,2.623048916638917
A3,12,,weight_share,True,False,0.13333644605268277,False,2.623048916638917
A3,12,,pull,True,False,0.3666752266448776,False,7.88051662354349
A3,14,,at_contact,True,False,-1.1333597914478035,True,0.0
A3,14,,mean_hold,True,False,-0.20000466907902414,False,1.732251156841874
A3,14,0,predicted_hold,True,False,-0.23333878059219484,False,1.732251156841874
A3,14,1,predicted_hold,True,False,-0.23333878059219484,False,1.732251156841874
A3,14,2,predicted_hold,True,False,-0.26667289210536554,False,1.732251156841874
A3,14,3,predicted_hold,True,False,-0.23333878059219484,False,1.732251156841874
A3,14,4,predicted_hold,True,False,-0.23333878059219484,False,1.732251156841874
A3,14,,weight_share,True,False,-0.9000210108556087,False,1.278650804916958
A3,14,,pull,True,False,0.433343449671219,False,8.696838049339092
A3,16,,at_contact,True,False,-0.7333504532897552,True,0.0
A3,16,,mean_hold,True,False,0.20000466907902414,False,3.47113271866652
A3,16,0,predicted_hold,True,False,0.10000233453951207,False,3.47113271866652
A3,16,1,predicted_hold,True,False,0.06666822302634139,False,3.47113271866652
A3,16,2,predicted_hold,True,False,0.06666822302634139,False,3.47113271866652
A3,16,3,predicted_hold,True,False,0.10000233453951207,False,3.47113271866652
A3,16,4,predicted_hold,True,False,0.10000233453951207,False,3.47113271866652
A3,16,,weight_share,True,False,0.13333644605268277,False,3.47113271866652
A3,16,,pull,True,False,0.433343449671219,False,7.665115535056867
A3,18,,at_contact,True,False,-0.7333504532897552,True,0.0
A3,18,,mean_hold,True,False,0.20000466907902414,False,3.5044038890622757
A3,18,0,predicted_hold,True,False,0.13333644605268277,False,3.5044038890622757
A3,18,1,predicted_hold,True,False,0.13333644605268277,False,3.5044038890622757
A3,18,2,predicted_hold,True,False,0.10000233453951207,False,3.5044038890622757
A3,18,3,predicted_hold,True,False,0.13333644605268277,False,3.5044038890622757
A3,18,4,predicted_hold,True,False,0.13333644605268277,False,3.5044038890622757
A3,18,,weight_share,False,False,1.0000233453951208,False,10.847393888494578
A3,18,,pull,True,False,0.433343449671219,False,8.330736210463174
A3,20,,at_contact,True,False,-0.7666845648029259,False,16.399317802481757
A3,20,,mean_hold,True,False,0.16667055756585347,False,16.399317802481757
A3,20,0,predicted_hold,True,False,0.16667055756585347,False,16.399317802481757
A3,20,1,predicted_hold,True,False,0.13333644605268277,False,16.399317802481757
A3,20,2,predicted_hold,True,False,0.13333644605268277,False,16.399317802481757
A3,20,3,predicted_hold,True,False,0.16667055756585347,False,16.399317802481757
A3,20,4,predicted_hold,True,False,0.16667055756585347,False,16.399317802481757
A3,20,,weight_share,True,False,-0.5666798957239018,False,16.399317802481757
A3,20,,pull,True,False,0.4000093381580483,False,16.399317802481757
B3,2,,at_contact,True,False,-1.0333567622718514,True,0.0
B3,2,,mean_hold,True,False,-0.10000226731663077,False,3.380978849217751
B3,2,0,predicted_hold,True,False,-0.16667044552771795,False,3.380978849217751
B3,2,1,predicted_hold,True,False,-0.13333635642217437,False,3.380978849217751
B3,2,2,predicted_hold,True,False,-0.16667044552771795,False,3.380978849217751
B3,2,3,predicted_hold,True,False,-0.03333408910554359,False,3.917517696678023
B3,2,4,predicted_hold,True,False,-0.06666817821108718,False,3.5835881787378887
B3,2,,weight_share,True,False,-0.8333522276385897,True,0.0
B3,2,,pull,True,False,0.3666749801609795,False,5.782457313895939
B3,4,,at_contact,True,False,-1.0333567622718514,True,0.0
B3,4,,mean_hold,True,False,-0.10000226731663077,False,2.463878041045916
B3,4,0,predicted_hold,True,False,-0.06666817821108718,False,2.463878041045916
B3,4,1,predicted_hold,True,False,-0.10000226731663077,False,2.463878041045916
B3,4,2,predicted_hold,True,False,-0.10000226731663077,False,2.463878041045916
B3,4,3,predicted_hold,True,False,0.03333408910554359,False,2.463878041045916
B3,4,4,predicted_hold,True,False,-0.03333408910554359,False,2.463878041045916
B3,4,,weight_share,True,False,-0.9333544949552205,True,0.0
B3,4,,pull,True,False,0.3333408910554359,False,4.441466099597841
B3,6,,at_contact,False,True,-1.466699920643918,True,0.0
B3,6,,mean_hold,True,False,-0.5333454256886975,False,11.788683542323549
B3,6,0,predicted_hold,True,False,-0.46667724747761025,False,11.788683542323549
B3,6,1,predicted_hold,True,False,-0.43334315837206666,False,11.788683542323549
B3,6,2,predicted_hold,True,False,-0.43334315837206666,False,11.788683542323549
B3,6,3,predicted_hold,True,False,-0.4000090692665231,False,11.788683542323549
B3,6,4,predicted_hold,True,False,-0.4000090692665231,False,11.788683542323549
B3,6,,weight_share,True,False,-1.1666931186940257,True,0.0
B3,6,,pull,True,False,-1.2666953860106565,True,0.0
B3,8,,at_contact,True,False,-1.066690851377395,True,0.0
B3,8,,mean_hold,True,False,-0.13333635642217437,False,3.775502440394644
B3,8,0,predicted_hold,True,False,-0.20000453463326154,False,3.775502440394644
B3,8,1,predicted_hold,True,False,-0.20000453463326154,False,3.775502440394644
B3,8,2,predicted_hold,True,False,-0.23333862373880512,False,3.775502440394644
B3,8,3,predicted_hold,True,False,-0.10000226731663077,False,3.775502440394644
B3,8,4,predicted_hold,True,False,-0.13333635642217437,False,3.775502440394644
B3,8,,weight_share,False,False,nan,False,10.878885546007636
B3,8,,pull,True,False,0.43334315837206666,False,4.007065170449601
B3,10,,at_contact,True,False,-1.2666953860106565,True,0.0
B3,10,,mean_hold,True,False,-0.3333408910554359,False,20.440698743925527
B3,10,0,predicted_hold,True,False,-0.26667271284434874,False,20.440698743925527
B3,10,1,predicted_hold,True,False,-0.16667044552771795,False,20.440698743925527
B3,10,2,predicted_hold,True,False,-0.16667044552771795,False,20.440698743925527
B3,10,3,predicted_hold,True,False,-0.13333635642217437,False,20.440698743925527
B3,10,4,predicted_hold,True,False,-0.16667044552771795,False,20.440698743925527
B3,10,,weight_share,True,False,-1.2000272077995693,True,0.0
B3,10,,pull,True,False,0.46667724747761025,False,20.440698743925527
B3,12,,at_contact,True,False,-1.0000226731663078,True,0.0
B3,12,,mean_hold,True,False,-0.06666817821108718,False,5.034679180865765
B3,12,0,predicted_hold,True,False,-0.13333635642217437,False,5.034679180865765
B3,12,1,predicted_hold,True,False,-0.13333635642217437,False,5.034679180865765
B3,12,2,predicted_hold,True,False,-0.13333635642217437,False,5.034679180865765
B3,12,3,predicted_hold,True,False,-0.10000226731663077,False,5.034679180865765
B3,12,4,predicted_hold,True,False,-0.10000226731663077,False,5.034679180865765
B3,12,,weight_share,True,False,-0.9333544949552205,True,0.0
B3,12,,pull,True,False,0.5333454256886975,False,5.034679180865765
B3,14,,at_contact,True,False,-1.0000226731663078,True,0.0
B3,14,,mean_hold,True,False,-0.06666817821108718,False,3.6492222885642027
B3,14,0,predicted_hold,True,False,0.0,False,3.6492222885642027
B3,14,1,predicted_hold,True,False,0.0,False,3.6492222885642027
B3,14,2,predicted_hold,True,False,0.0,False,3.6492222885642027
B3,14,3,predicted_hold,True,False,0.06666817821108718,False,3.6492222885642027
B3,14,4,predicted_hold,True,False,0.03333408910554359,False,3.6492222885642027
B3,14,,weight_share,False,False,nan,False,11.978581406404983
B3,14,,pull,True,False,0.26667271284434874,False,4.101845649463813
B3,16,,at_contact,True,False,-1.0000226731663078,True,0.0
B3,16,,mean_hold,True,False,-0.06666817821108718,False,3.8853341639648127
B3,16,0,predicted_hold,True,False,-0.06666817821108718,False,3.8853341639648127
B3,16,1,predicted_hold,True,False,-0.03333408910554359,False,3.8853341639648127
B3,16,2,predicted_hold,True,False,-0.06666817821108718,False,3.8853341639648127
B3,16,3,predicted_hold,True,False,-0.03333408910554359,False,3.8853341639648127
B3,16,4,predicted_hold,True,False,-0.03333408910554359,False,3.8853341639648127
B3,16,,weight_share,True,False,-0.9333544949552205,False,0.0
B3,16,,pull,True,False,0.5000113365831539,False,4.533273139984547
B3,18,,at_contact,True,False,-0.8666863167441333,True,0.0
B3,18,,mean_hold,True,False,0.06666817821108718,False,2.58576119468553
B3,18,0,predicted_hold,True,False,0.06666817821108718,False,2.58576119468553
B3,18,1,predicted_hold,True,False,0.10000226731663077,False,2.58576119468553
B3,18,2,predicted_hold,True,False,0.06666817821108718,False,2.58576119468553
B3,18,3,predicted_hold,True,False,0.13333635642217437,False,2.58576119468553
B3,18,4,predicted_hold,True,False,0.10000226731663077,False,2.58576119468553
B3,18,,weight_share,False,False,nan,False,10.608968434789539
B3,18,,pull,True,False,0.26667271284434874,False,4.215211178614377
B3,20,,at_contact,True,False,-0.9666885840607641,True,0.0
B3,20,,mean_hold,True,False,-0.03333408910554359,False,5.036553248728355
B3,20,0,predicted_hold,True,False,-0.03333408910554359,False,5.036553248728355
B3,20,1,predicted_hold,True,False,-0.03333408910554359,False,5.036553248728355
B3,20,2,predicted_hold,True,False,-0.06666817821108718,False,5.036553248728355
B3,20,3,predicted_hold,True,False,-0.03333408910554359,False,5.036553248728355
B3,20,4,predicted_hold,True,False,-0.03333408910554359,False,5.036553248728355
B3,20,,weight_share,True,False,-0.8000181385330462,False,3.240489436279713
B3,20,,pull,True,False,0.4000090692665231,False,6.080597149208664
