split,take,card,method,seed,contact_err_cm,path_err_cm,arrival_s,grasp_err_s
main,A3,1,human,,0.0,0.0,-0.13333644605268277,0.0
main,A3,3,human,,0.0,0.0,-0.06666822302634139,0.0
main,A3,5,human,,0.0,0.0,-0.06666822302634139,0.0
main,A3,7,human,,0.0,0.0,-0.10000233453951207,0.0
main,A3,9,human,,0.0,0.0,-0.03333411151317069,0.0
main,A3,11,human,,0.0,0.0,-0.10000233453951207,0.0
main,A3,13,human,,0.0,0.0,-0.433343449671219,0.0
main,A3,15,human,,0.0,0.0,-0.26667289210536554,0.0
main,A3,17,human,,0.0,0.0,-0.06666822302634139,0.0
main,A3,19,human,,0.0,0.0,-0.4666775611843897,0.0
main,B3,1,human,,0.0,0.0,-0.3666749801609795,0.0
main,B3,3,human,,0.0,0.0,-0.10000226731663077,0.0
main,B3,5,human,,0.0,0.0,-0.9333544949552205,0.0
main,B3,7,human,,0.0,0.0,-0.20000453463326154,0.0
main,B3,9,human,,0.0,0.0,-0.06666817821108718,0.0
main,B3,11,human,,0.0,0.0,-0.10000226731663077,0.0
main,B3,13,human,,0.0,0.0,-0.20000453463326154,0.0
main,B3,15,human,,0.0,0.0,-1.6667044552771795,0.0
main,B3,17,human,,0.0,0.0,-0.13333635642217437,0.0
main,B3,19,human,,0.0,0.0,-0.16667044552771795,0.0
reactive,A3,1,reactive,,4.877535522262124,9.747590435303369,0.0,-0.26667289210536554
reactive,A3,3,reactive,,6.7323419467508305,12.169235853334815,nan,-0.20000466907902414
reactive,A3,5,reactive,,9.050230489740816,17.96070965458526,nan,-0.26667289210536554
reactive,A3,7,reactive,,9.283588665371683,14.925293294448839,nan,-0.26667289210536554
reactive,A3,9,reactive,,10.373315249038717,22.799284951734492,nan,-0.33334111513170694
reactive,A3,11,reactive,,10.522255887424379,23.018550344514345,nan,-0.433343449671219
reactive,A3,13,reactive,,9.061064957306009,18.03398123263042,0.26667289210536554,-0.7000163417765846
reactive,A3,15,reactive,,11.814133098801143,31.552358895385442,nan,-2.1000490253297537
reactive,A3,17,reactive,,12.548270320516943,19.01844913755091,nan,-0.16667055756585347
reactive,A3,19,reactive,,14.64785733603148,33.44840614296774,nan,-1.1666939029609742
reactive,B3,1,reactive,,7.383351439279069,12.10530072059877,0.20000453463326154,-0.9000204058496769
reactive,B3,3,reactive,,9.029543567021792,13.414521402960286,nan,-0.3333408910554359
reactive,B3,5,reactive,,4.5479316954154125,15.101253431327489,0.0,-1.6667044552771795
reactive,B3,7,reactive,,7.514266544512848,16.254858624898294,0.3666749801609795,-0.6666817821108718
reactive,B3,9,reactive,,8.372367799287465,19.8160517206706,nan,-0.5000113365831539
reactive,B3,11,reactive,,5.38595894748221,13.495848278944884,0.06666817821108718,-0.4000090692665231
reactive,B3,13,reactive,,10.533367882484548,23.373448388701956,nan,-0.7000158712164154
reactive,B3,15,reactive,,11.682219598671734,32.58151550348496,0.5333454256886975,-2.6667271284434872
reactive,B3,17,reactive,,12.147286802874484,26.68602823106474,nan,-0.5000113365831539
reactive,B3,19,reactive,,13.292415532859087,33.51005654600133,nan,-1.2333612969051129
world_model_target,A3,1,world_model_target,0,2.2457806005578957,2.7685352514333896,-0.23333878059219484,0.0
world_model_target,A3,3,world_model_target,0,5.134284030937783,8.305092393785387,-0.26667289210536554,-0.03333411151317069
world_model_target,A3,5,world_model_target,0,11.224243745571687,17.182583923998944,-0.3000070036185362,-0.06666822302634139
world_model_target,A3,7,world_model_target,0,2.928163017425038,5.461639357685002,-0.3000070036185362,0.03333411151317069
world_model_target,A3,9,world_model_target,0,8.236051657104037,19.325706503787462,-0.3000070036185362,0.06666822302634139
world_model_target,A3,11,world_model_target,0,7.5077099959677085,16.13822952920482,-0.5000116726975604,-0.06666822302634139
world_model_target,A3,13,world_model_target,0,2.3520538948635576,6.462251014472946,-0.8000186763160966,0.16667055756585347
world_model_target,A3,15,world_model_target,0,4.443990698873866,14.755610387851142,-1.2333621259873155,0.33334111513170694
world_model_target,A3,17,world_model_target,0,4.056232505352927,12.055140537950239,-0.26667289210536554,0.10000233453951207
world_model_target,A3,19,world_model_target,0,6.211343318213744,18.47345582806703,0.6333481187502431,0.23333878059219484
world_model_target,B3,1,world_model_target,0,1.645906066366083,7.153463130978169,-0.9000204058496769,0.26667271284434874
world_model_target,B3,3,world_model_target,0,9.22204116826287,11.155196609945646,-0.3666749801609795,-0.20000453463326154
world_model_target,B3,5,world_model_target,0,3.1490045034156187,7.471986356600463,-0.3333408910554359,0.0
world_model_target,B3,7,world_model_target,0,2.9597518621756778,9.124775994768743,-0.6666817821108718,-0.10000226731663077
world_model_target,B3,9,world_model_target,0,7.95318193980482,19.605711087755356,-0.43334315837206666,0.46667724747761025
world_model_target,B3,11,world_model_target,0,6.00277689785521,10.250004643540183,-0.3666749801609795,0.23333862373880512
world_model_target,B3,13,world_model_target,0,6.117076514590287,12.655277290314123,-0.7666840494275026,nan
world_model_target,B3,15,world_model_target,0,2.5707680697115527,14.52767439287849,-2.13338170275479,0.5000113365831539
world_model_target,B3,17,world_model_target,0,10.023040219287644,21.68569438514262,-0.6666817821108718,-0.06666817821108718
world_model_target,B3,19,world_model_target,0,7.858267319759961,24.2667244887368,nan,0.0
learned_policy,A3,1,learned_policy,0,6.2767135219971975,6.447854309488664,-0.13333644605268277,0.10000233453951207
learned_policy,A3,3,learned_policy,0,10.048433335403587,7.58257642253793,nan,0.03333411151317069
learned_policy,A3,5,learned_policy,0,12.737663877080804,10.670131055435919,nan,0.0
learned_policy,A3,7,learned_policy,0,4.630436931315987,2.125528256098363,0.0,0.26667289210536554
learned_policy,A3,9,learned_policy,0,6.834418009878609,6.901424130348824,nan,0.06666822302634139
learned_policy,A3,11,learned_policy,0,5.690735881879736,6.42537867930929,-0.23333878059219484,0.06666822302634139
learned_policy,A3,13,learned_policy,0,7.484504462952454,10.416778459831121,0.16667055756585347,0.4000093381580483
learned_policy,A3,15,learned_policy,0,19.987531736331054,8.481002341478424,nan,nan
learned_policy,A3,17,learned_policy,0,5.220491135869451,2.527201601601918,0.03333411151317069,0.13333644605268277
learned_policy,A3,19,learned_policy,0,4.627860462229499,7.614318014970944,-0.26667289210536554,nan
learned_policy,B3,1,learned_policy,0,11.860039656826729,11.158952814378488,-0.8333522276385897,-0.23333862373880512
learned_policy,B3,3,learned_policy,0,17.57011814151939,15.678752533760964,-0.46667724747761025,-0.06666817821108718
learned_policy,B3,5,learned_policy,0,10.300177080867654,9.004577685857193,-1.1666931186940257,0.20000453463326154
learned_policy,B3,7,learned_policy,0,8.708992565083658,9.748326118967201,-0.4000090692665231,-0.03333408910554359
learned_policy,B3,9,learned_policy,0,8.243947784520127,9.087350485641235,-0.16667044552771795,0.3666749801609795
learned_policy,B3,11,learned_policy,0,3.0368705477464317,2.73833593201259,-0.16667044552771795,0.13333635642217437
learned_policy,B3,13,learned_policy,0,3.813704353705748,2.1947787009142092,-0.20000453463326154,0.3666749801609795
learned_policy,B3,15,learned_policy,0,20.773753557498175,18.81935726059338,nan,nan
learned_policy,B3,17,learned_policy,0,9.519475223465161,9.382024204483903,-0.3666749801609795,-0.03333408910554359
learned_policy,B3,19,learned_policy,0,6.112572243041629,7.775556036520998,-0.43334315837206666,0.23333862373880512
learned_policy_noise,A3,1,learned_policy_noise,0,12.34134391067849,12.02969066022297,0.5666798957239018,0.16667055756585347
learned_policy_noise,A3,3,learned_policy_noise,0,15.219221196162813,11.720723284918337,nan,0.03333411151317069
learned_policy_noise,A3,5,learned_policy_noise,0,16.533541524122867,13.926535175083266,nan,0.0
learned_policy_noise,A3,7,learned_policy_noise,0,11.184073421235658,11.855820889934034,0.5000116726975604,0.16667055756585347
learned_policy_noise,A3,9,learned_policy_noise,0,22.3657112174915,19.8914040806973,0.7666845648029259,0.03333411151317069
learned_policy_noise,A3,11,learned_policy_noise,0,18.21806183988934,18.54000516603838,0.5666798957239018,-0.03333411151317069
learned_policy_noise,A3,13,learned_policy_noise,0,16.139931957954648,13.628276279707569,nan,0.20000466907902414
learned_policy_noise,A3,15,learned_policy_noise,0,24.026533010558445,17.416990539809415,nan,0.3666752266448776
learned_policy_noise,A3,17,learned_policy_noise,0,13.01406963958667,10.520124326732118,0.3666752266448776,0.03333411151317069
learned_policy_noise,A3,19,learned_policy_noise,0,17.02925870523686,15.968110195574678,nan,0.10000233453951207
learned_policy_noise,B3,1,learned_policy_noise,0,10.020763599948532,8.110138341605717,0.4000090692665231,-0.06666817821108718
learned_policy_noise,B3,3,learned_policy_noise,0,12.574719049834062,10.689001443592181,nan,-0.03333408910554359
learned_policy_noise,B3,5,learned_policy_noise,0,14.290276736556335,12.027997115200657,0.5666795147942411,-0.03333408910554359
learned_policy_noise,B3,7,learned_policy_noise,0,12.936245269474043,12.163019581494074,0.43334315837206666,-0.03333408910554359
learned_policy_noise,B3,9,learned_policy_noise,0,13.344855376536715,11.672461116133768,nan,0.16667044552771795
learned_policy_noise,B3,11,learned_policy_noise,0,9.522185433258441,9.465354640347462,0.5000113365831539,0.16667044552771795
learned_policy_noise,B3,13,learned_policy_noise,0,9.778190655730318,10.870899062484435,0.6333476930053282,0.3000068019498923
learned_policy_noise,B3,15,learned_policy_noise,0,21.584205365151558,19.648457483934965,nan,0.3000068019498923
learned_policy_noise,B3,17,learned_policy_noise,0,13.622848152865908,14.838525700432347,nan,-0.10000226731663077
learned_policy_noise,B3,19,learned_policy_noise,0,22.34909677881458,16.181089898825086,nan,0.0
world_model_target,A3,1,world_model_target,1,3.281932272236375,3.2274001640771397,-0.23333878059219484,0.06666822302634139
world_model_target,A3,3,world_model_target,1,3.2460052757088462,7.742859080876334,-0.26667289210536554,-0.06666822302634139
world_model_target,A3,5,world_model_target,1,9.613062110070342,17.355693469946917,-0.33334111513170694,-0.06666822302634139
world_model_target,A3,7,world_model_target,1,2.5020465890319716,5.023335404097631,-0.3000070036185362,0.06666822302634139
world_model_target,A3,9,world_model_target,1,7.019436895831557,18.92821699838535,-0.33334111513170694,0.03333411151317069
world_model_target,A3,11,world_model_target,1,7.4348580507894555,15.13446899769318,-0.5000116726975604,-0.03333411151317069
world_model_target,A3,13,world_model_target,1,7.909299208682224,4.239013089691877,nan,nan
world_model_target,A3,15,world_model_target,1,16.20636044593731,20.804769257197087,-2.1333831368429244,-0.5000116726975604
world_model_target,A3,17,world_model_target,1,4.4739950324477915,11.4144327266726,-0.16667055756585347,0.3666752266448776
world_model_target,A3,19,world_model_target,1,12.729067464703759,18.158546893497,nan,-0.16667055756585347
world_model_target,B3,1,world_model_target,1,2.5536365866629844,7.464458077131815,-0.9333544949552205,0.0
world_model_target,B3,3,world_model_target,1,8.601065959377953,11.325602734019741,-0.3666749801609795,-0.16667044552771795
world_model_target,B3,5,world_model_target,1,2.9457126649594096,7.226675106873532,-1.1000249404829385,-0.16667044552771795
world_model_target,B3,7,world_model_target,1,5.632130420611115,9.220885384058814,-0.6333476930053282,-0.16667044552771795
world_model_target,B3,9,world_model_target,1,6.202707208074248,18.966291632766435,-0.4000090692665231,0.26667271284434874
world_model_target,B3,11,world_model_target,1,4.9442998207826365,9.572322854876273,-0.26667271284434874,0.16667044552771795
world_model_target,B3,13,world_model_target,1,9.903702161868337,9.974512497559765,-0.6000136038997846,nan
world_model_target,B3,15,world_model_target,1,1.480264727301826,13.770696790368566,-2.6000589502324,0.43334315837206666
world_model_target,B3,17,world_model_target,1,11.967143139488204,21.67040550624857,-0.6666817821108718,-0.13333635642217437
world_model_target,B3,19,world_model_target,1,1.6936254858883122,20.98720832953015,-0.6333476930053282,0.3333408910554359
learned_policy,A3,1,learned_policy,1,4.894115362796373,4.841085404723312,-0.16667055756585347,0.10000233453951207
learned_policy,A3,3,learned_policy,1,4.011294120115949,2.391147013968623,-0.03333411151317069,0.10000233453951207
learned_policy,A3,5,learned_policy,1,6.069166062614339,3.51636974577157,-0.10000233453951207,0.06666822302634139
learned_policy,A3,7,learned_policy,1,11.759258415051821,9.090640917418181,nan,nan
learned_policy,A3,9,learned_policy,1,0.7428132851528297,2.6738027689854773,-0.06666822302634139,0.33334111513170694
learned_policy,A3,11,learned_policy,1,7.660249366222452,7.904798057668745,nan,nan
learned_policy,A3,13,learned_policy,1,3.5992032771605023,8.937011297042869,-0.03333411151317069,0.23333878059219484
learned_policy,A3,15,learned_policy,1,10.233476983449826,5.701597980086755,-1.5333691296058518,0.7000163417765846
learned_policy,A3,17,learned_policy,1,4.285172812441596,2.573268284144875,0.0,0.13333644605268277
learned_policy,A3,19,learned_policy,1,7.887271200593658,6.178098514083228,-0.4666775611843897,0.3000070036185362
learned_policy,B3,1,learned_policy,1,11.962128204446065,10.675311484432388,-0.8000181385330462,-0.20000453463326154
learned_policy,B3,3,learned_policy,1,11.717921259238343,7.204639288078862,nan,0.16667044552771795
learned_policy,B3,5,learned_policy,1,9.09208801113322,7.4377389589777065,-1.066690851377395,nan
learned_policy,B3,7,learned_policy,1,8.776750077385335,8.425723555787656,-0.3666749801609795,-0.03333408910554359
learned_policy,B3,9,learned_policy,1,16.524700316758114,15.157666408466334,nan,nan
learned_policy,B3,11,learned_policy,1,2.44133151636727,1.8774883883292557,-0.13333635642217437,0.20000453463326154
learned_policy,B3,13,learned_policy,1,7.1169122311668715,4.1815868414004465,-0.3000068019498923,0.13333635642217437
learned_policy,B3,15,learned_policy,1,14.851756695132107,14.210999243652855,nan,nan
learned_policy,B3,17,learned_policy,1,11.08994495772173,10.357364352178656,-0.3666749801609795,-0.03333408910554359
learned_policy,B3,19,learned_policy,1,12.660980196354885,10.961907693601843,nan,-0.06666817821108718
learned_policy_noise,A3,1,learned_policy_noise,1,9.941730089937016,8.94620370734858,nan,0.23333878059219484
learned_policy_noise,A3,3,learned_policy_noise,1,8.699628202093024,7.999044065479581,-0.16667055756585347,0.03333411151317069
learned_policy_noise,A3,5,learned_policy_noise,1,13.225594683191735,12.418852094552438,-0.20000466907902414,0.03333411151317069
learned_policy_noise,A3,7,learned_policy_noise,1,12.165958411474149,9.678339217585675,nan,0.26667289210536554
learned_policy_noise,A3,9,learned_policy_noise,1,10.387575280099696,13.55820323856144,-0.16667055756585347,0.06666822302634139
learned_policy_noise,A3,11,learned_policy_noise,1,10.925062240377436,11.44964354088072,nan,0.06666822302634139
learned_policy_noise,A3,13,learned_policy_noise,1,11.920644776398218,13.499745352769137,nan,0.3000070036185362
learned_policy_noise,A3,15,learned_policy_noise,1,15.127990453295936,9.575452226547885,nan,nan
learned_policy_noise,A3,17,learned_policy_noise,1,6.092270821211471,9.683920771394588,-0.06666822302634139,0.06666822302634139
learned_policy_noise,A3,19,learned_policy_noise,1,9.533607040554237,7.312922022609085,nan,0.23333878059219484
learned_policy_noise,B3,1,learned_policy_noise,1,10.233973852047933,11.710892620673947,-0.9333544949552205,-0.03333408910554359
learned_policy_noise,B3,3,learned_policy_noise,1,16.88512376135314,14.085881803512843,-0.3000068019498923,0.0
learned_policy_noise,B3,5,learned_policy_noise,1,6.795651193613075,8.359830785530033,-1.1000249404829385,0.43334315837206666
learned_policy_noise,B3,7,learned_policy_noise,1,7.726497114233334,10.676445604832502,nan,0.10000226731663077
learned_policy_noise,B3,9,learned_policy_noise,1,14.016338192419536,15.30091068838287,nan,0.43334315837206666
learned_policy_noise,B3,11,learned_policy_noise,1,12.221339946849247,10.669429451825922,nan,0.23333862373880512
learned_policy_noise,B3,13,learned_policy_noise,1,15.39504310317335,10.537997208594172,nan,0.4000090692665231
learned_policy_noise,B3,15,learned_policy_noise,1,19.635016508742574,20.545555725049265,nan,nan
learned_policy_noise,B3,17,learned_policy_noise,1,17.901518912578606,18.442726739560275,nan,-0.10000226731663077
learned_policy_noise,B3,19,learned_policy_noise,1,7.638222735487819,16.31870244006448,-0.6666817821108718,0.13333635642217437
world_model_target,A3,1,world_model_target,2,3.2854306871372647,3.715164302466541,-0.23333878059219484,0.03333411151317069
world_model_target,A3,3,world_model_target,2,3.7085354701356184,7.5880447124831205,-0.26667289210536554,0.0
world_model_target,A3,5,world_model_target,2,6.371561235357559,16.048388750652215,-0.3000070036185362,-0.16667055756585347
world_model_target,A3,7,world_model_target,2,3.5990514028931013,5.488639294947415,-0.3000070036185362,0.03333411151317069
world_model_target,A3,9,world_model_target,2,7.362505688530588,19.19237653679313,-0.33334111513170694,-0.03333411151317069
world_model_target,A3,11,world_model_target,2,7.697503180887516,15.668119766148928,-0.5000116726975604,-0.06666822302634139
world_model_target,A3,13,world_model_target,2,4.483134520908204,4.662681718680269,-0.6666822302634139,0.10000233453951207
world_model_target,A3,15,world_model_target,2,7.870433276958757,14.423690058262414,-2.1333831368429244,-0.03333411151317069
world_model_target,A3,17,world_model_target,2,2.81126094332941,10.795200815545419,-0.23333878059219484,0.20000466907902414
world_model_target,A3,19,world_model_target,2,8.741685506993704,17.35607890843264,0.6333481187502431,0.03333411151317069
world_model_target,B3,1,world_model_target,2,2.496973538439969,7.957467191816455,-0.9333544949552205,0.0
world_model_target,B3,3,world_model_target,2,9.538466796499966,11.262921881958457,-0.4000090692665231,-0.20000453463326154
world_model_target,B3,5,world_model_target,2,1.9408123681358607,6.991857118522492,-0.9333544949552205,0.03333408910554359
world_model_target,B3,7,world_model_target,2,5.889591276967249,9.411361368273106,-0.6666817821108718,-0.23333862373880512
world_model_target,B3,9,world_model_target,2,5.489869003795988,17.846158956727734,-0.4000090692665231,0.0
world_model_target,B3,11,world_model_target,2,5.9902262300614115,11.030278522357287,nan,0.13333635642217437
world_model_target,B3,13,world_model_target,2,4.762139410319698,11.436848025703839,-0.6666817821108718,0.13333635642217437
world_model_target,B3,15,world_model_target,2,3.3512208094800413,13.185402290801761,-2.6000589502324,0.13333635642217437
world_model_target,B3,17,world_model_target,2,11.029179694224139,21.84555494673597,-0.6666817821108718,-0.10000226731663077
world_model_target,B3,19,world_model_target,2,7.670207581966122,23.068421692716772,nan,0.03333408910554359
learned_policy,A3,1,learned_policy,2,5.660513618866304,6.10652243343442,-0.23333878059219484,0.10000233453951207
learned_policy,A3,3,learned_policy,2,10.411899301325727,8.843866964360174,nan,0.0
learned_policy,A3,5,learned_policy,2,12.286466648112143,11.625691192874536,nan,-0.03333411151317069
learned_policy,A3,7,learned_policy,2,4.221956616468955,2.7399828313744443,-0.03333411151317069,0.3000070036185362
learned_policy,A3,9,learned_policy,2,5.370461066364627,6.119081657116722,-0.03333411151317069,0.13333644605268277
learned_policy,A3,11,learned_policy,2,3.72213082468036,5.400379171231403,-0.20000466907902414,0.16667055756585347
learned_policy,A3,13,learned_policy,2,10.456124375000469,10.772233311890492,0.433343449671219,0.4666775611843897
learned_policy,A3,15,learned_policy,2,14.018834491279538,4.618118828324986,nan,nan
learned_policy,A3,17,learned_policy,2,6.767920172361467,2.9101115862157747,0.06666822302634139,0.13333644605268277
learned_policy,A3,19,learned_policy,2,5.651283307320942,5.3693118197844445,-0.4000093381580483,0.3000070036185362
learned_policy,B3,1,learned_policy,2,12.706290253695196,12.809326137811471,-0.9333544949552205,-0.23333862373880512
learned_policy,B3,3,learned_policy,2,18.20182399619324,16.747236559137107,-0.46667724747761025,-0.10000226731663077
learned_policy,B3,5,learned_policy,2,6.1522057019428384,8.71038468866069,-1.1666931186940257,0.0
learned_policy,B3,7,learned_policy,2,8.84731964656956,10.710186187567002,-0.5333454256886975,-0.06666817821108718
learned_policy,B3,9,learned_policy,2,8.283437991949958,9.638413667807349,-0.20000453463326154,0.3000068019498923
learned_policy,B3,11,learned_policy,2,5.052536548000177,4.820071303445987,-0.20000453463326154,0.13333635642217437
learned_policy,B3,13,learned_policy,2,3.995661911134828,2.9645026302022934,-0.10000226731663077,0.43334315837206666
learned_policy,B3,15,learned_policy,2,15.486018421484038,14.711750226337076,nan,nan
learned_policy,B3,17,learned_policy,2,8.357300600274126,8.654743427956753,-0.3333408910554359,0.03333408910554359
learned_policy,B3,19,learned_policy,2,8.490768103529694,8.977645709005921,-0.46667724747761025,0.10000226731663077
learned_policy_noise,A3,1,learned_policy_noise,2,11.652092588672218,12.91582726245794,0.26667289210536554,0.4666775611843897
learned_policy_noise,A3,3,learned_policy_noise,2,7.007635184362241,8.623138536161036,0.10000233453951207,0.10000233453951207
learned_policy_noise,A3,5,learned_policy_noise,2,1.8584086684779373,4.33680073129615,-0.06666822302634139,0.06666822302634139
learned_policy_noise,A3,7,learned_policy_noise,2,14.135669779720022,12.660364592364925,0.33334111513170694,0.6000140072370724
learned_policy_noise,A3,9,learned_policy_noise,2,2.6677230937499172,3.8848088292383705,-0.03333411151317069,0.16667055756585347
learned_policy_noise,A3,11,learned_policy_noise,2,1.283303404470945,4.993514406202334,-0.06666822302634139,0.20000466907902414
learned_policy_noise,A3,13,learned_policy_noise,2,18.20444835562502,20.391643492037463,nan,0.7000163417765846
learned_policy_noise,A3,15,learned_policy_noise,2,22.027900403102123,12.325551161075483,nan,nan
learned_policy_noise,A3,17,learned_policy_noise,2,13.338844619489787,8.686288716515271,0.3000070036185362,0.13333644605268277
learned_policy_noise,A3,19,learned_policy_noise,2,3.3446249631978295,11.296813531690308,-0.26667289210536554,0.3000070036185362
learned_policy_noise,B3,1,learned_policy_noise,2,0.2862064680813695,2.6451465722254643,-0.3666749801609795,nan
learned_policy_noise,B3,3,learned_policy_noise,2,7.778653577338209,5.064409392218154,-0.16667044552771795,0.10000226731663077
learned_policy_noise,B3,5,learned_policy_noise,2,4.875174667485651,3.4885204164820145,-0.8000181385330462,0.3000068019498923
learned_policy_noise,B3,7,learned_policy_noise,2,5.864678242374509,6.450065872247281,0.06666817821108718,0.8666863167441333
learned_policy_noise,B3,9,learned_policy_noise,2,3.5038040739839857,6.259568221003549,-0.06666817821108718,0.4000090692665231
learned_policy_noise,B3,11,learned_policy_noise,2,7.958375274195675,12.00588950703969,nan,0.8000181385330462
learned_policy_noise,B3,13,learned_policy_noise,2,13.13614413334786,13.631740320466681,nan,nan
learned_policy_noise,B3,15,learned_policy_noise,2,20.520704350560464,18.838860091750092,nan,nan
learned_policy_noise,B3,17,learned_policy_noise,2,5.1494619757267435,5.895313335886289,-0.20000453463326154,0.06666817821108718
learned_policy_noise,B3,19,learned_policy_noise,2,4.830851392046792,3.5381486748176005,-0.23333862373880512,0.26667271284434874
world_model_target,A3,1,world_model_target,3,4.373468949668731,3.797665374112722,-0.23333878059219484,0.06666822302634139
world_model_target,A3,3,world_model_target,3,4.133256005904656,8.2387062892851,-0.26667289210536554,0.06666822302634139
world_model_target,A3,5,world_model_target,3,10.180826560915703,17.29763197779615,-0.3000070036185362,-0.10000233453951207
world_model_target,A3,7,world_model_target,3,3.514881012598948,5.4879926767237155,-0.3000070036185362,0.03333411151317069
world_model_target,A3,9,world_model_target,3,8.287045923858727,20.176216449847228,-0.3666752266448776,0.13333644605268277
world_model_target,A3,11,world_model_target,3,7.72477776599267,15.86825312733031,-0.5000116726975604,-0.06666822302634139
world_model_target,A3,13,world_model_target,3,2.790432558525526,4.936114316844084,-0.6666822302634139,0.33334111513170694
world_model_target,A3,15,world_model_target,3,0.8315063314988747,14.978016787200431,-2.166717248356095,nan
world_model_target,A3,17,world_model_target,3,2.1863543690345275,11.137213820288064,-0.26667289210536554,0.16667055756585347
world_model_target,A3,19,world_model_target,3,9.197771238172772,17.87883495948652,0.5666798957239018,0.0
world_model_target,B3,1,world_model_target,3,2.018167428782372,7.413205260028484,-0.9333544949552205,0.0
world_model_target,B3,3,world_model_target,3,8.68849944473626,11.018768827900297,-0.4000090692665231,-0.16667044552771795
world_model_target,B3,5,world_model_target,3,7.940865306580975,10.656273669203422,0.3333408910554359,-0.5333454256886975
world_model_target,B3,7,world_model_target,3,5.755831577038948,9.456740792317442,-0.6333476930053282,-0.23333862373880512
world_model_target,B3,9,world_model_target,3,6.000568092798769,18.35236113691197,-0.4000090692665231,0.06666817821108718
world_model_target,B3,11,world_model_target,3,5.627194122160264,10.466682916585658,-0.13333635642217437,0.16667044552771795
world_model_target,B3,13,world_model_target,3,7.8723810353003,12.944203316986586,-0.6666817821108718,0.13333635642217437
world_model_target,B3,15,world_model_target,3,3.2170823068120282,15.207569207147722,-2.500056682915769,0.5000113365831539
world_model_target,B3,17,world_model_target,3,10.534387080536685,21.424510580550404,-0.6666817821108718,-0.13333635642217437
world_model_target,B3,19,world_model_target,3,6.480381576285729,22.929774379850976,nan,0.06666817821108718
learned_policy,A3,1,learned_policy,3,4.383864873692545,5.307473793612454,-0.16667055756585347,0.10000233453951207
learned_policy,A3,3,learned_policy,3,9.92192175008145,7.932598998785233,nan,0.0
learned_policy,A3,5,learned_policy,3,11.96611239288709,10.124781292486952,nan,0.0
learned_policy,A3,7,learned_policy,3,3.418194130850407,2.5737787391055593,-0.03333411151317069,0.3000070036185362
learned_policy,A3,9,learned_policy,3,9.848456239918638,9.486350024034339,nan,0.03333411151317069
learned_policy,A3,11,learned_policy,3,5.211117635581461,7.713895378880338,-0.16667055756585347,0.06666822302634139
learned_policy,A3,13,learned_policy,3,8.887109990555544,8.179911581909764,1.0000233453951208,0.433343449671219
learned_policy,A3,15,learned_policy,3,14.780664344329598,5.226380386234811,nan,nan
learned_policy,A3,17,learned_policy,3,4.32293395692611,2.755495444437654,0.0,0.10000233453951207
learned_policy,A3,19,learned_policy,3,3.9499148836985154,7.186584204660089,-0.20000466907902414,nan
learned_policy,B3,1,learned_policy,3,8.47665664913935,9.279310077149868,-0.8666863167441333,-0.10000226731663077
learned_policy,B3,3,learned_policy,3,12.630604996066836,11.276030994485689,-0.3333408910554359,-0.03333408910554359
learned_policy,B3,5,learned_policy,3,5.432477768163655,4.706107560004686,-1.0000226731663078,nan
learned_policy,B3,7,learned_policy,3,7.080622228582531,9.282977361323038,-0.4000090692665231,0.03333408910554359
learned_policy,B3,9,learned_policy,3,4.7253733535932545,6.7324215657291155,-0.13333635642217437,0.4000090692665231
learned_policy,B3,11,learned_policy,3,2.280669118763873,3.274560491069912,-0.16667044552771795,0.13333635642217437
learned_policy,B3,13,learned_policy,3,3.2268813132499923,2.6084023031865033,-0.16667044552771795,0.43334315837206666
learned_policy,B3,15,learned_policy,3,15.90758336782396,15.589376274846483,nan,nan
learned_policy,B3,17,learned_policy,3,10.978772886114392,10.996168374387393,-0.3666749801609795,-0.06666817821108718
learned_policy,B3,19,learned_policy,3,5.36019399497328,7.405321172749376,-0.23333862373880512,0.43334315837206666
learned_policy_noise,A3,1,learned_policy_noise,3,9.918591076179297,10.157943350030157,0.16667055756585347,0.4000093381580483
learned_policy_noise,A3,3,learned_policy_noise,3,8.168698076623846,7.70017398598574,0.23333878059219484,0.03333411151317069
learned_policy_noise,A3,5,learned_policy_noise,3,4.124558047292899,4.732088270986882,0.0,0.06666822302634139
learned_policy_noise,A3,7,learned_policy_noise,3,11.143543997056888,10.168942222941759,0.23333878059219484,0.5000116726975604
learned_policy_noise,A3,9,learned_policy_noise,3,7.987499259709298,6.800306789614346,nan,0.10000233453951207
learned_policy_noise,A3,11,learned_policy_noise,3,6.511459161222819,8.260175918628514,0.20000466907902414,0.13333644605268277
learned_policy_noise,A3,13,learned_policy_noise,3,13.806454655629116,15.664019486256638,0.6000140072370724,0.5000116726975604
learned_policy_noise,A3,15,learned_policy_noise,3,16.480070570502583,11.41730044998274,nan,nan
learned_policy_noise,A3,17,learned_policy_noise,3,9.869328689432377,7.272090733261508,0.16667055756585347,0.10000233453951207
learned_policy_noise,A3,19,learned_policy_noise,3,7.252717139813843,14.212745895116752,0.6666822302634139,0.3666752266448776
learned_policy_noise,B3,1,learned_policy_noise,3,3.76223834516328,2.038641719654063,-0.3000068019498923,nan
learned_policy_noise,B3,3,learned_policy_noise,3,3.936913511477696,3.2892824546559325,-0.16667044552771795,0.06666817821108718
learned_policy_noise,B3,5,learned_policy_noise,3,12.47495573004737,9.225511065681607,nan,0.6666817821108718
learned_policy_noise,B3,7,learned_policy_noise,3,6.201573935256654,5.138233776821524,0.10000226731663077,0.6000136038997846
learned_policy_noise,B3,9,learned_policy_noise,3,4.787660475590515,5.1058406883906535,0.0,0.5666795147942411
learned_policy_noise,B3,11,learned_policy_noise,3,7.858445298118621,9.905744875639764,0.10000226731663077,0.6000136038997846
learned_policy_noise,B3,13,learned_policy_noise,3,6.825725519652092,8.764329260061151,0.10000226731663077,nan
learned_policy_noise,B3,15,learned_policy_noise,3,17.806042147562422,17.859609577924008,nan,nan
learned_policy_noise,B3,17,learned_policy_noise,3,4.683288938134798,6.7979772880517055,-0.23333862373880512,0.0
learned_policy_noise,B3,19,learned_policy_noise,3,10.34471870059279,5.894581165489591,0.7000158712164154,0.3333408910554359
world_model_target,A3,1,world_model_target,4,4.616121606098094,4.027882382879938,-0.23333878059219484,0.03333411151317069
world_model_target,A3,3,world_model_target,4,6.493684933137699,8.442156303440571,-0.26667289210536554,-0.06666822302634139
world_model_target,A3,5,world_model_target,4,7.964447554148449,15.147323132102736,-0.3000070036185362,-0.06666822302634139
world_model_target,A3,7,world_model_target,4,6.534364230629884,6.552553211425126,-0.3000070036185362,0.0
world_model_target,A3,9,world_model_target,4,8.332164221518942,18.359025680115657,-0.33334111513170694,-0.03333411151317069
world_model_target,A3,11,world_model_target,4,13.103000329756325,17.07766891013475,-0.5000116726975604,-0.13333644605268277
world_model_target,A3,13,world_model_target,4,5.8508804227601106,8.187851782965383,-0.7333504532897552,nan
world_model_target,A3,15,world_model_target,4,8.34321254356811,17.840065945439008,-2.166717248356095,nan
world_model_target,A3,17,world_model_target,4,9.662820624378384,13.474852874942869,-0.26667289210536554,-0.03333411151317069
world_model_target,A3,19,world_model_target,4,4.701546128649806,16.700366579996285,-1.0000233453951208,0.33334111513170694
world_model_target,B3,1,world_model_target,4,6.373707334164962,8.369538546576361,-0.9000204058496769,nan
world_model_target,B3,3,world_model_target,4,9.568884414824339,12.251822998549928,-0.3666749801609795,-0.06666817821108718
world_model_target,B3,5,world_model_target,4,6.169938196850895,8.037355885125779,0.10000226731663077,0.20000453463326154
world_model_target,B3,7,world_model_target,4,8.826912564809868,10.844735898552813,-0.6666817821108718,nan
world_model_target,B3,9,world_model_target,4,5.422434795052588,16.0928342823384,-0.3000068019498923,0.0
world_model_target,B3,11,world_model_target,4,11.280889119992189,12.43094401161344,nan,nan
world_model_target,B3,13,world_model_target,4,13.186431455615628,14.851606417285842,-0.7666840494275026,nan
world_model_target,B3,15,world_model_target,4,7.805262164356043,16.06467029664164,-2.633393039337944,nan
world_model_target,B3,17,world_model_target,4,17.473569836320518,23.734262058377613,-0.6666817821108718,-0.20000453463326154
world_model_target,B3,19,world_model_target,4,3.111442248964713,23.66126915487139,-1.1000249404829385,nan
learned_policy,A3,1,learned_policy,4,4.693551451267454,5.238562365415975,-0.23333878059219484,0.13333644605268277
learned_policy,A3,3,learned_policy,4,9.065277616526982,7.401639977090714,nan,0.0
learned_policy,A3,5,learned_policy,4,11.553236835627013,10.762273597512378,0.866686899342438,0.0
learned_policy,A3,7,learned_policy,4,3.893681209289938,1.734032818659776,-0.03333411151317069,0.3000070036185362
learned_policy,A3,9,learned_policy,4,5.160627812662791,5.32062549363719,-0.06666822302634139,0.13333644605268277
learned_policy,A3,11,learned_policy,4,5.895240640729636,6.617432464532426,-0.23333878059219484,0.10000233453951207
learned_policy,A3,13,learned_policy,4,6.0964126125986775,9.328144804433375,0.06666822302634139,0.3666752266448776
learned_policy,A3,15,learned_policy,4,9.515819746372008,3.933251065107821,-1.4667009065795105,nan
learned_policy,A3,17,learned_policy,4,3.8665440674502753,2.5838614705638046,0.0,0.13333644605268277
learned_policy,A3,19,learned_policy,4,7.1045231243614335,4.854781469521627,-0.4666775611843897,0.26667289210536554
learned_policy,B3,1,learned_policy,4,13.177680983362603,11.107589772856759,-0.8666863167441333,-0.13333635642217437
learned_policy,B3,3,learned_policy,4,17.956649416037447,15.880830179840435,-0.46667724747761025,-0.06666817821108718
learned_policy,B3,5,learned_policy,4,5.499754948060325,7.715131635053771,-1.1666931186940257,0.10000226731663077
learned_policy,B3,7,learned_policy,4,8.08229166928696,8.93201957855326,-0.43334315837206666,0.0
learned_policy,B3,9,learned_policy,4,8.263178010460871,8.899009055226594,-0.20000453463326154,0.3333408910554359
learned_policy,B3,11,learned_policy,4,2.8506301910809104,2.1181247614630783,-0.16667044552771795,0.20000453463326154
learned_policy,B3,13,learned_policy,4,3.4067198059859827,2.404361354470253,-0.20000453463326154,0.3666749801609795
learned_policy,B3,15,learned_policy,4,11.517441688573163,13.845194915816439,nan,nan
learned_policy,B3,17,learned_policy,4,10.546983306347805,9.653256555940153,-0.3666749801609795,0.0
learned_policy,B3,19,learned_policy,4,9.04452968817045,9.173137350285177,-0.46667724747761025,0.10000226731663077
learned_policy_noise,A3,1,learned_policy_noise,4,11.561861297552618,12.202329813166719,nan,0.20000466907902414
learned_policy_noise,A3,3,learned_policy_noise,4,17.006496850170276,16.157329601750455,-0.3000070036185362,0.0
learned_policy_noise,A3,5,learned_policy_noise,4,20.458645189324198,19.84641309097385,-0.23333878059219484,0.0
learned_policy_noise,A3,7,learned_policy_noise,4,11.563556033305169,13.25017323902562,nan,0.20000466907902414
learned_policy_noise,A3,9,learned_policy_noise,4,17.489540857416138,21.403552294253483,-0.26667289210536554,0.0
learned_policy_noise,A3,11,learned_policy_noise,4,16.315808962115053,20.025162575437264,-0.5000116726975604,0.0
learned_policy_noise,A3,13,learned_policy_noise,4,5.943697366675751,10.40000022915787,0.26667289210536554,0.20000466907902414
learned_policy_noise,A3,15,learned_policy_noise,4,5.113573447383306,9.657467704005953,-1.8000420217112174,0.5666798957239018
learned_policy_noise,A3,17,learned_policy_noise,4,9.965222935516787,14.576142238858319,-0.20000466907902414,0.03333411151317069
learned_policy_noise,A3,19,learned_policy_noise,4,7.74621291685174,8.22663533440366,-0.7000163417765846,0.10000233453951207
learned_policy_noise,B3,1,learned_policy_noise,4,13.214492938723549,15.521848590916393,-1.2000272077995693,0.0
learned_policy_noise,B3,3,learned_policy_noise,4,22.99699965156928,21.724055915058383,-1.2666953860106565,-0.03333408910554359
learned_policy_noise,B3,5,learned_policy_noise,4,3.033308915101127,9.471034963033635,-1.3000294751162,0.23333862373880512
learned_policy_noise,B3,7,learned_policy_noise,4,11.166807641960567,16.694723833891242,-0.8000181385330462,-0.03333408910554359
learned_policy_noise,B3,9,learned_policy_noise,4,15.784256355667525,20.344053380867614,-0.3666749801609795,0.20000453463326154
learned_policy_noise,B3,11,learned_policy_noise,4,14.5939530225753,14.629679893232577,nan,0.13333635642217437
learned_policy_noise,B3,13,learned_policy_noise,4,13.735786751158003,13.514895853815942,nan,0.23333862373880512
learned_policy_noise,B3,15,learned_policy_noise,4,6.402249282037769,15.491738343727517,-2.100047613649246,0.4000090692665231
learned_policy_noise,B3,17,learned_policy_noise,4,22.15912732670092,24.959000001492253,-0.5666795147942411,-0.13333635642217437
learned_policy_noise,B3,19,learned_policy_noise,4,10.270849934490064,20.296427183270033,-0.8000181385330462,0.03333408910554359
cross_person,B1,1,human,,0.0,0.0,-0.30000747160789004,0.0
cross_person,B1,3,human,,0.0,0.0,-0.03333416351198778,0.0
cross_person,B1,5,human,,0.0,0.0,-0.20000498107192669,0.0
cross_person,B1,7,human,,0.0,0.0,-0.23333914458391447,0.0
cross_person,B1,9,human,,0.0,0.0,-1.5000373580394502,0.0
cross_person,B1,11,human,,0.0,0.0,-0.46667828916782894,0.0
cross_person,B1,13,human,,0.0,0.0,-0.26667330809590223,0.0
cross_person,B1,15,human,,0.0,0.0,-0.10000249053596334,0.0
cross_person,B1,17,human,,0.0,0.0,-1.1000273958955968,0.0
cross_person,B1,19,human,,0.0,0.0,-0.06666832702397556,0.0
cross_person,B2,1,human,,0.0,0.0,-1.3667044240615907,0.0
cross_person,B2,3,human,,0.0,0.0,-0.0666685084908093,0.0
cross_person,B2,5,human,,0.0,0.0,-0.2000055254724279,0.0
cross_person,B2,7,human,,0.0,0.0,-0.16667127122702324,0.0
cross_person,B2,9,human,,0.0,0.0,-0.10000276273621395,0.0
cross_person,B2,11,human,,0.0,0.0,-1.3000359155707812,0.0
cross_person,B2,13,human,,0.0,0.0,-0.10000276273621395,0.0
cross_person,B2,15,human,,0.0,0.0,-0.16667127122702324,0.0
cross_person,B2,17,human,,0.0,0.0,-0.10000276273621395,0.0
cross_person,B2,19,human,,0.0,0.0,-0.2000055254724279,0.0
cross_person,B3,1,human,,0.0,0.0,-0.3666749801609795,0.0
cross_person,B3,3,human,,0.0,0.0,-0.10000226731663077,0.0
cross_person,B3,5,human,,0.0,0.0,-0.9333544949552205,0.0
cross_person,B3,7,human,,0.0,0.0,-0.20000453463326154,0.0
cross_person,B3,9,human,,0.0,0.0,-0.06666817821108718,0.0
cross_person,B3,11,human,,0.0,0.0,-0.10000226731663077,0.0
cross_person,B3,13,human,,0.0,0.0,-0.20000453463326154,0.0
cross_person,B3,15,human,,0.0,0.0,-1.6667044552771795,0.0
cross_person,B3,17,human,,0.0,0.0,-0.13333635642217437,0.0
cross_person,B3,19,human,,0.0,0.0,-0.16667044552771795,0.0
reactive,B1,1,reactive,,5.472107854606819,3.507070892768209,-0.13333665404795111,-0.8666882513116823
reactive,B1,3,reactive,,10.671492256392687,13.906147614226857,-0.1666708175599389,-0.1666708175599389
reactive,B1,5,reactive,,3.7186749285995138,6.459945044403679,-0.5000124526798168,-0.46667828916782894
reactive,B1,7,reactive,,5.9379854136360395,10.940470102126463,-0.5666807797037923,-0.7333515972637312
reactive,B1,9,reactive,,5.160624302662605,11.06165603228893,-1.9333814836952914,-2.1000523012552303
reactive,B1,11,reactive,,5.662111573226763,11.145553033048024,-0.46667828916782894,-1.2333640499435479
reactive,B1,13,reactive,,2.3312714853376915,17.056006868474224,-0.9000224148236701,-0.7666857607757189
reactive,B1,15,reactive,,4.312650777154818,13.874734514326272,-0.1666708175599389,-0.30000747160789004
reactive,B1,17,reactive,,6.106046686799971,17.571540130209204,-0.20000498107192669,-1.5667056850634258
reactive,B1,19,reactive,,6.231863671626523,19.190316995739522,-0.23333914458391447,-0.5666807797037923
reactive,B2,1,reactive,,9.804289817444833,8.387192824049205,nan,-1.900052491988065
reactive,B2,3,reactive,,16.945182476899014,21.54257982406357,nan,-0.5333480679264744
reactive,B2,5,reactive,,6.3837987042819675,5.55970357679596,-0.4000110509448558,-0.5333480679264744
reactive,B2,7,reactive,,5.2567365768017265,18.947198721134043,0.03333425424540465,-0.6333508306626884
reactive,B2,9,reactive,,0.42168369179012455,17.863140111199417,-0.2000055254724279,-0.5000138136810698
reactive,B2,11,reactive,,5.460586196185086,22.830821085811813,-0.2666740339632372,-2.166726525951302
reactive,B2,13,reactive,,1.8097936710991642,19.300827140952006,-0.2666740339632372,-0.6333508306626884
reactive,B2,15,reactive,,2.9381814422940993,10.182280988118798,-0.30000828820864184,-0.5666823221718791
reactive,B2,17,reactive,,5.721188742018369,21.706423317866953,-0.3333425424540465,-0.9333591188713302
reactive,B2,19,reactive,,5.592480997240789,14.035465818787236,nan,-0.8666906103805209
reactive,B3,1,reactive,,4.059113941896248,9.829524251831485,-0.26667271284434874,-0.9333544949552205
reactive,B3,3,reactive,,9.253130252939728,12.740131742940914,nan,-0.3666749801609795
reactive,B3,5,reactive,,1.876598323005178,12.501571737936581,-0.16667044552771795,-1.700038544382723
reactive,B3,7,reactive,,4.247127169061555,14.107674985706344,-0.06666817821108718,-0.6666817821108718
reactive,B3,9,reactive,,5.247601935121629,18.127916111735242,nan,-0.5000113365831539
reactive,B3,11,reactive,,2.6184951004600676,11.748447099330086,-0.13333635642217437,-0.43334315837206666
reactive,B3,13,reactive,,7.57566186054493,21.35654217177122,0.6000136038997846,-0.733349960321959
reactive,B3,15,reactive,,8.376161859869867,29.748501696953227,0.16667044552771795,-2.6667271284434872
reactive,B3,17,reactive,,10.031699453447294,25.151360170042015,nan,-0.5333454256886975
reactive,B3,19,reactive,,9.980857211818137,31.14014753873009,0.5666795147942411,-1.2333612969051129
world_model_target,B1,1,world_model_target,0,3.8213988694157472,2.5196005312711276,-0.43334412565584113,-0.7333515972637312
world_model_target,B1,3,world_model_target,0,5.428435617343296,12.336284770262164,0.03333416351198778,nan
world_model_target,B1,5,world_model_target,0,1.6805836669679188,3.079527355435039,-0.43334412565584113,-0.30000747160789004
world_model_target,B1,7,world_model_target,0,3.9036456206892396,6.715474273763992,-0.46667828916782894,-0.46667828916782894
world_model_target,B1,9,world_model_target,0,4.34292606505189,7.615700274056533,-1.7667106661353524,-1.8667131566713158
world_model_target,B1,11,world_model_target,0,7.585409869928163,8.350459322683527,-0.5666807797037923,-0.6333491067277678
world_model_target,B1,13,world_model_target,0,2.6141903729202753,10.576477178969553,-0.6666832702397556,-0.43334412565584113
world_model_target,B1,15,world_model_target,0,4.669136741993476,7.358863820484979,-0.23333914458391447,nan
world_model_target,B1,17,world_model_target,0,10.555000344723267,14.084401074848271,nan,-1.2333640499435479
world_model_target,B1,19,world_model_target,0,3.199057193549354,13.109508526008174,-0.23333914458391447,-0.30000747160789004
world_model_target,B2,1,world_model_target,0,9.122850857662195,3.4053373064451664,-1.1000303900983535,-0.4666795594356651
world_model_target,B2,3,world_model_target,0,3.714784603194444,16.832592609411464,-0.10000276273621395,-0.4000110509448558
world_model_target,B2,5,world_model_target,0,6.672055269153443,3.432183237085413,0.2666740339632372,-0.36667679669945114
world_model_target,B2,7,world_model_target,0,1.2346520529798626,9.982171536915416,-0.4000110509448558,-0.1333370169816186
world_model_target,B2,9,world_model_target,0,10.709527702753684,13.35252855872292,0.8000221018897116,1.1333646443437582
world_model_target,B2,11,world_model_target,0,13.949338180327223,18.404765885807656,nan,-0.7000193391534977
world_model_target,B2,13,world_model_target,0,7.214872688151885,15.254294233237617,nan,-0.36667679669945114
world_model_target,B2,15,world_model_target,0,3.415996466850973,5.228025546757474,-0.3333425424540465,-0.30000828820864184
world_model_target,B2,17,world_model_target,0,7.109554943427568,19.862293635663793,nan,-0.5333480679264744
world_model_target,B2,19,world_model_target,0,5.613708940312264,8.330471589996826,0.10000276273621395,-0.43334530519026043
world_model_target,B3,1,world_model_target,0,5.602104339290419,7.154197005392819,-0.9000204058496769,-0.43334315837206666
world_model_target,B3,3,world_model_target,0,6.085332941933611,9.704192570714486,-0.3666749801609795,-0.20000453463326154
world_model_target,B3,5,world_model_target,0,12.751523063767396,10.845249411915546,nan,-0.8333522276385897
world_model_target,B3,7,world_model_target,0,3.4950970299729747,8.055402405880049,-0.6000136038997846,-0.26667271284434874
world_model_target,B3,9,world_model_target,0,4.748032123487123,16.90632299832426,-0.3666749801609795,-0.10000226731663077
world_model_target,B3,11,world_model_target,0,2.5446837306733547,8.08634967310587,-0.20000453463326154,-0.10000226731663077
world_model_target,B3,13,world_model_target,0,7.661035795949863,11.276457777021678,-0.6666817821108718,0.16667044552771795
world_model_target,B3,15,world_model_target,0,7.392355975590788,14.410399206241939,-2.533390772021313,-0.16667044552771795
world_model_target,B3,17,world_model_target,0,10.263970680378948,19.59406896234322,-0.6333476930053282,-0.26667271284434874
world_model_target,B3,19,world_model_target,0,13.51058596453173,23.227417902967073,nan,-0.3000068019498923
learned_policy,B1,1,learned_policy,0,95.35214239542013,76.4518534247685,-2.3333914458391445,-2.4667280998870957
learned_policy,B1,3,learned_policy,0,5.251391496871577,7.621335011505531,0.03333416351198778,-0.06666832702397556
learned_policy,B1,5,learned_policy,0,9.174844749067232,9.05918317307832,-1.1333615594075845,-0.23333914458391447
learned_policy,B1,7,learned_policy,0,15.564698005939299,9.834114904815648,-0.5666807797037923,-0.40000996214385337
learned_policy,B1,9,learned_policy,0,58.218611491906856,21.56073168240514,-1.5333715215514379,-1.7667106661353524
learned_policy,B1,11,learned_policy,0,9.648150248999409,5.682792340300938,nan,-0.46667828916782894
learned_policy,B1,13,learned_policy,0,10.983144620217786,8.127737336826407,nan,-0.23333914458391447
learned_policy,B1,15,learned_policy,0,5.187635909506037,4.91902933529109,-0.20000498107192669,-0.1666708175599389
learned_policy,B1,17,learned_policy,0,37.92937522481862,10.962964548335515,-1.1000273958955968,-1.4000348675034868
learned_policy,B1,19,learned_policy,0,5.399009569747724,6.516204125169173,0.06666832702397556,-0.13333665404795111
learned_policy,B2,1,learned_policy,0,59.11643439247216,22.786727188650545,-1.4667071867978045,-1.900052491988065
learned_policy,B2,3,learned_policy,0,10.107721813694383,15.16771926947206,-0.2666740339632372,-0.36667679669945114
learned_policy,B2,5,learned_policy,0,11.55990431444266,8.645365317215349,-0.5333480679264744,-0.4000110509448558
learned_policy,B2,7,learned_policy,0,6.010595163423073,4.825361616907169,0.10000276273621395,0.2000055254724279
learned_policy,B2,9,learned_policy,0,7.976254187962247,9.777891015180717,-0.3333425424540465,-0.2000055254724279
learned_policy,B2,11,learned_policy,0,5.9098052744409895,8.85506756068017,-0.1333370169816186,-0.30000828820864184
learned_policy,B2,13,learned_policy,0,1.8233914483401206,8.670522548602674,-0.23333977971783254,-0.2000055254724279
learned_policy,B2,15,learned_policy,0,3.5478407516122625,5.599384711972035,-0.2666740339632372,-0.2000055254724279
learned_policy,B2,17,learned_policy,0,5.18900111893272,15.406835159645846,-0.23333977971783254,-0.3333425424540465
learned_policy,B2,19,learned_policy,0,2.6930280535755173,5.702808339385963,-0.10000276273621395,-0.3333425424540465
learned_policy,B3,1,learned_policy,0,19.76475121000898,11.584037923940365,nan,-0.5000113365831539
learned_policy,B3,3,learned_policy,0,14.741090898845927,13.056075404050288,-0.3666749801609795,-0.13333635642217437
learned_policy,B3,5,learned_policy,0,35.973092533902175,12.348064877134926,-0.9333544949552205,-1.2666953860106565
learned_policy,B3,7,learned_policy,0,9.00232833614659,9.840949546841866,-0.26667271284434874,-0.3000068019498923
learned_policy,B3,9,learned_policy,0,9.325843014181583,13.07087978120245,nan,0.20000453463326154
learned_policy,B3,11,learned_policy,0,3.545463931494063,4.706155022374876,-0.20000453463326154,-0.13333635642217437
learned_policy,B3,13,learned_policy,0,3.647094304785707,3.652182001311266,-0.26667271284434874,0.10000226731663077
learned_policy,B3,15,learned_policy,0,16.757633759555556,16.57573054679119,nan,0.23333862373880512
learned_policy,B3,17,learned_policy,0,14.739849496267542,14.79186170562206,-0.46667724747761025,-0.20000453463326154
learned_policy,B3,19,learned_policy,0,7.051500967162666,12.104415637814608,nan,-0.13333635642217437
learned_policy_noise,B1,1,learned_policy_noise,0,20.41868243023403,7.509159969599518,nan,-0.5666807797037923
learned_policy_noise,B1,3,learned_policy_noise,0,7.10301640102121,9.432133103227454,nan,-0.03333416351198778
learned_policy_noise,B1,5,learned_policy_noise,0,3.4841314347911316,7.196164672988409,-1.2000298864315602,-0.30000747160789004
learned_policy_noise,B1,7,learned_policy_noise,0,10.183743679386783,9.62057479838257,-0.6666832702397556,-0.40000996214385337
learned_policy_noise,B1,9,learned_policy_noise,0,54.203153595194166,24.1658332228021,nan,-1.8000448296473401
learned_policy_noise,B1,11,learned_policy_noise,0,13.125865038027259,7.378607881902872,nan,-0.5000124526798168
learned_policy_noise,B1,13,learned_policy_noise,0,7.234404237913992,8.250348805246151,-0.5000124526798168,-0.26667330809590223
learned_policy_noise,B1,15,learned_policy_noise,0,6.819475330449977,10.313463141562655,0.13333665404795111,-0.1666708175599389
learned_policy_noise,B1,17,learned_policy_noise,0,31.78450501066209,16.337763270390866,nan,-1.4000348675034868
learned_policy_noise,B1,19,learned_policy_noise,0,10.743457094809555,11.853223283431776,0.26667330809590223,-0.10000249053596334
learned_policy_noise,B2,1,learned_policy_noise,0,41.34273606365267,17.16470316586784,nan,-1.1333646443437582
learned_policy_noise,B2,3,learned_policy_noise,0,4.145802146891977,15.607537659763548,-0.10000276273621395,-0.3333425424540465
learned_policy_noise,B2,5,learned_policy_noise,0,9.270698710132788,5.86364285096143,-0.5666823221718791,-0.36667679669945114
learned_policy_noise,B2,7,learned_policy_noise,0,3.2396536773745854,7.751458544842035,-0.16667127122702324,0.16667127122702324
learned_policy_noise,B2,9,learned_policy_noise,0,7.736444473914805,12.695755251964428,0.1333370169816186,-0.16667127122702324
learned_policy_noise,B2,11,learned_policy_noise,0,13.310810320304988,12.762494604913819,nan,-0.4000110509448558
learned_policy_noise,B2,13,learned_policy_noise,0,6.759166831435727,11.973020309085358,0.16667127122702324,-0.2000055254724279
learned_policy_noise,B2,15,learned_policy_noise,0,5.809394662419697,7.785616749990861,-0.4000110509448558,-0.2666740339632372
learned_policy_noise,B2,17,learned_policy_noise,0,7.399409332708569,15.618184611420235,nan,-0.30000828820864184
learned_policy_noise,B2,19,learned_policy_noise,0,10.382188793715184,9.098373154787772,nan,-0.3333425424540465
learned_policy_noise,B3,1,learned_policy_noise,0,5.6343080847054505,7.400369328934632,-0.8000181385330462,-0.43334315837206666
learned_policy_noise,B3,3,learned_policy_noise,0,13.008352543026403,12.631786778514147,-0.3333408910554359,-0.13333635642217437
learned_policy_noise,B3,5,learned_policy_noise,0,36.98179003800534,16.766193004437206,nan,-1.2666953860106565
learned_policy_noise,B3,7,learned_policy_noise,0,1.8007853086032077,9.392986357318875,-0.46667724747761025,-0.3000068019498923
learned_policy_noise,B3,9,learned_policy_noise,0,3.924013132301655,9.939276505811462,-0.06666817821108718,-0.06666817821108718
learned_policy_noise,B3,11,learned_policy_noise,0,2.2510181570926635,5.777961233992057,-0.23333862373880512,-0.10000226731663077
learned_policy_noise,B3,13,learned_policy_noise,0,4.733380497371866,7.682969649931678,-0.4000090692665231,0.10000226731663077
learned_policy_noise,B3,15,learned_policy_noise,0,12.334240090647036,16.105509937459782,nan,0.10000226731663077
learned_policy_noise,B3,17,learned_policy_noise,0,10.892734981641341,17.880061433447743,nan,-0.23333862373880512
learned_policy_noise,B3,19,learned_policy_noise,0,13.224523111173253,16.475432761165276,nan,-0.16667044552771795
world_model_target,B1,1,world_model_target,1,1.4252597164960068,3.1569521743374116,-0.46667828916782894,-0.7666857607757189
world_model_target,B1,3,world_model_target,1,5.695590203666715,11.213553703856633,1.4000348675034868,nan
world_model_target,B1,5,world_model_target,1,2.132418568634768,3.858263293848463,-0.43334412565584113,-0.30000747160789004
world_model_target,B1,7,world_model_target,1,6.879191334589467,7.8530864415919375,-0.6000149432157801,-0.5000124526798168
world_model_target,B1,9,world_model_target,1,2.0549579668266946,8.095303955841938,-1.7667106661353524,-1.7667106661353524
world_model_target,B1,11,world_model_target,1,2.979483842812246,7.465257684880304,-0.6000149432157801,-0.6333491067277678
world_model_target,B1,13,world_model_target,1,5.2127403807624635,11.002420013303322,-0.7000174337517434,-0.43334412565584113
world_model_target,B1,15,world_model_target,1,2.253965227605884,5.88174315919263,-0.20000498107192669,-0.06666832702397556
world_model_target,B1,17,world_model_target,1,7.30866643084879,12.802853860673528,-1.3000323769675235,-0.46667828916782894
world_model_target,B1,19,world_model_target,1,4.4519464587118645,13.722825219076004,-0.23333914458391447,-0.1666708175599389
world_model_target,B2,1,world_model_target,1,6.804095444528165,3.1343107417896463,-1.3000359155707812,-0.6333508306626884
world_model_target,B2,3,world_model_target,1,10.426546713708815,17.79911648205248,nan,nan
world_model_target,B2,5,world_model_target,1,4.302707993653503,3.37758739656431,-0.03333425424540465,-0.36667679669945114
world_model_target,B2,7,world_model_target,1,2.4000199717171897,7.792208208525789,-0.4000110509448558,-0.03333425424540465
world_model_target,B2,9,world_model_target,1,4.8617524367158325,11.966639677151193,-0.10000276273621395,-0.30000828820864184
world_model_target,B2,11,world_model_target,1,8.405509497855707,17.65382008137809,0.30000828820864184,-0.7333535933989023
world_model_target,B2,13,world_model_target,1,2.3674233571086116,14.597726573755294,-0.3333425424540465,-0.30000828820864184
world_model_target,B2,15,world_model_target,1,1.3940558087501858,5.4598302577705065,-0.36667679669945114,-0.3333425424540465
world_model_target,B2,17,world_model_target,1,3.3384342480719824,19.732254879062143,-0.3333425424540465,-0.5333480679264744
world_model_target,B2,19,world_model_target,1,3.437842034902282,8.198430402427975,-0.10000276273621395,-0.4666795594356651
world_model_target,B3,1,world_model_target,1,7.16850494864833,7.4658493742638345,-0.8666863167441333,-0.5333454256886975
world_model_target,B3,3,world_model_target,1,8.49636089435442,9.591399747339478,-0.3666749801609795,-0.23333862373880512
world_model_target,B3,5,world_model_target,1,10.214992936585354,11.477277658489504,nan,-1.0000226731663078
world_model_target,B3,7,world_model_target,1,5.0316962662206715,8.486998016955907,-0.6000136038997846,-0.3000068019498923
world_model_target,B3,9,world_model_target,1,5.101996585558539,16.663334736346997,-0.3333408910554359,-0.06666817821108718
world_model_target,B3,11,world_model_target,1,4.781837241116168,8.039598602703379,-0.13333635642217437,0.0
world_model_target,B3,13,world_model_target,1,7.8293727695833555,8.644759845684968,-0.5666795147942411,0.16667044552771795
world_model_target,B3,15,world_model_target,1,6.147150482581454,12.48064085247946,-2.5667248611268563,-0.10000226731663077
world_model_target,B3,17,world_model_target,1,6.67410274571703,18.754162640101153,-0.6333476930053282,-0.06666817821108718
world_model_target,B3,19,world_model_target,1,9.941530407112232,23.22440054981541,nan,-0.20000453463326154
learned_policy,B1,1,learned_policy,1,9.882718958265267,12.310430823685103,-3.833428803878595,-3.1000772066148636
learned_policy,B1,3,learned_policy,1,10.112362172990254,20.248376383502205,-0.1666708175599389,-0.10000249053596334
learned_policy,B1,5,learned_policy,1,17.03059742790545,20.03548968788045,-1.3000323769675235,-0.3333416351198778
learned_policy,B1,7,learned_policy,1,15.975354673260863,21.489142092912317,nan,-0.46667828916782894
learned_policy,B1,9,learned_policy,1,4.381688908615603,9.239144587569017,-0.26667330809590223,-1.7000423391113768
learned_policy,B1,11,learned_policy,1,6.842109732018871,12.768952137953557,-0.7666857607757189,-0.6000149432157801
learned_policy,B1,13,learned_policy,1,17.436113592034612,16.406828054166965,nan,-0.30000747160789004
learned_policy,B1,15,learned_policy,1,13.728141334996621,17.722128414199247,-0.3666757986318656,-0.20000498107192669
learned_policy,B1,17,learned_policy,1,17.757076195590184,14.720518787582026,nan,-1.4667031945274625
learned_policy,B1,19,learned_policy,1,14.68412320581838,21.787568423400995,nan,-0.26667330809590223
learned_policy,B2,1,learned_policy,1,18.197151991248102,13.677335199252544,nan,-2.5667375768961582
learned_policy,B2,3,learned_policy,1,11.89309783120233,25.009327502198943,-0.4666795594356651,-0.4000110509448558
learned_policy,B2,5,learned_policy,1,8.645699757329341,16.689016539284275,nan,-1.1000303900983535
learned_policy,B2,7,learned_policy,1,7.097347937677428,16.208442062141476,0.8000221018897116,-0.16667127122702324
learned_policy,B2,9,learned_policy,1,15.1367938073297,19.345461132897494,-0.5000138136810698,-0.23333977971783254
learned_policy,B2,11,learned_policy,1,13.67275287256966,17.640252360444233,-2.033389508969684,-0.30000828820864184
learned_policy,B2,13,learned_policy,1,9.399327592739839,20.80957343144174,-0.5333480679264744,-0.3333425424540465
learned_policy,B2,15,learned_policy,1,8.296654293335765,15.935802135579321,0.6333508306626884,-0.3333425424540465
learned_policy,B2,17,learned_policy,1,12.838649846561538,30.805159380527908,-0.7333535933989023,-0.43334530519026043
learned_policy,B2,19,learned_policy,1,2.187116903888119,15.07196777297819,-0.6000165764172837,-0.43334530519026043
learned_policy,B3,1,learned_policy,1,17.791468136707447,21.54421516328065,-1.466699920643918,-0.6333476930053282
learned_policy,B3,3,learned_policy,1,23.7857507106933,23.930598043328658,-1.5333680988550051,-0.16667044552771795
learned_policy,B3,5,learned_policy,1,1.7268861635002595,13.32247120295601,-1.4000317424328308,-1.2666953860106565
learned_policy,B3,7,learned_policy,1,11.427786748707735,18.934794662146352,-1.866708989910441,-0.43334315837206666
learned_policy,B3,9,learned_policy,1,10.218556623583588,13.591562381244382,-0.26667271284434874,0.16667044552771795
learned_policy,B3,11,learned_policy,1,12.30363945359346,14.578204121564491,-0.3666749801609795,-0.16667044552771795
learned_policy,B3,13,learned_policy,1,13.204515503604144,16.07238579471063,-0.7666840494275026,-0.13333635642217437
learned_policy,B3,15,learned_policy,1,5.053264874430206,15.51255596523808,-1.8333749008048974,-0.06666817821108718
learned_policy,B3,17,learned_policy,1,22.754350549149464,26.70885838689767,-0.6333476930053282,-0.3000068019498923
learned_policy,B3,19,learned_policy,1,18.356508781072623,27.028121779221497,nan,-0.43334315837206666
learned_policy_noise,B1,1,learned_policy_noise,1,50.62648513040475,34.772722781392254,-3.1334113701268516,-3.3000821876867903
learned_policy_noise,B1,3,learned_policy_noise,1,7.3001102955419315,12.006829314047222,0.5333466161918045,-0.03333416351198778
learned_policy_noise,B1,5,learned_policy_noise,1,7.059791958172582,11.981648097600466,-1.3000323769675235,-0.3333416351198778
learned_policy_noise,B1,7,learned_policy_noise,1,7.728278433104034,13.301864081549835,-0.8666882513116823,-0.43334412565584113
learned_policy_noise,B1,9,learned_policy_noise,1,33.94439653396561,16.982452769259684,-1.8000448296473401,-1.7667106661353524
learned_policy_noise,B1,11,learned_policy_noise,1,4.455449280509218,8.337843922092238,-0.40000996214385337,-0.6333491067277678
learned_policy_noise,B1,13,learned_policy_noise,1,11.145496912770307,11.30878927185212,nan,-0.26667330809590223
learned_policy_noise,B1,15,learned_policy_noise,1,10.075582472194283,13.197430845447869,0.43334412565584113,-0.1666708175599389
learned_policy_noise,B1,17,learned_policy_noise,1,18.460845195949737,12.680390683489959,nan,-1.4333690310154745
learned_policy_noise,B1,19,learned_policy_noise,1,11.264511732479926,15.406441733760841,0.46667828916782894,-0.20000498107192669
learned_policy_noise,B2,1,learned_policy_noise,1,52.19790801684114,30.231313783517244,nan,-2.666740339632372
learned_policy_noise,B2,3,learned_policy_noise,1,6.819047197144842,18.488281990189215,0.1333370169816186,-0.3333425424540465
learned_policy_noise,B2,5,learned_policy_noise,1,12.105416688001037,12.83752844471637,-1.9667210004788744,-1.1333646443437582
learned_policy_noise,B2,7,learned_policy_noise,1,3.9864558985187926,10.498391634982324,-0.4666795594356651,-0.10000276273621395
learned_policy_noise,B2,9,learned_policy_noise,1,9.977967776287647,14.283560005165445,-0.36667679669945114,-0.23333977971783254
learned_policy_noise,B2,11,learned_policy_noise,1,7.168389768965312,10.053552465067195,nan,-0.4666795594356651
learned_policy_noise,B2,13,learned_policy_noise,1,5.6195958215360555,14.551859064172179,0.0666685084908093,-0.2666740339632372
learned_policy_noise,B2,15,learned_policy_noise,1,3.142740991305648,12.910255896965378,-0.7333535933989023,-0.36667679669945114
learned_policy_noise,B2,17,learned_policy_noise,1,2.230809608287174,19.027044201746815,-0.16667127122702324,-0.43334530519026043
learned_policy_noise,B2,19,learned_policy_noise,1,4.686605391436073,12.12405876043606,-0.1333370169816186,-0.43334530519026043
learned_policy_noise,B3,1,learned_policy_noise,1,5.079725016828801,11.938962925154941,0.03333408910554359,-0.6000136038997846
learned_policy_noise,B3,3,learned_policy_noise,1,17.988028955569103,17.947492304377352,nan,-0.16667044552771795
learned_policy_noise,B3,5,learned_policy_noise,1,21.56631979979195,11.641633563186286,nan,-1.3000294751162
learned_policy_noise,B3,7,learned_policy_noise,1,7.774191297956825,16.077483166165536,0.16667044552771795,-0.4000090692665231
learned_policy_noise,B3,9,learned_policy_noise,1,10.779770783158673,17.53732729714917,0.43334315837206666,-0.16667044552771795
learned_policy_noise,B3,11,learned_policy_noise,1,9.395661671893276,11.4420497568775,-0.26667271284434874,-0.13333635642217437
learned_policy_noise,B3,13,learned_policy_noise,1,12.038733982307502,11.838985446591366,-0.5666795147942411,0.0
learned_policy_noise,B3,15,learned_policy_noise,1,5.592104686874009,13.137391328776166,-2.2667180591769642,-0.10000226731663077
learned_policy_noise,B3,17,learned_policy_noise,1,18.605584295550486,22.84844103532694,-0.5333454256886975,-0.26667271284434874
learned_policy_noise,B3,19,learned_policy_noise,1,12.637225357223238,20.55991324363886,nan,-0.3333408910554359
world_model_target,B1,1,world_model_target,2,4.981324690420144,1.9442881596439636,-0.13333665404795111,-0.6000149432157801
world_model_target,B1,3,world_model_target,2,13.698418319100321,15.417473723473037,nan,-0.03333416351198778
world_model_target,B1,5,world_model_target,2,2.822572216790551,2.2792199884758815,-0.30000747160789004,-0.26667330809590223
world_model_target,B1,7,world_model_target,2,7.24289138558002,6.680974491541784,nan,-0.3666757986318656
world_model_target,B1,9,world_model_target,2,2.221648630051109,5.6707762537758235,-1.6333740120874012,-0.5000124526798168
world_model_target,B1,11,world_model_target,2,1.6006745297038347,8.306599398347139,-0.3666757986318656,-0.43334412565584113
world_model_target,B1,13,world_model_target,2,3.385214007534876,9.170412878697238,-0.5000124526798168,-0.30000747160789004
world_model_target,B1,15,world_model_target,2,3.8661422165311183,8.620593147992947,-0.20000498107192669,-0.10000249053596334
world_model_target,B1,17,world_model_target,2,6.843213886009567,13.322912023360287,-1.3667007039914991,-0.40000996214385337
world_model_target,B1,19,world_model_target,2,5.058783972488463,15.120438417108012,-0.26667330809590223,-0.1666708175599389
world_model_target,B2,1,world_model_target,2,8.488645257388482,5.178553249980687,nan,-0.4666795594356651
world_model_target,B2,3,world_model_target,2,11.390887553739395,20.92839390412071,nan,-0.3333425424540465
world_model_target,B2,5,world_model_target,2,6.597653300040104,3.1750416421331598,nan,-0.30000828820864184
world_model_target,B2,7,world_model_target,2,3.3499765162967687,8.911022747344434,-0.4666795594356651,nan
world_model_target,B2,9,world_model_target,2,4.605377348903892,12.20007644563476,-0.3333425424540465,-0.2666740339632372
world_model_target,B2,11,world_model_target,2,9.147513603854744,15.862686528203728,-1.8667182377426603,-0.6333508306626884
world_model_target,B2,13,world_model_target,2,1.366250792639659,15.55606224039138,-0.36667679669945114,-0.23333977971783254
world_model_target,B2,15,world_model_target,2,4.776116879592017,4.068496183787919,-0.0666685084908093,-0.23333977971783254
world_model_target,B2,17,world_model_target,2,0.25648827689826353,18.856837714227158,-0.3333425424540465,-0.36667679669945114
world_model_target,B2,19,world_model_target,2,7.145657659486495,6.990717991788944,nan,-0.2666740339632372
world_model_target,B3,1,world_model_target,2,0.9670276868187928,4.972163235507607,-0.8333522276385897,-0.3000068019498923
world_model_target,B3,3,world_model_target,2,8.786259513140322,10.536057444840756,nan,-0.13333635642217437
world_model_target,B3,5,world_model_target,2,6.192746769649063,8.180809312586234,nan,-0.5666795147942411
world_model_target,B3,7,world_model_target,2,1.2912874618370314,6.1151548460626275,-0.5333454256886975,-0.03333408910554359
world_model_target,B3,9,world_model_target,2,5.331805854801125,18.244835163271,nan,0.06666817821108718
world_model_target,B3,11,world_model_target,2,7.620279102134458,10.168562207979527,0.5333454256886975,0.13333635642217437
world_model_target,B3,13,world_model_target,2,7.1506349953435135,10.459323117492278,-0.6666817821108718,nan
world_model_target,B3,15,world_model_target,2,3.9162145521689298,14.349301593433086,-2.533390772021313,-0.06666817821108718
world_model_target,B3,17,world_model_target,2,9.86567169350396,20.02725598173599,-0.6333476930053282,-0.13333635642217437
world_model_target,B3,19,world_model_target,2,8.517279513930403,21.167193946776084,nan,-0.13333635642217437
learned_policy,B1,1,learned_policy,2,82.1636587614075,54.92227423317899,nan,-2.9667405525669124
learned_policy,B1,3,learned_policy,2,2.3817822812686003,11.228525688791622,-0.06666832702397556,-0.10000249053596334
learned_policy,B1,5,learned_policy,2,3.9823479820243377,9.630236900305798,-1.2000298864315602,-0.26667330809590223
learned_policy,B1,7,learned_policy,2,5.552351908796801,10.260336943615918,-0.5666807797037923,-0.40000996214385337
learned_policy,B1,9,learned_policy,2,44.38187598859469,19.13011975851333,-1.8000448296473401,-1.666708175599389
learned_policy,B1,11,learned_policy,2,10.27407417194548,5.243009980508831,-0.5000124526798168,-0.5000124526798168
learned_policy,B1,13,learned_policy,2,7.700192838472894,10.738590284250787,0.20000498107192669,-0.26667330809590223
learned_policy,B1,15,learned_policy,2,0.5842725971647127,2.327902654807019,-0.1666708175599389,-0.1666708175599389
learned_policy,B1,17,learned_policy,2,41.4919276760142,17.248246808447302,nan,-1.4000348675034868
learned_policy,B1,19,learned_policy,2,5.834879150700077,7.705933833730076,nan,-0.20000498107192669
learned_policy,B2,1,learned_policy,2,77.17528445128508,40.52004853204357,nan,-2.3333977971783253
learned_policy,B2,3,learned_policy,2,1.914079318456806,17.014745841077918,-0.36667679669945114,-0.4000110509448558
learned_policy,B2,5,learned_policy,2,10.004913370458098,6.369212606758273,-0.6333508306626884,-0.5333480679264744
learned_policy,B2,7,learned_policy,2,6.969395615742186,4.2311018874432245,0.16667127122702324,0.1333370169816186
learned_policy,B2,9,learned_policy,2,6.720887968524422,12.623686951780877,-0.4000110509448558,-0.23333977971783254
learned_policy,B2,11,learned_policy,2,7.928701038497279,8.78922743707503,-1.7667154750064464,-0.36667679669945114
learned_policy,B2,13,learned_policy,2,0.780206311156299,12.462673529593287,-0.3333425424540465,-0.2666740339632372
learned_policy,B2,15,learned_policy,2,3.4145390848995767,6.174303490364042,-0.30000828820864184,-0.23333977971783254
learned_policy,B2,17,learned_policy,2,1.1936272383066624,20.667216525498514,-0.5000138136810698,-0.4000110509448558
learned_policy,B2,19,learned_policy,2,9.40409221787966,7.280962812667949,nan,-0.36667679669945114
learned_policy,B3,1,learned_policy,2,2.3438519692730093,10.685244814130124,-1.0333567622718514,-0.5333454256886975
learned_policy,B3,3,learned_policy,2,15.615873146864399,15.392417911292888,-0.46667724747761025,-0.13333635642217437
learned_policy,B3,5,learned_policy,2,31.241342281434527,13.899209088255517,-1.1333590295884821,-1.1666931186940257
learned_policy,B3,7,learned_policy,2,2.934463220994,8.793039861363543,-0.43334315837206666,-0.3000068019498923
learned_policy,B3,9,learned_policy,2,6.2806250977604465,8.980723329710301,nan,0.20000453463326154
learned_policy,B3,11,learned_policy,2,3.7732846375840046,4.475284377012134,-0.20000453463326154,-0.13333635642217437
learned_policy,B3,13,learned_policy,2,1.3711201760185812,3.7805102537304993,-0.20000453463326154,0.10000226731663077
learned_policy,B3,15,learned_policy,2,19.98374715025192,21.288649598207375,-2.1667157918603333,0.20000453463326154
learned_policy,B3,17,learned_policy,2,6.750861494890382,10.427843112080645,-0.4000090692665231,-0.20000453463326154
learned_policy,B3,19,learned_policy,2,8.368602522982343,12.823724449754856,nan,-0.20000453463326154
learned_policy_noise,B1,1,learned_policy_noise,2,85.15325027620186,66.07904886272047,nan,-3.3000821876867903
learned_policy_noise,B1,3,learned_policy_noise,2,9.71017758014092,4.2289801117545895,0.10000249053596334,-0.03333416351198778
learned_policy_noise,B1,5,learned_policy_noise,2,4.656970636364942,6.8233272521447565,-0.03333416351198778,-0.30000747160789004
learned_policy_noise,B1,7,learned_policy_noise,2,9.890700089648933,8.266155414503276,nan,-0.3333416351198778
learned_policy_noise,B1,9,learned_policy_noise,2,54.055709741736024,23.310038356776996,nan,-1.7333765026233645
learned_policy_noise,B1,11,learned_policy_noise,2,15.796717750225625,14.072272439837,nan,-0.43334412565584113
learned_policy_noise,B1,13,learned_policy_noise,2,5.909028086063575,5.022387133836742,nan,-0.1666708175599389
learned_policy_noise,B1,15,learned_policy_noise,2,15.337546280019895,15.944975552047172,nan,-0.13333665404795111
learned_policy_noise,B1,17,learned_policy_noise,2,40.34598782073347,24.156033820515184,nan,-1.4000348675034868
learned_policy_noise,B1,19,learned_policy_noise,2,15.306064157834204,12.649048071175736,nan,-0.13333665404795111
learned_policy_noise,B2,1,learned_policy_noise,2,72.51823134211295,40.31608232702484,nan,-2.466734814159944
learned_policy_noise,B2,3,learned_policy_noise,2,7.646030003432792,7.396418714962026,nan,-0.3333425424540465
learned_policy_noise,B2,5,learned_policy_noise,2,10.94422019396166,7.118094572373381,nan,-0.5000138136810698
learned_policy_noise,B2,7,learned_policy_noise,2,22.175783498705876,18.104687654374608,nan,0.2666740339632372
learned_policy_noise,B2,9,learned_policy_noise,2,10.463353328115108,8.613215981798337,nan,-0.16667127122702324
learned_policy_noise,B2,11,learned_policy_noise,2,13.19652392287142,14.065737536593886,nan,-0.4000110509448558
learned_policy_noise,B2,13,learned_policy_noise,2,11.987781755934556,6.129424993826415,nan,-0.2000055254724279
learned_policy_noise,B2,15,learned_policy_noise,2,13.902902704807266,13.306350595582082,nan,-0.2000055254724279
learned_policy_noise,B2,17,learned_policy_noise,2,11.14755613580526,6.942615100112152,nan,-0.30000828820864184
learned_policy_noise,B2,19,learned_policy_noise,2,19.316266037496174,14.414615976004763,nan,-0.30000828820864184
learned_policy_noise,B3,1,learned_policy_noise,2,7.994925238255812,5.1687162553514,-0.23333862373880512,-0.46667724747761025
learned_policy_noise,B3,3,learned_policy_noise,2,3.660253656358866,5.853022477499523,-0.10000226731663077,-0.13333635642217437
learned_policy_noise,B3,5,learned_policy_noise,2,33.81386568589293,15.966628769507189,nan,-1.1000249404829385
learned_policy_noise,B3,7,learned_policy_noise,2,12.090268360456928,12.38831259323428,nan,-0.20000453463326154
learned_policy_noise,B3,9,learned_policy_noise,2,14.72650307331231,10.424118571362442,nan,0.03333408910554359
learned_policy_noise,B3,11,learned_policy_noise,2,13.547992892794841,14.367125250069751,nan,-0.06666817821108718
learned_policy_noise,B3,13,learned_policy_noise,2,15.669349966820478,18.281888779700616,nan,0.23333862373880512
learned_policy_noise,B3,15,learned_policy_noise,2,24.948279377233902,23.05815092503174,nan,0.10000226731663077
learned_policy_noise,B3,17,learned_policy_noise,2,8.626730293791589,12.835357500125227,nan,-0.20000453463326154
learned_policy_noise,B3,19,learned_policy_noise,2,20.07229042031703,14.862466151801657,nan,-0.10000226731663077
world_model_target,B1,1,world_model_target,3,2.2403667632110835,2.649003757955224,-0.5000124526798168,-0.7333515972637312
world_model_target,B1,3,world_model_target,3,8.002305095195434,12.775596832103666,0.3666757986318656,-0.06666832702397556
world_model_target,B1,5,world_model_target,3,0.8177508722937651,3.35276701535657,-0.30000747160789004,-0.30000747160789004
world_model_target,B1,7,world_model_target,3,6.287597972987369,7.547553567428356,nan,-0.46667828916782894
world_model_target,B1,9,world_model_target,3,2.524666275280009,8.79637472917047,-1.7333765026233645,-1.7333765026233645
world_model_target,B1,11,world_model_target,3,4.110214080805369,7.569469114186433,-0.6000149432157801,-0.6000149432157801
world_model_target,B1,13,world_model_target,3,4.647642188899931,10.596422721826785,-0.5000124526798168,-0.3666757986318656
world_model_target,B1,15,world_model_target,3,1.500751006492771,6.486948352368664,-0.20000498107192669,-0.06666832702397556
world_model_target,B1,17,world_model_target,3,7.515332254580175,14.632843557503314,-1.3000323769675235,-0.3333416351198778
world_model_target,B1,19,world_model_target,3,3.186460821531122,12.973647933743734,-0.20000498107192669,-0.13333665404795111
world_model_target,B2,1,world_model_target,3,7.777663026411585,3.71560403152007,-1.333370169816186,-0.766687847644307
world_model_target,B2,3,world_model_target,3,6.894651826455085,18.072882468909643,0.10000276273621395,-0.4000110509448558
world_model_target,B2,5,world_model_target,3,5.0332921876417895,3.363579355356617,0.0666685084908093,-0.36667679669945114
world_model_target,B2,7,world_model_target,3,4.422193010483292,9.035960822878714,-0.4000110509448558,nan
world_model_target,B2,9,world_model_target,3,5.242417400789864,10.571578027219797,-0.16667127122702324,-0.2000055254724279
world_model_target,B2,11,world_model_target,3,9.826539041450385,17.41331730885581,nan,-0.6333508306626884
world_model_target,B2,13,world_model_target,3,2.3946615645804026,13.897192667375824,-0.30000828820864184,-0.2666740339632372
world_model_target,B2,15,world_model_target,3,1.2221150930547497,4.781178922469199,-0.36667679669945114,-0.30000828820864184
world_model_target,B2,17,world_model_target,3,3.0214934808922225,19.454404077251432,-0.3333425424540465,-0.5000138136810698
world_model_target,B2,19,world_model_target,3,3.1681150066120414,7.935300125081958,-0.10000276273621395,-0.36667679669945114
world_model_target,B3,1,world_model_target,3,6.479514182267613,7.905497983479318,-0.9000204058496769,-0.43334315837206666
world_model_target,B3,3,world_model_target,3,7.978580227870891,10.351042912200697,-0.3666749801609795,-0.20000453463326154
world_model_target,B3,5,world_model_target,3,9.841934697941051,11.18748473346205,nan,-0.9333544949552205
world_model_target,B3,7,world_model_target,3,3.534341874451663,8.2511146668943,-0.6000136038997846,-0.23333862373880512
world_model_target,B3,9,world_model_target,3,3.8212010726714354,15.721387952634913,-0.3000068019498923,-0.06666817821108718
world_model_target,B3,11,world_model_target,3,4.619864698897077,8.20054353437737,-0.16667044552771795,0.0
world_model_target,B3,13,world_model_target,3,8.858471583421018,11.41978133433678,-0.5666795147942411,0.23333862373880512
world_model_target,B3,15,world_model_target,3,5.692435755853122,16.85260950291726,-2.6000589502324,-0.10000226731663077
world_model_target,B3,17,world_model_target,3,9.015055369613254,18.198121722537337,-0.6333476930053282,-0.16667044552771795
world_model_target,B3,19,world_model_target,3,8.82221813103658,22.53599301918854,nan,-0.13333635642217437
learned_policy,B1,1,learned_policy,3,83.444636518018,68.29509924292647,-2.6667330809590224,-2.5000622633990837
learned_policy,B1,3,learned_policy,3,4.699507571818241,5.952393308958328,0.0,-0.10000249053596334
learned_policy,B1,5,learned_policy,3,6.123538120209914,6.400612366947571,-1.2666982134555356,-0.20000498107192669
learned_policy,B1,7,learned_policy,3,7.675332248615449,5.764207452163656,-0.3666757986318656,-0.3333416351198778
learned_policy,B1,9,learned_policy,3,44.810226341173724,17.627100516127868,-1.8000448296473401,-1.7333765026233645
learned_policy,B1,11,learned_policy,3,1.8820803831795831,2.747818015208981,-0.43334412565584113,-0.3333416351198778
learned_policy,B1,13,learned_policy,3,13.427484934209302,11.773727267790315,nan,-0.26667330809590223
learned_policy,B1,15,learned_policy,3,3.484332677104858,4.425001230293711,-0.1666708175599389,-0.1666708175599389
learned_policy,B1,17,learned_policy,3,27.750491427822254,11.475335063162483,nan,-1.4333690310154745
learned_policy,B1,19,learned_policy,3,7.971982826049107,9.388660453691616,nan,-0.23333914458391447
learned_policy,B2,1,learned_policy,3,46.847590146321,18.278703168423952,-1.4333729325523998,-1.900052491988065
learned_policy,B2,3,learned_policy,3,4.141622608000362,12.811188387616903,-0.2666740339632372,-0.4000110509448558
learned_policy,B2,5,learned_policy,3,7.7299036426553736,6.093529227453557,-0.43334530519026043,-0.36667679669945114
learned_policy,B2,7,learned_policy,3,7.759919768720668,5.727096615294968,0.1333370169816186,0.1333370169816186
learned_policy,B2,9,learned_policy,3,13.450969344401356,15.346256848192604,-0.43334530519026043,-0.23333977971783254
learned_policy,B2,11,learned_policy,3,3.675486356030894,11.14040848464177,-1.8000497292518511,-0.43334530519026043
learned_policy,B2,13,learned_policy,3,8.452477293138362,15.740455833207264,-0.36667679669945114,-0.30000828820864184
learned_policy,B2,15,learned_policy,3,3.815561127265308,3.351230659768535,-0.03333425424540465,-0.16667127122702324
learned_policy,B2,17,learned_policy,3,6.459328212017462,17.47060671019005,-0.3333425424540465,-0.3333425424540465
learned_policy,B2,19,learned_policy,3,5.12605677289202,4.1642597151319505,0.03333425424540465,-0.30000828820864184
learned_policy,B3,1,learned_policy,3,14.99964191693454,9.684241073586746,-0.8000181385330462,-0.43334315837206666
learned_policy,B3,3,learned_policy,3,10.792430675322978,8.50773804278516,-0.26667271284434874,-0.13333635642217437
learned_policy,B3,5,learned_policy,3,2.9483106206367555,3.735146411128037,-0.7666840494275026,-0.5000113365831539
learned_policy,B3,7,learned_policy,3,3.3573539776231107,4.286839868058932,-0.26667271284434874,-0.20000453463326154
learned_policy,B3,9,learned_policy,3,5.116742668183481,6.957149220503784,-0.06666817821108718,0.3000068019498923
learned_policy,B3,11,learned_policy,3,2.544864659422601,2.968616884977069,-0.13333635642217437,-0.06666817821108718
learned_policy,B3,13,learned_policy,3,2.243075548453738,4.548858578403248,-0.13333635642217437,0.16667044552771795
learned_policy,B3,15,learned_policy,3,14.856084183052293,19.341950429464266,-2.3333862373880514,0.10000226731663077
learned_policy,B3,17,learned_policy,3,15.52213013760305,15.38889388475495,-0.46667724747761025,-0.23333862373880512
learned_policy,B3,19,learned_policy,3,13.593342316192025,16.575756639353408,nan,-0.26667271284434874
learned_policy_noise,B1,1,learned_policy_noise,3,19.337903662394158,15.128848647773346,nan,-0.3666757986318656
learned_policy_noise,B1,3,learned_policy_noise,3,7.205459685338113,10.15420323783002,nan,0.06666832702397556
learned_policy_noise,B1,5,learned_policy_noise,3,8.182051087636696,5.7484893711370395,nan,0.1666708175599389
learned_policy_noise,B1,7,learned_policy_noise,3,16.108682604124727,12.558569825000642,nan,-0.20000498107192669
learned_policy_noise,B1,9,learned_policy_noise,3,34.3929589832301,20.150142767800748,nan,-1.7000423391113768
learned_policy_noise,B1,11,learned_policy_noise,3,18.418340088887255,13.64482106560239,nan,-0.6000149432157801
learned_policy_noise,B1,13,learned_policy_noise,3,13.88513328042846,10.526768969507307,nan,-0.10000249053596334
learned_policy_noise,B1,15,learned_policy_noise,3,15.123943318578062,12.284420889061884,nan,0.0
learned_policy_noise,B1,17,learned_policy_noise,3,23.660208389239518,19.475412930433915,nan,-1.3000323769675235
learned_policy_noise,B1,19,learned_policy_noise,3,10.507027504930894,13.091670245602923,nan,-0.06666832702397556
learned_policy_noise,B2,1,learned_policy_noise,3,37.74709406032743,24.410202062583032,nan,-1.333370169816186
learned_policy_noise,B2,3,learned_policy_noise,3,16.489360290771145,20.11537520382255,nan,-0.2000055254724279
learned_policy_noise,B2,5,learned_policy_noise,3,13.799101458835441,10.71546298552326,nan,-0.03333425424540465
learned_policy_noise,B2,7,learned_policy_noise,3,17.971836238296692,11.944668063158439,nan,0.2000055254724279
learned_policy_noise,B2,9,learned_policy_noise,3,12.12269110448363,12.10433269845369,nan,-0.03333425424540465
learned_policy_noise,B2,11,learned_policy_noise,3,38.15958983923245,26.1071792339311,nan,-1.7000469665156372
learned_policy_noise,B2,13,learned_policy_noise,3,7.86072002145779,13.184940768796027,nan,-0.2000055254724279
learned_policy_noise,B2,15,learned_policy_noise,3,13.665426954955098,9.805253364161583,nan,0.0666685084908093
learned_policy_noise,B2,17,learned_policy_noise,3,7.6522578761949775,17.49254269684951,nan,-0.3333425424540465
learned_policy_noise,B2,19,learned_policy_noise,3,13.929874633272043,11.068521713923179,nan,-0.2000055254724279
learned_policy_noise,B3,1,learned_policy_noise,3,10.624992187365507,9.246784397584033,nan,-0.4000090692665231
learned_policy_noise,B3,3,learned_policy_noise,3,20.29107418237024,14.836814728897119,nan,0.0
learned_policy_noise,B3,5,learned_policy_noise,3,25.16715718015872,16.30424632486463,nan,-1.2666953860106565
learned_policy_noise,B3,7,learned_policy_noise,3,10.906535362465618,12.034622082690646,nan,-0.06666817821108718
learned_policy_noise,B3,9,learned_policy_noise,3,12.865686626656725,17.416227406407614,nan,-0.06666817821108718
learned_policy_noise,B3,11,learned_policy_noise,3,16.796690590562992,14.776498295492773,nan,0.03333408910554359
learned_policy_noise,B3,13,learned_policy_noise,3,20.39752907694773,13.281386145413803,nan,0.16667044552771795
learned_policy_noise,B3,15,learned_policy_noise,3,29.12271450051544,31.669549913368357,nan,-1.9000430790159846
learned_policy_noise,B3,17,learned_policy_noise,3,17.612212826004235,18.583446056735227,nan,-0.10000226731663077
learned_policy_noise,B3,19,learned_policy_noise,3,18.476599788776536,14.765898214987047,nan,-0.3333408910554359
world_model_target,B1,1,world_model_target,4,5.341637987322701,2.711461903276431,-0.6000149432157801,-0.7333515972637312
world_model_target,B1,3,world_model_target,4,3.3896518047976785,10.161661643727712,-0.06666832702397556,nan
world_model_target,B1,5,world_model_target,4,4.423594000135551,3.6723720326141582,-0.46667828916782894,-0.30000747160789004
world_model_target,B1,7,world_model_target,4,9.600075200844172,8.568793875752126,nan,-0.46667828916782894
world_model_target,B1,9,world_model_target,4,3.4069433304265906,7.559579929873694,-1.8000448296473401,-1.8667131566713158
world_model_target,B1,11,world_model_target,4,1.3997809903949479,7.372168023373356,-0.5666807797037923,-0.6666832702397556
world_model_target,B1,13,world_model_target,4,6.646838774054643,11.778133143901249,-0.7666857607757189,-0.3666757986318656
world_model_target,B1,15,world_model_target,4,2.4886917125566907,8.312281708042923,-0.30000747160789004,-0.1666708175599389
world_model_target,B1,17,world_model_target,4,5.50088158461275,14.386579840052837,0.03333416351198778,-1.4333690310154745
world_model_target,B1,19,world_model_target,4,3.8750097638078547,14.770669177285875,-0.26667330809590223,-0.3333416351198778
world_model_target,B2,1,world_model_target,4,6.618978676062433,2.955143455929612,-1.1333646443437582,-0.5333480679264744
world_model_target,B2,3,world_model_target,4,8.86207344385624,16.96675227977865,nan,nan
world_model_target,B2,5,world_model_target,4,5.364520265976463,1.990078360777467,-0.23333977971783254,-0.36667679669945114
world_model_target,B2,7,world_model_target,4,3.3715052838791713,11.340464891369638,-0.43334530519026043,nan
world_model_target,B2,9,world_model_target,4,2.5200863274673178,12.543871287438662,-0.2666740339632372,-0.30000828820864184
world_model_target,B2,11,world_model_target,4,4.480507848446727,18.825684963038274,0.0,-0.8000221018897116
world_model_target,B2,13,world_model_target,4,1.3867963312505858,15.558535598298675,-0.30000828820864184,-0.4000110509448558
world_model_target,B2,15,world_model_target,4,3.7618506109417407,4.949960790594506,-0.36667679669945114,-0.30000828820864184
world_model_target,B2,17,world_model_target,4,0.9411947837860358,19.900092722496048,-0.3333425424540465,-0.5666823221718791
world_model_target,B2,19,world_model_target,4,4.185669820084122,8.469729700778442,-0.1333370169816186,-0.4666795594356651
world_model_target,B3,1,world_model_target,4,3.739680460063429,7.345416461768097,-0.9000204058496769,-0.43334315837206666
world_model_target,B3,3,world_model_target,4,9.225661494555528,10.169875463733376,-0.3666749801609795,-0.26667271284434874
world_model_target,B3,5,world_model_target,4,5.173486323755217,9.427336151813968,0.03333408910554359,-0.8666863167441333
world_model_target,B3,7,world_model_target,4,2.7023469083757976,8.555267883062696,-0.6000136038997846,-0.23333862373880512
world_model_target,B3,9,world_model_target,4,5.157787672776842,16.130612370193624,-0.3000068019498923,-0.16667044552771795
world_model_target,B3,11,world_model_target,4,4.350740616112446,8.16697267292862,-0.3000068019498923,-0.10000226731663077
world_model_target,B3,13,world_model_target,4,8.523218137212584,12.555053454642607,-0.6000136038997846,nan
world_model_target,B3,15,world_model_target,4,6.982615550636417,17.967772756654004,0.20000453463326154,-0.20000453463326154
world_model_target,B3,17,world_model_target,4,10.936439474515378,20.920683544568046,-0.6000136038997846,-0.3000068019498923
world_model_target,B3,19,world_model_target,4,10.017247539449176,24.938785476165133,0.9000204058496769,-0.3333408910554359
learned_policy,B1,1,learned_policy,4,21.9836874413914,18.2611364091474,-1.3000323769675235,-1.0333590688716212
learned_policy,B1,3,learned_policy,4,5.988918339101365,4.5287981828344845,0.03333416351198778,-0.03333416351198778
learned_policy,B1,5,learned_policy,4,1.0100358136994088,1.9707266910472698,-0.23333914458391447,-0.10000249053596334
learned_policy,B1,7,learned_policy,4,5.313913718577703,2.5261139181596923,-0.23333914458391447,-0.23333914458391447
learned_policy,B1,9,learned_policy,4,15.01952263049776,6.788841836002887,-1.3000323769675235,-1.4333690310154745
learned_policy,B1,11,learned_policy,4,6.359993496012479,6.63824008267785,nan,-0.20000498107192669
learned_policy,B1,13,learned_policy,4,5.5795392086694555,6.077596328153059,-0.43334412565584113,-0.13333665404795111
learned_policy,B1,15,learned_policy,4,3.0732481808073384,3.9302027183865986,-0.03333416351198778,-0.10000249053596334
learned_policy,B1,17,learned_policy,4,2.3569985999616816,5.231002882154495,-0.26667330809590223,-1.3000323769675235
learned_policy,B1,19,learned_policy,4,6.772737139588269,2.6869311717282445,0.13333665404795111,-0.13333665404795111
learned_policy,B2,1,learned_policy,4,8.544555605199342,7.701317317670275,nan,-0.23333977971783254
learned_policy,B2,3,learned_policy,4,3.1206589125831456,10.360421742991727,-0.23333977971783254,-0.3333425424540465
learned_policy,B2,5,learned_policy,4,3.2391705200302363,1.8450204442708058,-0.1333370169816186,-0.23333977971783254
learned_policy,B2,7,learned_policy,4,11.096903635922578,5.683521430479019,0.4000110509448558,0.3333425424540465
learned_policy,B2,9,learned_policy,4,7.372242412416748,8.00977276219338,nan,-0.16667127122702324
learned_policy,B2,11,learned_policy,4,14.848126338744782,11.733065986591063,nan,-0.2000055254724279
learned_policy,B2,13,learned_policy,4,4.294477405504541,5.628560022769843,-0.03333425424540465,-0.16667127122702324
learned_policy,B2,15,learned_policy,4,6.592603012669734,3.24636103149403,0.10000276273621395,-0.0666685084908093
learned_policy,B2,17,learned_policy,4,2.5902933492050506,9.710365202407724,-0.10000276273621395,-0.23333977971783254
learned_policy,B2,19,learned_policy,4,8.883061191727402,4.155114508866117,0.3333425424540465,-0.16667127122702324
learned_policy,B3,1,learned_policy,4,7.371918697516004,4.710905269560205,-0.6333476930053282,-0.3000068019498923
learned_policy,B3,3,learned_policy,4,10.877831619947177,8.17515521193449,-0.23333862373880512,-0.10000226731663077
learned_policy,B3,5,learned_policy,4,11.592341689882403,8.167535785769491,nan,0.03333408910554359
learned_policy,B3,7,learned_policy,4,2.722778841328383,3.605576339722736,-0.16667044552771795,-0.10000226731663077
learned_policy,B3,9,learned_policy,4,8.356627683276004,7.47791854595908,nan,0.5333454256886975
learned_policy,B3,11,learned_policy,4,4.115403003862152,4.186326238594319,-0.03333408910554359,0.03333408910554359
learned_policy,B3,13,learned_policy,4,3.320044400850137,5.269637650809134,-0.06666817821108718,0.23333862373880512
learned_policy,B3,15,learned_policy,4,21.640947356912925,18.514088098140345,nan,0.3333408910554359
learned_policy,B3,17,learned_policy,4,9.034589483573601,9.291221741931516,-0.3666749801609795,-0.10000226731663077
learned_policy,B3,19,learned_policy,4,9.422684801193071,7.669238168984728,nan,-0.10000226731663077
learned_policy_noise,B1,1,learned_policy_noise,4,40.398047501605994,33.58503918502102,-2.233388955303181,-2.933406389054925
learned_policy_noise,B1,3,learned_policy_noise,4,18.107188924546794,10.689740165333218,0.3333416351198778,-0.03333416351198778
learned_policy_noise,B1,5,learned_policy_noise,4,11.581534625407777,12.983862739502259,0.3333416351198778,-0.20000498107192669
learned_policy_noise,B1,7,learned_policy_noise,4,8.263822167504095,14.788757448057913,0.1666708175599389,-0.3333416351198778
learned_policy_noise,B1,9,learned_policy_noise,4,23.43767899561729,9.86673025065227,nan,-1.7000423391113768
learned_policy_noise,B1,11,learned_policy_noise,4,15.152767380888918,22.138268503493997,nan,-0.5000124526798168
learned_policy_noise,B1,13,learned_policy_noise,4,9.140862627748652,9.254412285301969,0.20000498107192669,-0.10000249053596334
learned_policy_noise,B1,15,learned_policy_noise,4,22.416234597293236,24.265128418756586,0.5666807797037923,-0.13333665404795111
learned_policy_noise,B1,17,learned_policy_noise,4,5.336661692497463,17.788506840425438,nan,-1.3667007039914991
learned_policy_noise,B1,19,learned_policy_noise,4,23.94351989568731,21.620525414456804,0.6333491067277678,-0.13333665404795111
learned_policy_noise,B2,1,learned_policy_noise,4,21.075059219096914,11.999057185827535,nan,-2.066723763215088
learned_policy_noise,B2,3,learned_policy_noise,4,5.413864764132356,7.341838167323298,0.03333425424540465,-0.3333425424540465
learned_policy_noise,B2,5,learned_policy_noise,4,7.370178058289574,14.524756029403113,0.1333370169816186,-0.5000138136810698
learned_policy_noise,B2,7,learned_policy_noise,4,27.689002289828856,25.589271487149865,0.9000248646259256,0.23333977971783254
learned_policy_noise,B2,9,learned_policy_noise,4,16.788423668898712,13.451488001575566,nan,-0.16667127122702324
learned_policy_noise,B2,11,learned_policy_noise,4,22.88409427568989,24.25999169115206,0.9000248646259256,-0.4000110509448558
learned_policy_noise,B2,13,learned_policy_noise,4,17.773136675978776,13.343139917522493,0.5000138136810698,-0.2000055254724279
learned_policy_noise,B2,15,learned_policy_noise,4,18.727308027878095,21.08534721013835,0.5666823221718791,-0.2000055254724279
learned_policy_noise,B2,17,learned_policy_noise,4,17.242456748148463,11.594374282368143,0.5000138136810698,-0.36667679669945114
learned_policy_noise,B2,19,learned_policy_noise,4,22.535613740595714,22.687538476063608,0.8000221018897116,-0.3333425424540465
learned_policy_noise,B3,1,learned_policy_noise,4,7.0112037515177486,10.74595329183569,0.13333635642217437,-0.43334315837206666
learned_policy_noise,B3,3,learned_policy_noise,4,12.041960599846991,13.321945648297639,nan,-0.13333635642217437
learned_policy_noise,B3,5,learned_policy_noise,4,6.944810853270217,15.438105319400117,nan,-1.1666931186940257
learned_policy_noise,B3,7,learned_policy_noise,4,18.505638659907543,20.431647849784238,0.5666795147942411,-0.23333862373880512
learned_policy_noise,B3,9,learned_policy_noise,4,24.154438730000322,20.916493540415477,0.6666817821108718,-0.06666817821108718
learned_policy_noise,B3,11,learned_policy_noise,4,20.6620210215865,21.184464888072025,0.5000113365831539,-0.06666817821108718
learned_policy_noise,B3,13,learned_policy_noise,4,22.45517657065398,25.0927045365794,0.8000181385330462,0.20000453463326154
learned_policy_noise,B3,15,learned_policy_noise,4,33.286477286601325,29.536047992684487,nan,0.0
learned_policy_noise,B3,17,learned_policy_noise,4,15.984367599094307,20.2419235099598,nan,-0.20000453463326154
learned_policy_noise,B3,19,learned_policy_noise,4,30.275073538622905,24.90589274228661,1.1000249404829385,-0.13333635642217437
