split,take,card,method,seed,true_hold_s,predicted_hold_s,error_s
main,A3,2,release at contact,,0.7000163417765846,0.0,-0.7000163417765846
main,A3,4,release at contact,,0.5333457842107311,0.0,-0.5333457842107311
main,A3,6,release at contact,,0.7000163417765846,0.0,-0.7000163417765846
main,A3,8,release at contact,,0.7000163417765846,0.0,-0.7000163417765846
main,A3,10,release at contact,,0.7666845648029259,0.0,-0.7666845648029259
main,A3,12,release at contact,,0.7000163417765846,0.0,-0.7000163417765846
main,A3,14,release at contact,,1.1333597914478035,0.0,-1.1333597914478035
main,A3,16,release at contact,,0.7333504532897552,0.0,-0.7333504532897552
main,A3,18,release at contact,,0.8000186763160966,0.0,-0.8000186763160966
main,A3,20,release at contact,,0.96668923388195,0.0,-0.96668923388195
main,B3,2,release at contact,,0.8000181385330462,0.0,-0.8000181385330462
main,B3,4,release at contact,,0.8333522276385897,0.0,-0.8333522276385897
main,B3,6,release at contact,,1.066690851377395,0.0,-1.066690851377395
main,B3,8,release at contact,,0.9666885840607641,0.0,-0.9666885840607641
main,B3,10,release at contact,,1.2666953860106565,0.0,-1.2666953860106565
main,B3,12,release at contact,,0.8333522276385897,0.0,-0.8333522276385897
main,B3,14,release at contact,,1.0000226731663078,0.0,-1.0000226731663078
main,B3,16,release at contact,,1.0333567622718514,0.0,-1.0333567622718514
main,B3,18,release at contact,,0.8666863167441333,0.0,-0.8666863167441333
main,B3,20,release at contact,,1.0000226731663078,0.0,-1.0000226731663078
main,A3,2,mean training hold,,0.7000163417765846,0.911689797805894,0.21167345602930943
main,A3,4,mean training hold,,0.5333457842107311,0.911689797805894,0.3783440135951629
main,A3,6,mean training hold,,0.7000163417765846,0.911689797805894,0.21167345602930943
main,A3,8,mean training hold,,0.7000163417765846,0.911689797805894,0.21167345602930943
main,A3,10,mean training hold,,0.7666845648029259,0.911689797805894,0.14500523300296808
main,A3,12,mean training hold,,0.7000163417765846,0.911689797805894,0.21167345602930943
main,A3,14,mean training hold,,1.1333597914478035,0.911689797805894,-0.22166999364190954
main,A3,16,mean training hold,,0.7333504532897552,0.911689797805894,0.17833934451613875
main,A3,18,mean training hold,,0.8000186763160966,0.911689797805894,0.11167112148979741
main,A3,20,mean training hold,,0.96668923388195,0.911689797805894,-0.05499943607605606
main,B3,2,mean training hold,,0.8000181385330462,0.911689797805894,0.11167165927284783
main,B3,4,mean training hold,,0.8333522276385897,0.911689797805894,0.07833757016730425
main,B3,6,mean training hold,,1.066690851377395,0.911689797805894,-0.15500105357150096
main,B3,8,mean training hold,,0.9666885840607641,0.911689797805894,-0.05499878625487009
main,B3,10,mean training hold,,1.2666953860106565,0.911689797805894,-0.35500558820476247
main,B3,12,mean training hold,,0.8333522276385897,0.911689797805894,0.07833757016730425
main,B3,14,mean training hold,,1.0000226731663078,0.911689797805894,-0.08833287536041379
main,B3,16,mean training hold,,1.0333567622718514,0.911689797805894,-0.12166696446595737
main,B3,18,mean training hold,,0.8666863167441333,0.911689797805894,0.045003481061760664
main,B3,20,mean training hold,,1.0000226731663078,0.911689797805894,-0.08833287536041379
main,A3,2,gru,0,0.7000163417765846,0.7988769,0.09886053982284171
main,A3,4,gru,0,0.5333457842107311,0.7497091,0.216363345122765
main,A3,6,gru,0,0.7000163417765846,0.8191888,0.119172431855465
main,A3,8,gru,0,0.7000163417765846,0.86327153,0.16325519266631705
main,A3,10,gru,0,0.7666845648029259,0.8197668,0.053082254674155394
main,A3,12,gru,0,0.7000163417765846,0.76103646,0.06102011385467154
main,A3,14,gru,0,1.1333597914478035,0.8831797,-0.25018006723134234
main,A3,16,gru,0,0.7333504532897552,0.8096164,0.07626593360065614
main,A3,18,gru,0,0.8000186763160966,0.8498845,0.049865833724186626
main,A3,20,gru,0,0.96668923388195,0.90883654,-0.057852690321921973
main,B3,2,gru,0,0.8000181385330462,0.8617546,0.06173645770032177
main,B3,4,gru,0,0.8333522276385897,0.9433284,0.10997615294612706
main,B3,6,gru,0,1.066690851377395,0.97939837,-0.08729248158827141
main,B3,8,gru,0,0.9666885840607641,0.8386035,-0.1280850875092504
main,B3,10,gru,0,1.2666953860106565,0.9980462,-0.268649166661749
main,B3,12,gru,0,0.8333522276385897,0.8411072,0.0077549620167142175
main,B3,14,gru,0,1.0000226731663078,0.9696923,-0.030330383337053624
main,B3,16,gru,0,1.0333567622718514,0.9142919,-0.11906484399411088
main,B3,18,gru,0,0.8666863167441333,0.9192335,0.05254718421335569
main,B3,20,gru,0,1.0000226731663078,0.91714394,-0.08287873224070963
main,A3,2,gru,1,0.7000163417765846,0.80360764,0.10359130087401969
main,A3,4,gru,1,0.5333457842107311,0.7701712,0.23682544086022228
main,A3,6,gru,1,0.7000163417765846,0.8606187,0.16060236874129874
main,A3,8,gru,1,0.7000163417765846,0.84420216,0.14418581905868155
main,A3,10,gru,1,0.7666845648029259,0.83570176,0.06901719882698742
main,A3,12,gru,1,0.7000163417765846,0.7453188,0.04530242863204581
main,A3,14,gru,1,1.1333597914478035,0.8695604,-0.26379937093465045
main,A3,16,gru,1,0.7333504532897552,0.7925695,0.0592190647995392
main,A3,18,gru,1,0.8000186763160966,0.8411061,0.04108744045560142
main,A3,20,gru,1,0.96668923388195,0.87579685,-0.09089237938594785
main,B3,2,gru,1,0.8000181385330462,0.87148803,0.07146989619214306
main,B3,4,gru,1,0.8333522276385897,0.9257892,0.09243694977916539
main,B3,6,gru,1,1.066690851377395,1.0226076,-0.04408328645124748
main,B3,8,gru,1,0.9666885840607641,0.8455456,-0.12114299413690544
main,B3,10,gru,1,1.2666953860106565,1.0925188,-0.17417657955313692
main,B3,12,gru,1,0.8333522276385897,0.8590415,0.025689284373891952
main,B3,14,gru,1,1.0000226731663078,0.98335695,-0.016665720499071446
main,B3,16,gru,1,1.0333567622718514,0.9338484,-0.09950838122937089
main,B3,18,gru,1,0.8666863167441333,0.93361276,0.06692644713755003
main,B3,20,gru,1,1.0000226731663078,0.9170921,-0.08293058828166422
main,A3,2,gru,2,0.7000163417765846,0.77811337,0.07809702339675528
main,A3,4,gru,2,0.5333457842107311,0.7145019,0.18115613315148205
main,A3,6,gru,2,0.7000163417765846,0.8010504,0.1010340827992211
main,A3,8,gru,2,0.7000163417765846,0.8591889,0.15917257252242667
main,A3,10,gru,2,0.7666845648029259,0.81491643,0.048231867100913206
main,A3,12,gru,2,0.7000163417765846,0.7174101,0.017393745808864658
main,A3,14,gru,2,1.1333597914478035,0.86198777,-0.2713720218440743
main,A3,16,gru,2,0.7333504532897552,0.7820531,0.04870265969394838
main,A3,18,gru,2,0.8000186763160966,0.82418954,0.02417086740796348
main,A3,20,gru,2,0.96668923388195,0.8788215,-0.08786774168682066
main,B3,2,gru,2,0.8000181385330462,0.84386927,0.043851130361149404
main,B3,4,gru,2,0.8333522276385897,0.90853757,0.07518533902324498
main,B3,6,gru,2,1.066690851377395,1.008189,-0.05850188844099358
main,B3,8,gru,2,0.9666885840607641,0.82576245,-0.14092613336572624
main,B3,10,gru,2,1.2666953860106565,1.0922589,-0.17443645580435763
main,B3,12,gru,2,0.8333522276385897,0.84696096,0.01360873418010533
main,B3,14,gru,2,1.0000226731663078,0.9900825,-0.00994017080119547
main,B3,16,gru,2,1.0333567622718514,0.9171301,-0.1162266496238411
main,B3,18,gru,2,0.8666863167441333,0.9245094,0.05782308934564939
main,B3,20,gru,2,1.0000226731663078,0.8710803,-0.128942393816027
main,A3,2,gru,3,0.7000163417765846,0.92291933,0.22290299120452506
main,A3,4,gru,3,0.5333457842107311,0.7763114,0.24296561334175915
main,A3,6,gru,3,0.7000163417765846,0.89704275,0.1970264095356713
main,A3,8,gru,3,0.7000163417765846,0.92524654,0.2252301949551354
main,A3,10,gru,3,0.7666845648029259,0.89580727,0.12912270143242566
main,A3,12,gru,3,0.7000163417765846,0.7455571,0.0455407876065026
main,A3,14,gru,3,1.1333597914478035,0.8751819,-0.25817787807194903
main,A3,16,gru,3,0.7333504532897552,0.8062825,0.07293206700443422
main,A3,18,gru,3,0.8000186763160966,0.8503176,0.050298921073124614
main,A3,20,gru,3,0.96668923388195,0.92120486,-0.045484368903159766
main,B3,2,gru,3,0.8000181385330462,0.9785906,0.1785724691100813
main,B3,4,gru,3,0.8333522276385897,1.0425537,0.20920143561519444
main,B3,6,gru,3,1.066690851377395,1.065489,-0.001201797651198655
main,B3,8,gru,3,0.9666885840607641,0.9635206,-0.0031679975701329743
main,B3,10,gru,3,1.2666953860106565,1.1229109,-0.1437845288100339
main,B3,12,gru,3,0.8333522276385897,0.8903299,0.0569776697651273
main,B3,14,gru,3,1.0000226731663078,1.0380683,0.03804562135883871
main,B3,16,gru,3,1.0333567622718514,0.951713,-0.08164373670193559
main,B3,18,gru,3,0.8666863167441333,0.967687,0.10100069402094236
main,B3,20,gru,3,1.0000226731663078,0.92568797,-0.07433470443538126
main,A3,2,gru,4,0.7000163417765846,0.83435535,0.13433901253249747
main,A3,4,gru,4,0.5333457842107311,0.75465596,0.22131017301125377
main,A3,6,gru,4,0.7000163417765846,0.85969096,0.15967462244536978
main,A3,8,gru,4,0.7000163417765846,0.8830709,0.18305454435851676
main,A3,10,gru,4,0.7666845648029259,0.85423875,0.08755418374748913
main,A3,12,gru,4,0.7000163417765846,0.746544,0.04652766171004874
main,A3,14,gru,4,1.1333597914478035,0.8821561,-0.2512037174007149
main,A3,16,gru,4,0.7333504532897552,0.8018099,0.06845945366977846
main,A3,18,gru,4,0.8000186763160966,0.84979266,0.04977398296658775
main,A3,20,gru,4,0.96668923388195,0.9039104,-0.06277883539867368
main,B3,2,gru,4,0.8000181385330462,0.93740946,0.13739132201154003
main,B3,4,gru,4,0.8333522276385897,0.99041533,0.15706310706294835
main,B3,6,gru,4,1.066690851377395,1.059238,-0.007452894376662522
main,B3,8,gru,4,0.9666885840607641,0.9075327,-0.05915589210519767
main,B3,10,gru,4,1.2666953860106565,1.0887485,-0.17794693096304903
main,B3,12,gru,4,0.8333522276385897,0.87578076,0.042428533603323104
main,B3,14,gru,4,1.0000226731663078,1.0174768,0.017454123937574062
main,B3,16,gru,4,1.0333567622718514,0.94472456,-0.08863220248791581
main,B3,18,gru,4,0.8666863167441333,0.9545318,0.08784547208185545
main,B3,20,gru,4,1.0000226731663078,0.9034219,-0.09660079435161051
cross_person,B1,2,release at contact,,0.8666882513116823,0.0,-0.8666882513116823
cross_person,B1,4,release at contact,,1.2333640499435479,0.0,-1.2333640499435479
cross_person,B1,6,release at contact,,1.4000348675034868,0.0,-1.4000348675034868
cross_person,B1,8,release at contact,,1.0000249053596335,0.0,-1.0000249053596335
cross_person,B1,10,release at contact,,0.8333540877996946,0.0,-0.8333540877996946
cross_person,B1,12,release at contact,,0.9000224148236701,0.0,-0.9000224148236701
cross_person,B1,14,release at contact,,1.2333640499435479,0.0,-1.2333640499435479
cross_person,B1,16,release at contact,,0.9333565783356579,0.0,-0.9333565783356579
cross_person,B1,18,release at contact,,0.7666857607757189,0.0,-0.7666857607757189
cross_person,B1,20,release at contact,,0.8666882513116823,0.0,-0.8666882513116823
cross_person,B2,2,release at contact,,0.7000193391534977,0.0,-0.7000193391534977
cross_person,B2,4,release at contact,,1.2667016613253768,0.0,-1.2667016613253768
cross_person,B2,6,release at contact,,0.8333563561351163,0.0,-0.8333563561351163
cross_person,B2,8,release at contact,,0.8666906103805209,0.0,-0.8666906103805209
cross_person,B2,10,release at contact,,1.0000276273621396,0.0,-1.0000276273621396
cross_person,B2,12,release at contact,,0.9666933731167349,0.0,-0.9666933731167349
cross_person,B2,14,release at contact,,1.033361881607544,0.0,-1.033361881607544
cross_person,B2,16,release at contact,,0.7333535933989023,0.0,-0.7333535933989023
cross_person,B2,18,release at contact,,0.8333563561351163,0.0,-0.8333563561351163
cross_person,B2,20,release at contact,,0.7000193391534977,0.0,-0.7000193391534977
cross_person,B3,2,release at contact,,0.8000181385330462,0.0,-0.8000181385330462
cross_person,B3,4,release at contact,,0.8333522276385897,0.0,-0.8333522276385897
cross_person,B3,6,release at contact,,1.066690851377395,0.0,-1.066690851377395
cross_person,B3,8,release at contact,,0.9666885840607641,0.0,-0.9666885840607641
cross_person,B3,10,release at contact,,1.2666953860106565,0.0,-1.2666953860106565
cross_person,B3,12,release at contact,,0.8333522276385897,0.0,-0.8333522276385897
cross_person,B3,14,release at contact,,1.0000226731663078,0.0,-1.0000226731663078
cross_person,B3,16,release at contact,,1.0333567622718514,0.0,-1.0333567622718514
cross_person,B3,18,release at contact,,0.8666863167441333,0.0,-0.8666863167441333
cross_person,B3,20,release at contact,,1.0000226731663078,0.0,-1.0000226731663078
cross_person,B1,2,mean training hold,,0.8666882513116823,0.8411314142804864,-0.025556837031195823
cross_person,B1,4,mean training hold,,1.2333640499435479,0.8411314142804864,-0.39223263566306144
cross_person,B1,6,mean training hold,,1.4000348675034868,0.8411314142804864,-0.5589034532230004
cross_person,B1,8,mean training hold,,1.0000249053596335,0.8411314142804864,-0.15889349107914708
cross_person,B1,10,mean training hold,,0.8333540877996946,0.8411314142804864,0.00777732648079188
cross_person,B1,12,mean training hold,,0.9000224148236701,0.8411314142804864,-0.058891000543183636
cross_person,B1,14,mean training hold,,1.2333640499435479,0.8411314142804864,-0.39223263566306144
cross_person,B1,16,mean training hold,,0.9333565783356579,0.8411314142804864,-0.09222516405517145
cross_person,B1,18,mean training hold,,0.7666857607757189,0.8411314142804864,0.0744456535047675
cross_person,B1,20,mean training hold,,0.8666882513116823,0.8411314142804864,-0.025556837031195823
cross_person,B2,2,mean training hold,,0.7000193391534977,0.8411314142804864,0.14111207512698876
cross_person,B2,4,mean training hold,,1.2667016613253768,0.8411314142804864,-0.4255702470448903
cross_person,B2,6,mean training hold,,0.8333563561351163,0.8411314142804864,0.007775058145370162
cross_person,B2,8,mean training hold,,0.8666906103805209,0.8411314142804864,-0.02555919610003443
cross_person,B2,10,mean training hold,,1.0000276273621396,0.8411314142804864,-0.15889621308165314
cross_person,B2,12,mean training hold,,0.9666933731167349,0.8411314142804864,-0.12556195883624843
cross_person,B2,14,mean training hold,,1.033361881607544,0.8411314142804864,-0.19223046732705762
cross_person,B2,16,mean training hold,,0.7333535933989023,0.8411314142804864,0.10777782088158416
cross_person,B2,18,mean training hold,,0.8333563561351163,0.8411314142804864,0.007775058145370162
cross_person,B2,20,mean training hold,,0.7000193391534977,0.8411314142804864,0.14111207512698876
cross_person,B3,2,mean training hold,,0.8000181385330462,0.8411314142804864,0.04111327574744028
cross_person,B3,4,mean training hold,,0.8333522276385897,0.8411314142804864,0.007779186641896696
cross_person,B3,6,mean training hold,,1.066690851377395,0.8411314142804864,-0.2255594370969085
cross_person,B3,8,mean training hold,,0.9666885840607641,0.8411314142804864,-0.12555716978027764
cross_person,B3,10,mean training hold,,1.2666953860106565,0.8411314142804864,-0.42556397173017
cross_person,B3,12,mean training hold,,0.8333522276385897,0.8411314142804864,0.007779186641896696
cross_person,B3,14,mean training hold,,1.0000226731663078,0.8411314142804864,-0.15889125888582134
cross_person,B3,16,mean training hold,,1.0333567622718514,0.8411314142804864,-0.19222534799136493
cross_person,B3,18,mean training hold,,0.8666863167441333,0.8411314142804864,-0.02555490246364689
cross_person,B3,20,mean training hold,,1.0000226731663078,0.8411314142804864,-0.15889125888582134
cross_person,B1,2,gru,0,0.8666882513116823,0.7401197,-0.1265685556482301
cross_person,B1,4,gru,0,1.2333640499435479,0.80383533,-0.42952871754990163
cross_person,B1,6,gru,0,1.4000348675034868,0.6571966,-0.7428382861398088
cross_person,B1,8,gru,0,1.0000249053596335,0.7425261,-0.2574987913726645
cross_person,B1,10,gru,0,0.8333540877996946,0.7402069,-0.09314719054093601
cross_person,B1,12,gru,0,0.9000224148236701,0.9168759,0.016853484014373143
cross_person,B1,14,gru,0,1.2333640499435479,0.7672654,-0.46609867051468434
cross_person,B1,16,gru,0,0.9333565783356579,0.9330929,-0.0002636861657054901
cross_person,B1,18,gru,0,0.7666857607757189,1.172503,0.4058172337616346
cross_person,B1,20,gru,0,0.8666882513116823,1.1781765,0.3114882709432616
cross_person,B2,2,gru,0,0.7000193391534977,0.81047964,0.11046030180719568
cross_person,B2,4,gru,0,1.2667016613253768,0.7697278,-0.4969738352069075
cross_person,B2,6,gru,0,0.8333563561351163,0.8339082,0.0005518441288607789
cross_person,B2,8,gru,0,0.8666906103805209,0.9107645,0.044073905019411996
cross_person,B2,10,gru,0,1.0000276273621396,1.097683,0.0976553255187198
cross_person,B2,12,gru,0,0.9666933731167349,1.014794,0.04810061892580664
cross_person,B2,14,gru,0,1.033361881607544,1.0612378,0.027875930434692275
cross_person,B2,16,gru,0,0.7333535933989023,0.74659294,0.013239345501091626
cross_person,B2,18,gru,0,0.8333563561351163,0.84686273,0.013506377228988953
cross_person,B2,20,gru,0,0.7000193391534977,0.7425779,0.04255857126978113
cross_person,B3,2,gru,0,0.8000181385330462,0.7204042,-0.07961393082659474
cross_person,B3,4,gru,0,0.8333522276385897,0.70586634,-0.12748589081607997
cross_person,B3,6,gru,0,1.066690851377395,0.7488544,-0.31783645264997795
cross_person,B3,8,gru,0,0.9666885840607641,0.6588377,-0.30785090801248527
cross_person,B3,10,gru,0,1.2666953860106565,0.8080795,-0.4586159048857785
cross_person,B3,12,gru,0,0.8333522276385897,0.67509013,-0.1582620934947604
cross_person,B3,14,gru,0,1.0000226731663078,0.7534748,-0.24654790118983683
cross_person,B3,16,gru,0,1.0333567622718514,0.70561534,-0.32774142060849076
cross_person,B3,18,gru,0,0.8666863167441333,0.8715044,0.004818109258369119
cross_person,B3,20,gru,0,1.0000226731663078,1.0306182,0.030595517599073085
cross_person,B1,2,gru,1,0.8666882513116823,0.7718753,-0.09481292944660047
cross_person,B1,4,gru,1,1.2333640499435479,0.7435835,-0.48978054955826344
cross_person,B1,6,gru,1,1.4000348675034868,0.7034077,-0.6966271626733171
cross_person,B1,8,gru,1,1.0000249053596335,0.7679722,-0.2320527340530234
cross_person,B1,10,gru,1,0.8333540877996946,0.7627265,-0.07062760207047702
cross_person,B1,12,gru,1,0.9000224148236701,0.89594984,-0.0040725742780157725
cross_person,B1,14,gru,1,1.2333640499435479,0.8626564,-0.3707076354347283
cross_person,B1,16,gru,1,0.9333565783356579,0.9507507,0.017394130244359207
cross_person,B1,18,gru,1,0.7666857607757189,1.0718831,0.3051973216141126
cross_person,B1,20,gru,1,0.8666882513116823,1.0795025,0.21281421202907702
cross_person,B2,2,gru,1,0.7000193391534977,0.7906607,0.09064134018686487
cross_person,B2,4,gru,1,1.2667016613253768,0.7360601,-0.5306415784129317
cross_person,B2,6,gru,1,0.8333563561351163,0.80779296,-0.025563394537673645
cross_person,B2,8,gru,1,0.8666906103805209,0.908207,0.041516388921389535
cross_person,B2,10,gru,1,1.0000276273621396,1.0338017,0.0337740474806949
cross_person,B2,12,gru,1,0.9666933731167349,0.98993105,0.02323767384600317
cross_person,B2,14,gru,1,1.033361881607544,0.96478736,-0.06857451760150157
cross_person,B2,16,gru,1,0.7333535933989023,0.7677094,0.03435578102889314
cross_person,B2,18,gru,1,0.8333563561351163,0.80213636,-0.031219994536147766
cross_person,B2,20,gru,1,0.7000193391534977,0.7641914,0.06417204993036463
cross_person,B3,2,gru,1,0.8000181385330462,0.73045826,-0.06955987895052662
cross_person,B3,4,gru,1,0.8333522276385897,0.68722904,-0.14612319035373866
cross_person,B3,6,gru,1,1.066690851377395,0.7361506,-0.33054022900953606
cross_person,B3,8,gru,1,0.9666885840607641,0.68117446,-0.2855141269875524
cross_person,B3,10,gru,1,1.2666953860106565,0.76572365,-0.5009717403235532
cross_person,B3,12,gru,1,0.8333522276385897,0.67169416,-0.16165806813083827
cross_person,B3,14,gru,1,1.0000226731663078,0.8016718,-0.19835087016871866
cross_person,B3,16,gru,1,1.0333567622718514,0.75122404,-0.28213272128674394
cross_person,B3,18,gru,1,0.8666863167441333,0.8891194,0.02243306992884031
cross_person,B3,20,gru,1,1.0000226731663078,0.98913395,-0.010888719118151036
cross_person,B1,2,gru,2,0.8666882513116823,0.7570259,-0.10966235380878309
cross_person,B1,4,gru,2,1.2333640499435479,0.80031925,-0.4330447955452019
cross_person,B1,6,gru,2,1.4000348675034868,0.69667095,-0.7033639180444109
cross_person,B1,8,gru,2,1.0000249053596335,0.7551177,-0.2449071909545737
cross_person,B1,10,gru,2,0.8333540877996946,0.7623016,-0.07105246397843601
cross_person,B1,12,gru,2,0.9000224148236701,0.93957907,0.03955665479074033
cross_person,B1,14,gru,2,1.2333640499435479,0.8313913,-0.40197277501450124
cross_person,B1,16,gru,2,0.9333565783356579,0.9709767,0.03762013198386116
cross_person,B1,18,gru,2,0.7666857607757189,1.0747433,0.3080575100983045
cross_person,B1,20,gru,2,0.8666882513116823,1.0836816,0.21699333209285876
cross_person,B2,2,gru,2,0.7000193391534977,0.79873604,0.09871669667032434
cross_person,B2,4,gru,2,1.2667016613253768,0.7617505,-0.5049511420497115
cross_person,B2,6,gru,2,0.8333563561351163,0.8133914,-0.019964968672500305
cross_person,B2,8,gru,2,0.8666906103805209,0.8993286,0.032637979058871225
cross_person,B2,10,gru,2,1.0000276273621396,1.0380714,0.038043766604535234
cross_person,B2,12,gru,2,0.9666933731167349,0.9944015,0.02770814141344702
cross_person,B2,14,gru,2,1.033361881607544,1.0127876,-0.020574301117431748
cross_person,B2,16,gru,2,0.7333535933989023,0.79215884,0.05880524868788972
cross_person,B2,18,gru,2,0.8333563561351163,0.84714866,0.013792300709976502
cross_person,B2,20,gru,2,0.7000193391534977,0.76717055,0.0671512092855282
cross_person,B3,2,gru,2,0.8000181385330462,0.7539441,-0.04607403958361378
cross_person,B3,4,gru,2,0.8333522276385897,0.7134507,-0.11990155739628017
cross_person,B3,6,gru,2,1.066690851377395,0.7954741,-0.27121673934355095
cross_person,B3,8,gru,2,0.9666885840607641,0.67527735,-0.29141123172769523
cross_person,B3,10,gru,2,1.2666953860106565,0.8281755,-0.4385199008765317
cross_person,B3,12,gru,2,0.8333522276385897,0.7020339,-0.13131835026584804
cross_person,B3,14,gru,2,1.0000226731663078,0.8161975,-0.1838251586323112
cross_person,B3,16,gru,2,1.0333567622718514,0.7799976,-0.25335917506787187
cross_person,B3,18,gru,2,0.8666863167441333,0.89061713,0.023930815442756326
cross_person,B3,20,gru,2,1.0000226731663078,0.98662806,-0.013394617593798008
cross_person,B1,2,gru,3,0.8666882513116823,0.74792135,-0.11876690369357923
cross_person,B1,4,gru,3,1.2333640499435479,0.7809281,-0.45243597462997975
cross_person,B1,6,gru,3,1.4000348675034868,0.68646955,-0.7135653126023638
cross_person,B1,8,gru,3,1.0000249053596335,0.7304907,-0.26953422085035617
cross_person,B1,10,gru,3,0.8333540877996946,0.7302228,-0.10313126656403782
cross_person,B1,12,gru,3,0.9000224148236701,0.9070461,0.007023664811950048
cross_person,B1,14,gru,3,1.2333640499435479,0.79218906,-0.44117498830185475
cross_person,B1,16,gru,3,0.9333565783356579,0.9468274,0.013470833315953445
cross_person,B1,18,gru,3,0.7666857607757189,1.088441,0.32175525351413703
cross_person,B1,20,gru,3,0.8666882513116823,1.099887,0.2331987621236815
cross_person,B2,2,gru,3,0.7000193391534977,0.76666385,0.0666445102002926
cross_person,B2,4,gru,3,1.2667016613253768,0.7154908,-0.5512108433016951
cross_person,B2,6,gru,3,0.8333563561351163,0.7956981,-0.03765824984620636
cross_person,B2,8,gru,3,0.8666906103805209,0.8854024,0.018711771039614633
cross_person,B2,10,gru,3,1.0000276273621396,1.0942583,0.09423068104850496
cross_person,B2,12,gru,3,0.9666933731167349,1.0030905,0.03639712771486914
cross_person,B2,14,gru,3,1.033361881607544,0.9756917,-0.05767020546771251
cross_person,B2,16,gru,3,0.7333535933989023,0.7736148,0.04026123041930452
cross_person,B2,18,gru,3,0.8333563561351163,0.79365826,-0.03969809960435455
cross_person,B2,20,gru,3,0.7000193391534977,0.7259348,0.025915464332372684
cross_person,B3,2,gru,3,0.8000181385330462,0.75534844,-0.0446696945480608
cross_person,B3,4,gru,3,0.8333522276385897,0.7363123,-0.09703989786945522
cross_person,B3,6,gru,3,1.066690851377395,0.7686339,-0.29805694930448845
cross_person,B3,8,gru,3,0.9666885840607641,0.6836822,-0.2830063807679174
cross_person,B3,10,gru,3,1.2666953860106565,0.77905405,-0.4876413403334714
cross_person,B3,12,gru,3,0.8333522276385897,0.70037407,-0.13297816080890834
cross_person,B3,14,gru,3,1.0000226731663078,0.7849186,-0.21510406688502726
cross_person,B3,16,gru,3,1.0333567622718514,0.73740524,-0.2959515217361153
cross_person,B3,18,gru,3,0.8666863167441333,0.8661909,-0.0004954064047778539
cross_person,B3,20,gru,3,1.0000226731663078,0.9916495,-0.00837316469005045
cross_person,B1,2,gru,4,0.8666882513116823,0.7436835,-0.12300473433246473
cross_person,B1,4,gru,4,1.2333640499435479,0.7784086,-0.4549554629646355
cross_person,B1,6,gru,4,1.4000348675034868,0.68850887,-0.7115259992860186
cross_person,B1,8,gru,4,1.0000249053596335,0.7394343,-0.2605906035064536
cross_person,B1,10,gru,4,0.8333540877996946,0.73757434,-0.09577974888673069
cross_person,B1,12,gru,4,0.9000224148236701,0.9091551,0.009132655958037694
cross_person,B1,14,gru,4,1.2333640499435479,0.8034946,-0.42986947730408254
cross_person,B1,16,gru,4,0.9333565783356579,0.9418961,0.008539502635106277
cross_person,B1,18,gru,4,0.7666857607757189,1.1017953,0.33510955496677375
cross_person,B1,20,gru,4,0.8666882513116823,1.109624,0.24293577689418933
cross_person,B2,2,gru,4,0.7000193391534977,0.78474736,0.08472802298334314
cross_person,B2,4,gru,4,1.2667016613253768,0.73423225,-0.5324694144496138
cross_person,B2,6,gru,4,0.8333563561351163,0.8091439,-0.024212455263839416
cross_person,B2,8,gru,4,0.8666906103805209,0.889575,0.022884394197115854
cross_person,B2,10,gru,4,1.0000276273621396,1.0841238,0.08409622250663484
cross_person,B2,12,gru,4,0.9666933731167349,1.000468,0.0337746425540415
cross_person,B2,14,gru,4,1.033361881607544,0.98775303,-0.045608847969543564
cross_person,B2,16,gru,4,0.7333535933989023,0.7775851,0.044231495807793286
cross_person,B2,18,gru,4,0.8333563561351163,0.7990412,-0.03431514453004425
cross_person,B2,20,gru,4,0.7000193391534977,0.7441398,0.04412045138147547
cross_person,B3,2,gru,4,0.8000181385330462,0.75352764,-0.046490497236659434
cross_person,B3,4,gru,4,0.8333522276385897,0.72280234,-0.11054988665424526
cross_person,B3,6,gru,4,1.066690851377395,0.7603074,-0.3063834797610314
cross_person,B3,8,gru,4,0.9666885840607641,0.68127024,-0.28541834232339836
cross_person,B3,10,gru,4,1.2666953860106565,0.78390056,-0.4827948270621396
cross_person,B3,12,gru,4,0.8333522276385897,0.6946322,-0.13872005505405605
cross_person,B3,14,gru,4,1.0000226731663078,0.78763443,-0.21238824085048136
cross_person,B3,16,gru,4,1.0333567622718514,0.7407917,-0.29256508384320146
cross_person,B3,18,gru,4,0.8666863167441333,0.8686069,0.0019206082665478297
cross_person,B3,20,gru,4,1.0000226731663078,0.9972725,-0.002750181711229649
