split,take,card,seed,method,reward,success,dropped,peak_tug_n,push_cm,returned,grasp_minus_contact_s
test,A3,1,0,rl_policy,1.1538683617499634,True,False,8.911098642849275,4.283082463242351,0.5442742434627721,-0.3000070036185362
test,A3,3,0,rl_policy,-0.015396690252443418,False,False,0.0,15.243990850579237,0.7635304828239675,nan
test,A3,5,0,rl_policy,-1.1816125937583817,False,True,0.0,18.16754909066845,0.584994540498838,nan
test,A3,7,0,rl_policy,1.0632663313612123,True,False,8.215172526205958,16.669271002174263,0.5992499209747979,0.20000466907902414
test,A3,9,0,rl_policy,1.086994450108977,True,False,0.0,14.58105883468311,0.3811296701523712,1.8000420217112174
test,A3,11,0,rl_policy,-1.3664884917121989,False,True,0.0,44.72288290209512,0.6572984290802399,nan
test,A3,13,0,rl_policy,1.1782311213065908,True,False,8.57978299665536,7.709558700563439,0.6811975897652114,0.23333878059219484
test,A3,15,0,rl_policy,1.2823509509201136,True,False,6.50963362351622,6.157904621314254,0.7069689261723157,0.26667289210536554
test,A3,17,0,rl_policy,-0.06136994887028084,False,False,0.0,16.576454147093703,0.50004400450784,nan
test,A3,19,0,rl_policy,-0.9252935165769268,False,True,0.0,6.358102159563544,0.5553733578140729,nan
test,B3,1,0,rl_policy,1.1097590246367712,True,False,8.848632445089075,2.699800487153686,0.45213922942207796,-0.7666840494275026
test,B3,3,0,rl_policy,-1.038797224039911,False,True,0.0,12.640982305090176,0.5573361815554317,nan
test,B3,5,0,rl_policy,-1.0377755369604926,False,True,0.0,12.70029056796571,0.591276006566352,nan
test,B3,7,0,rl_policy,1.151792731998136,True,False,8.480075226047592,6.22379493054103,0.5805082355954818,-0.3000068019498923
test,B3,9,0,rl_policy,-0.10803702058423581,False,False,0.0,15.8310937386883,0.025401024107747583,nan
test,B3,11,0,rl_policy,0.7862178343842174,True,False,12.389374834265743,30.79785570864033,0.587872200189804,0.43334315837206666
test,B3,13,0,rl_policy,1.1888253220016292,True,False,6.361827532572457,11.570920979385155,0.6681713348386735,0.43334315837206666
test,B3,15,0,rl_policy,1.2769474426486402,True,False,0.0,13.355223611037328,0.5337243004650467,1.466699920643918
test,B3,17,0,rl_policy,1.1690698510857953,True,False,7.378005609819464,12.120928992534916,0.6844963740740156,-0.06666817821108718
test,B3,19,0,rl_policy,1.2076061796345399,True,False,7.729395734077254,6.874085736383064,0.6464201575410711,0.0
test,A3,1,0,before this training,0.003009549691697644,False,False,0.0,11.571824620126801,0.27677613651743393,nan
test,A3,3,0,before this training,-1.2098969681829075,False,True,0.0,32.47498818823242,0.7671082549497331,nan
test,A3,5,0,before this training,-0.13766994031359428,False,False,0.0,13.766994031359427,0.5232959746038743,nan
test,A3,7,0,before this training,1.0876568277459995,True,False,7.731824420967642,15.29095105665962,0.614810325942422,0.33334111513170694
test,A3,9,0,before this training,0.9798638253491413,True,False,0.0,12.864323114228318,0.1536683502662164,1.5333691296058518
test,A3,11,0,before this training,-1.3382671428260684,False,True,0.0,42.15913607294037,0.6646071947933571,nan
test,A3,13,0,before this training,1.1341154869628314,True,False,8.221600276219515,12.828891923020583,0.6796445317551243,0.4000093381580483
test,A3,15,0,before this training,-0.9851469684805086,False,True,0.0,12.107590231578722,0.48074283702454956,nan
test,A3,17,0,before this training,-1.058377716789447,False,True,0.0,18.78751227144999,0.6595039105887173,nan
test,A3,19,0,before this training,0.050399586993132,False,False,0.0,6.358102159563544,0.49774540712259785,1.6000373526321932
test,B3,1,0,before this training,1.1680445234847752,True,False,6.585142199019223,2.8993837835916674,0.4477029792690108,-0.5666795147942411
test,B3,3,0,before this training,-0.9672991991950984,False,True,0.0,12.934750049334706,0.5645185689700952,nan
test,B3,5,0,before this training,-1.5620662516992794,False,True,0.0,68.27895366786159,0.4789316370468947,nan
test,B3,7,0,before this training,1.0567836352011595,True,False,8.751757892824699,14.560932427924882,0.566582678092987,0.10000226731663077
test,B3,9,0,before this training,-0.07933555079848797,False,False,0.0,13.726765767527821,0.2629524215973602,nan
test,B3,11,0,before this training,1.1037543396561893,True,False,1.5518880134221409,31.26963641471045,0.5838096031545009,0.7000158712164154
test,B3,13,0,before this training,1.1492395682714434,True,False,6.893740007748462,15.848877485346325,0.6711592159813938,0.6666817821108718
test,B3,15,0,before this training,1.2443454815096033,True,False,0.0,17.180515558810573,0.5491803238333174,1.6000362770660923
test,B3,17,0,before this training,1.2111434136544483,True,False,3.9010922797061753,17.823668790541902,0.6902755583405096,0.3333408910554359
test,B3,19,0,before this training,-0.45629501392885985,False,False,19.057121937825254,6.874085736383064,0.590104682800886,0.03333408910554359
train,A1,1,0,rl_policy,-0.9637027645980365,False,True,0.0,7.8376476289580745,0.6135377074367273,nan
train,A1,3,0,rl_policy,-1.0642495202140736,False,True,0.0,15.26462931255827,0.516656056545443,nan
train,A1,5,0,rl_policy,1.34676440378692,True,False,2.2743789847285467,15.97651702405622,0.7640688051306284,0.7333510724076762
train,A1,7,0,rl_policy,-0.1396833937984534,False,False,0.0,23.599459857438745,0.4190935184838903,nan
train,A1,9,0,rl_policy,1.1476812545935047,True,False,0.8046763621461787,25.106087815283416,0.5977739960614961,0.7333510724076762
train,A1,11,0,rl_policy,1.0419041181064486,True,False,7.903309837425555,16.79274434586263,0.5965787003969646,1.4667021448153523
train,A1,13,0,rl_policy,1.0644898955360074,True,False,8.456150110054752,15.777492385643518,0.5804033539768589,0.7000169327527818
train,A1,15,0,rl_policy,1.3981225112849036,True,False,0.44539749480855106,7.794625659707205,0.6743211624816683,0.8333534913723593
train,A1,17,0,rl_policy,1.3610535796645258,True,False,2.93346447199007,4.975193216284443,0.6655411198782091,0.43334381551362683
train,A1,19,0,rl_policy,-1.2333921594390236,False,True,9.47016576646691,10.666100002034721,0.6421447295928737,0.7000169327527818
train,A2,1,0,rl_policy,-1.3644529304397703,False,True,0.0,43.05992897494495,0.6497376782523818,nan
train,A2,3,0,rl_policy,-0.16399886961136567,False,False,0.0,18.123507331400493,0.010083232835116251,nan
train,A2,5,0,rl_policy,1.2205111255468055,True,False,4.873605316311819,8.611055782993231,0.5420277602940083,0.06666832072116775
train,A2,7,0,rl_policy,1.1682975145559706,True,False,9.53005527066989,9.351181945862672,0.7334127934933227,0.1666708018029194
train,A2,9,0,rl_policy,1.3306230269827286,True,False,1.5722443610107975,17.01236579721813,0.7415042158263437,0.6333490468510937
train,A2,11,0,rl_policy,1.2549637207065296,True,False,0.9303542807832845,13.53634010122258,0.5347270717318047,0.9000223297357648
train,A2,13,0,rl_policy,-0.9834803543580855,False,True,0.0,13.725773003195066,0.4949930571783062,nan
train,A2,15,0,rl_policy,1.191312574056747,True,False,7.082058749245684,8.160168607648789,0.639449310442509,0.1333366414423355
train,A2,17,0,rl_policy,1.2276614471615528,True,False,4.138114663283123,8.45080396634313,0.5029794967391061,0.5666807261299259
train,A2,19,0,rl_policy,1.3045985210158688,True,False,0.0,12.805954924163151,0.5933384800026527,1.4333688955051067
train,B1,1,0,rl_policy,1.1003491696983398,True,False,8.738985148794159,1.5174619946028507,0.39604239499570315,-2.233388955303181
train,B1,3,0,rl_policy,-0.20007748937739392,False,False,0.0,20.007748937739393,0.33015433011173,nan
train,B1,5,0,rl_policy,1.073937448793144,True,False,8.85660618556144,10.309273422320638,0.5242610012609595,-0.13333665404795111
train,B1,7,0,rl_policy,1.0424562369426926,True,False,8.38162976683618,15.479860490969727,0.5497952596310168,-0.03333416351198778
train,B1,9,0,rl_policy,0.9165909870962642,True,False,6.040547979538487,34.361645964633105,0.531642512717662,0.6000149432157801
train,B1,11,0,rl_policy,0.8491349832382743,True,False,18.186518835671226,7.011612841797884,0.5543854252851155,-0.30000747160789004
train,B1,13,0,rl_policy,1.2017995639025145,True,False,8.6052498436326,7.102925645664944,0.6728664355896752,0.1666708175599389
train,B1,15,0,rl_policy,1.0181155679179623,True,False,11.363259423414021,15.05759667247665,0.6787473389504,0.1666708175599389
train,B1,17,0,rl_policy,-0.012315785189419837,False,False,0.0,14.427253386392627,0.08890124236987107,nan
train,B1,19,0,rl_policy,0.37042349006327413,True,False,35.318435592844665,10.848790065392286,0.7011527744747572,0.13333665404795111
train,B2,1,0,rl_policy,-0.9899818527892645,False,True,0.0,14.993288094136892,0.6136625596599549,nan
train,B2,3,0,rl_policy,-0.17661826446350906,False,False,0.0,17.661826446350908,0.46187377958192377,nan
train,B2,5,0,rl_policy,-1.103220761237271,False,True,0.0,23.842588480813188,0.5686090386895661,nan
train,B2,7,0,rl_policy,1.4098888358150883,True,False,0.0,7.361144514337406,0.6417064059367346,1.333370169816186
train,B2,9,0,rl_policy,1.2011424010963245,True,False,4.297044470847542,15.720017230955369,0.6446940281437643,0.2666740339632372
train,B2,11,0,rl_policy,-1.0017170348475937,False,True,0.0,8.599857345810701,0.5241988831306408,nan
train,B2,13,0,rl_policy,1.1031019568261118,True,False,9.580676139941138,11.512279851886472,0.6484427391215433,0.9000248646259256
train,B2,15,0,rl_policy,1.081998987503593,True,False,8.667892796720173,10.945582058828403,0.5502075477008925,-0.03333425424540465
train,B2,17,0,rl_policy,1.1841751705288868,True,False,3.647579542810964,13.549069742883093,0.5450598223913979,0.03333425424540465
train,B2,19,0,rl_policy,0.9882975947341535,True,False,7.236546465208737,23.176243295484237,0.533204578804219,0.4000110509448558
train,A1,1,0,before this training,1.2850775489669977,True,False,4.942142227404414,7.8376476289580745,0.7056344407060213,0.9666900499919368
train,A1,3,0,before this training,1.1745206396844536,True,False,4.372712620213244,15.26462931255827,0.5904199648402089,0.7666852120625706
train,A1,5,0,before this training,1.333136901494177,True,False,2.2465849241050653,15.97651702405622,0.7619502115744365,0.6666827930978875
train,A1,7,0,before this training,-0.09663833552050435,False,False,0.0,13.202166644325224,0.357502855866654,nan
train,A1,9,0,before this training,-1.1312432857592125,False,True,0.0,26.179651414007555,0.5830993671550652,0.800019351717465
train,A1,11,0,before this training,1.1180187283034262,True,False,8.561914754226581,10.718470944423233,0.6107148242188122,0.20000483792936624
train,A1,13,0,before this training,1.0922774368111927,True,False,7.223048095275603,15.777492385643518,0.6024921077464693,0.7666852120625706
train,A1,15,0,before this training,-0.9573428357176811,False,True,0.0,7.794625659707205,0.5951930533543044,nan
train,A1,17,0,before this training,-0.8916525775524601,False,True,0.0,4.975193216284443,0.572510631307841,nan
train,A1,19,0,before this training,-1.016711288198684,False,True,2.0803062586161762,10.01354844386919,0.6198033460393632,0.7666852120625706
train,A2,1,0,before this training,1.1420785343630326,True,False,1.7080898575622223,23.39191782178334,0.509036993991822,0.43334408468759045
train,A2,3,0,before this training,0.878409214834667,True,False,0.0,18.123507331400493,0.013904388711837745,nan
train,A2,5,0,before this training,1.2624113712864382,True,False,2.7138687213429353,8.611055782993231,0.5190811403978371,0.1666708018029194
train,A2,7,0,before this training,1.2539829625634427,True,False,6.4456948147775455,9.351181945862672,0.7472407115123081,0.3000074432452549
train,A2,9,0,before this training,1.2978114053370686,True,False,1.9199587528783928,17.01236579721813,0.7457198900485937,0.533346565769342
train,A2,11,0,before this training,1.2560174119529102,True,False,1.000821036814235,13.53634010122258,0.5324820008222487,0.7666856882934292
train,A2,13,0,before this training,1.1328199622599762,True,False,4.369129463263847,13.725773003195066,0.45653127116724745,0.7000173675722615
train,A2,15,0,before this training,1.1715323494770382,True,False,7.9707266307401685,8.160168607648789,0.6388404108973067,0.1666708018029194
train,A2,17,0,before this training,1.193301058229722,True,False,4.688013516562019,8.45080396634313,0.45552645047260987,0.43334408468759045
train,A2,19,0,before this training,-1.1749530371458148,False,True,7.000074799667455,11.733817355953823,0.6397049096046499,0.7333515279328453
train,B1,1,0,before this training,1.109216164207345,True,False,8.944121875856979,1.5174619946028507,0.39041996877280793,-1.9333814836952914
train,B1,3,0,before this training,-0.20335686142891612,False,False,0.0,20.335686142891614,0.3497087573147698,nan
train,B1,5,0,before this training,1.1086405388203249,True,False,8.884832364040962,5.385098971895138,0.5115516906894764,-0.1666708175599389
train,B1,7,0,before this training,1.06163272638658,True,False,8.34581811198679,13.83288152869665,0.5441399694338898,0.13333665404795111
train,B1,9,0,before this training,-1.3756965975404518,False,True,6.12860445198724,35.573581762048974,0.5824971558014149,0.6333491067277678
train,B1,11,0,before this training,1.211736839721907,True,False,5.827776556735467,7.011612841797884,0.5506548617089295,-0.20000498107192669
train,B1,13,0,before this training,1.184554672849978,True,False,8.114881009493265,7.102925645664944,0.6699497709665976,0.23333914458391447
train,B1,15,0,before this training,1.2655749696900824,True,False,2.5485595129320453,15.05759667247665,0.6768588485234956,0.23333914458391447
train,B1,17,0,before this training,0.14982555571817435,True,False,37.133541345235095,14.427253386392627,0.4775389972291876,-0.13333665404795111
train,B1,19,0,before this training,-0.5969001764249476,False,False,21.577352561311304,10.848790065392286,0.6992936589955084,0.20000498107192669
train,B2,1,0,before this training,-1.0114088653211424,False,True,0.0,15.977484596866507,0.6341281082786591,nan
train,B2,3,0,before this training,1.0057921113964463,True,False,0.0,18.44534402548551,0.3804911033026027,nan
train,B2,5,0,before this training,1.0727704776357685,True,False,8.83884747651304,5.929879044794148,0.46489433381790024,-0.36667679669945114
train,B2,7,0,before this training,1.3520187430950474,True,False,2.6538160745064987,7.361144514337406,0.6537045652619048,0.6000165764172837
train,B2,9,0,before this training,1.2151831487278373,True,False,3.6391344466143405,17.12333593897726,0.64828782499022,0.4000110509448558
train,B2,11,0,before this training,-1.0313494540639185,False,True,0.0,11.686501029076183,0.5467695829491397,nan
train,B2,13,0,before this training,1.2116162476180814,True,False,4.78162722971387,11.512279851886472,0.649678333050151,0.5333480679264744
train,B2,15,0,before this training,1.0754141659218228,True,False,8.565222544505382,11.231888571737638,0.5420724751976382,0.0666685084908093
train,B2,17,0,before this training,1.0885006167571667,True,False,5.0212646080790835,17.98459978086813,0.5167714100011099,0.2000055254724279
train,B2,19,0,before this training,1.070878170840774,True,False,4.315173139615955,24.980931061074973,0.5431600897373519,0.6000165764172837
test,A3,1,1,rl_policy,1.241153782410246,True,False,0.0,26.877136432380745,0.6664289859757321,1.7667079101980467
test,A3,3,1,rl_policy,-0.049617838452097274,False,False,0.0,15.243990850579237,0.3940618833143118,nan
test,A3,5,1,rl_policy,-0.13766994031359428,False,False,0.0,13.766994031359427,0.31523652688517456,nan
test,A3,7,1,rl_policy,1.1746163269977679,True,False,5.752726034936627,13.650550917613355,0.6032617237555853,0.4000093381580483
test,A3,9,1,rl_policy,0.9505426504906538,True,False,0.0,28.049647652020017,0.33655293219800886,1.2666962375004862
test,A3,11,1,rl_policy,0.4922122476060036,True,False,24.544319856960197,25.201324331008124,0.600241791884589,0.4666775611843897
test,A3,13,1,rl_policy,1.1558350679350426,True,False,7.94156536568727,11.990942216287973,0.6942375119581607,0.4666775611843897
test,A3,15,1,rl_policy,1.3250249944081172,True,False,3.258057557816647,8.372611690496305,0.6550999819020259,0.8333527878292672
test,A3,17,1,rl_policy,1.130341971631351,True,False,6.249633481301613,16.576454147093703,0.6164176982178723,0.7666845648029259
test,A3,19,1,rl_policy,1.2967215264038006,True,False,0.0,7.053968049020698,0.44289866455805227,1.4000326835531691
test,B3,1,1,rl_policy,-1.1970367513662183,False,True,0.0,27.185170559721428,0.8545833514990623,nan
test,B3,3,1,rl_policy,-0.008322828836179366,False,False,0.0,11.492567716721727,0.28708874530409245,nan
test,B3,5,1,rl_policy,0.9977694068966079,True,False,7.508885767839034,11.048990243575872,0.3118315391950325,0.5000113365831539
test,B3,7,1,rl_policy,0.19450135867559892,True,False,36.62613003840251,16.015254043465205,0.5571968660249766,0.23333862373880512
test,B3,9,1,rl_policy,0.7799856459584236,True,False,11.968782021872494,16.59288875683987,0.3057336374316898,0.6666817821108718
test,B3,11,1,rl_policy,1.1636624186645974,True,False,0.0,26.507708528239448,0.5652380825686965,1.3666976533272872
test,B3,13,1,rl_policy,1.2509292944572268,True,False,4.406674025484032,13.199788153381498,0.6625607766433335,0.8333522276385897
test,B3,15,1,rl_policy,1.2823190301383804,True,False,2.4088226732249827,11.561176995755261,0.5986791455401355,0.9666885840607641
test,B3,17,1,rl_policy,1.0618835942053404,True,False,9.897171015421641,17.402757696755017,0.6761381595996188,0.26667271284434874
test,B3,19,1,rl_policy,1.1363913392253695,True,False,10.002980429433238,7.368653686503919,0.6491148882347895,0.5000113365831539
test,A3,1,1,before this training,-1.2594329539700118,False,True,0.0,32.83830865973473,0.7622600662509897,nan
test,A3,3,1,before this training,-0.2059179024239766,False,False,0.0,32.165322977013815,0.12186723352156692,nan
test,A3,5,1,before this training,-0.13766994031359428,False,False,0.0,13.766994031359427,0.0,nan
test,A3,7,1,before this training,1.0758274400429422,True,False,7.509857412288328,14.72592623297595,0.5395539372791607,0.433343449671219
test,A3,9,1,before this training,0.7682056972856084,True,False,0.0,30.203723711316854,0.0,1.1666939029609742
test,A3,11,1,before this training,-1.0853996151663443,False,True,0.0,25.94615910366343,0.7128110400635211,1.2333621259873155
test,A3,13,1,before this training,1.1702592975520236,True,False,7.072170200965201,12.633905155019473,0.6718846569479227,0.5000116726975604
test,A3,15,1,before this training,1.3001834491147446,True,False,0.0,11.711192423142428,0.5617597221698452,1.3333644605268278
test,A3,17,1,before this training,1.1383386295056592,True,False,4.678390116783412,16.576454147093703,0.5672978667623345,0.6666822302634139
test,A3,19,1,before this training,1.1696716799729043,True,False,2.1137495488153086,7.01331223844649,0.3261845094454393,1.2000280144741449
test,B3,1,1,before this training,-1.1367080511368353,False,True,0.0,23.98973157660907,0.7868579283147463,nan
test,B3,3,1,before this training,0.007470595896389723,False,False,0.0,11.492567716721727,0.04073569166703728,nan
test,B3,5,1,before this training,0.8380010619574465,True,False,12.441410092251626,7.571981786679119,0.19614409466179472,0.26667271284434874
test,B3,7,1,before this training,1.2599225971738286,True,False,0.0,15.836382300993106,0.4795873235447913,1.5000340097494615
test,B3,9,1,before this training,0.9751854666384631,True,False,0.0,16.7913096292016,0.09890523105810578,2.100047613649246
test,B3,11,1,before this training,-1.1215590814347982,False,True,0.0,31.302176380378015,0.603690151250978,1.2333612969051129
test,B3,13,1,before this training,-1.067586614048159,False,True,0.1800136273931423,20.03354481044973,0.6447215161939541,0.9666885840607641
test,B3,15,1,before this training,1.2906068673601914,True,False,2.6948721399655913,5.710956968688699,0.498960030804957,0.6333476930053282
test,B3,17,1,before this training,0.9289327965808403,True,False,13.877680226313393,13.661138164041747,0.618209741008914,0.13333635642217437
test,B3,19,1,before this training,1.2450011848625282,True,False,6.749165548689336,6.874085736383064,0.6490240280401494,0.3333408910554359
train,A1,1,1,rl_policy,-0.9366243989924878,False,True,0.0,7.8376476289580745,0.5740382441860826,nan
train,A1,3,1,rl_policy,1.1936543656769742,True,False,2.1964783797926044,15.26462931255827,0.46163920197312147,0.9000217706821481
train,A1,5,1,rl_policy,1.3963093225721979,True,False,0.9106793517261947,15.97651702405622,0.7723623520902576,1.0000241896468312
train,A1,7,1,rl_policy,-0.07355181236774957,False,False,0.0,10.900715055521704,0.39913236176894795,nan
train,A1,9,1,rl_policy,1.0504014370768484,True,False,0.0,20.297676276497263,0.32629851615195593,1.06669246895662
train,A1,11,1,rl_policy,1.1537846108909535,True,False,6.86204427164952,11.970784711983432,0.6107215802874026,1.3666997258506692
train,A1,13,1,rl_policy,1.0945581442924353,True,False,1.813298834275127,15.777492385643518,0.2582553976301778,1.1333607482664088
train,A1,15,1,rl_policy,-0.9418106154044894,False,True,0.0,7.794625659707205,0.6248892283133489,nan
train,A1,17,1,rl_policy,1.4114902760867194,True,False,0.9554914579958705,4.975193216284443,0.6693429037398744,0.7333510724076762
train,A1,19,1,rl_policy,1.340852685664505,True,False,3.1645974521936098,7.8613268781375005,0.6761356282803976,0.6000145137880987
train,A2,1,1,rl_policy,0.9675427476447643,True,False,7.693842137018182,23.903374189850705,0.5249091715216463,0.36667576396642265
train,A2,3,1,rl_policy,-0.13673148657485365,False,False,0.0,18.123507331400493,0.06547385065938882,nan
train,A2,5,1,rl_policy,1.1854986850589688,True,False,2.944757812895336,17.244219943027723,0.5425243815971845,0.7333515279328453
train,A2,7,1,rl_policy,0.8977228017655495,True,False,17.484285941305956,9.351181945862672,0.7364957481793015,0.5666807261299259
train,A2,9,1,rl_policy,1.3073915284738695,True,False,1.833016749083182,17.01236579721813,0.7021085104890236,0.7666856882934292
train,A2,11,1,rl_policy,1.2060202259493973,True,False,2.069563538661484,13.53634010122258,0.4543834382138485,0.7666856882934292
train,A2,13,1,rl_policy,-1.0408420620863335,False,True,0.0,13.725773003195066,0.5720481736146503,1.3000322540627713
train,A2,15,1,rl_policy,1.3102851705153304,True,False,2.573327186221279,10.313788437435644,0.6364000579672118,0.7333515279328453
train,A2,17,1,rl_policy,-0.9433467894238803,False,True,0.0,8.45080396634313,0.30518439759066307,1.4667030558656906
train,A2,19,1,rl_policy,1.2717107675842776,True,False,5.352472524448661,8.64083560321953,0.6790973469471407,0.7333515279328453
train,B1,1,1,rl_policy,1.036965783498868,True,False,9.005518509403382,5.812014309665613,0.37471286733036424,-0.8666882513116823
train,B1,3,1,rl_policy,-1.1656826568467273,False,True,0.0,16.568265684672742,0.4730789156648878,nan
train,B1,5,1,rl_policy,-0.0029581089135519434,False,False,0.0,18.53996907008281,0.5312850159914648,1.4333690310154745
train,B1,7,1,rl_policy,1.0167398214263128,True,False,8.590452359631255,17.223979935958244,0.5407206951839132,0.23333914458391447
train,B1,9,1,rl_policy,0.9621218595086168,True,False,6.17321840107275,29.77778740892546,0.5269872064419332,0.5333466161918045
train,B1,11,1,rl_policy,0.7651381231478995,True,False,13.668718460284206,19.877592512072912,0.38030937406190013,0.8666882513116823
train,B1,13,1,rl_policy,1.1905769943906344,True,False,8.36392160885613,7.4361598797847135,0.6764520751098797,0.7000174337517434
train,B1,15,1,rl_policy,0.9474086352941097,True,False,8.757257507926262,21.80782553987583,0.5877346139060574,0.7333515972637312
train,B1,17,1,rl_policy,1.0865102026160764,True,False,0.0,14.439656376163637,0.27833407098098695,1.5667056850634258
train,B1,19,1,rl_policy,1.2028890928607854,True,False,0.0,10.848790065392286,0.40047080329897267,1.2333640499435479
train,B2,1,1,rl_policy,0.8194201617757124,True,False,6.9193680322687285,37.31948902590634,0.4411310190304728,0.6333508306626884
train,B2,3,1,rl_policy,-0.14265137131347552,False,False,0.0,14.265137131347553,0.687291272021364,nan
train,B2,5,1,rl_policy,0.9604831217183896,True,False,8.721272618613755,19.53662572733896,0.48096685229957126,0.3333425424540465
train,B2,7,1,rl_policy,1.3638418458761599,True,False,0.521421208803331,7.361144514337406,0.58897528832796,1.1666988985891626
train,B2,9,1,rl_policy,-1.0225446634489557,False,True,0.0,19.9054281094036,0.591679545568506,nan
train,B2,11,1,rl_policy,-0.9872860451215792,False,True,0.0,8.599857345810701,0.7448225624306339,nan
train,B2,13,1,rl_policy,1.0460841768265698,True,False,11.088900657707315,11.512279851886472,0.6121157504791594,0.1333370169816186
train,B2,15,1,rl_policy,1.082711566171068,True,False,7.998229483837812,11.416646792419833,0.5290675102295259,0.2000055254724279
train,B2,17,1,rl_policy,0.07284115315541295,False,False,0.0,11.370334138348227,0.7205084650192988,nan
train,B2,19,1,rl_policy,-1.1009042446867336,False,True,1.0353593640618435,24.95084775307878,0.5989622880892256,0.8000221018897116
train,A1,1,1,before this training,-0.9313542005237474,False,True,0.0,7.8376476289580745,0.5390248081521658,nan
train,A1,3,1,before this training,0.9479507253506029,True,False,7.8009028300632846,15.26462931255827,0.3266703912734239,0.6666827930978875
train,A1,5,1,before this training,1.325444255689276,True,False,0.7182775742999211,15.97651702405622,0.6590063665289484,1.0000241896468312
train,A1,7,1,before this training,-1.121473914691666,False,True,0.0,20.202301078293956,0.23536590317079809,nan
train,A1,9,1,before this training,-1.197108825159726,False,True,0.0,27.98670567564421,0.43741513841981206,nan
train,A1,11,1,before this training,1.3079342461953978,True,False,1.7650317909449573,10.718470944423233,0.6170817056804727,1.4667021448153523
train,A1,13,1,before this training,-0.06404935631313882,False,False,0.0,15.777492385643518,0.0,nan
train,A1,15,1,before this training,-0.9390271638068445,False,True,0.0,7.794625659707205,0.5785721498126507,nan
train,A1,17,1,before this training,1.4200874269923593,True,False,0.9423288235178331,4.975193216284443,0.6669644755316646,0.7333510724076762
train,A1,19,1,before this training,1.3044133157665838,True,False,2.7062963993010785,7.8613268781375005,0.5482532680864811,0.6666827930978875
train,A2,1,1,before this training,0.4500513636939951,True,False,21.271590263602253,25.046963254757344,0.360699959139958,0.43334408468759045
train,A2,3,1,before this training,-0.13990886179682185,False,False,0.0,18.123507331400493,0.03773585984828365,nan
train,A2,5,1,before this training,1.2847457225140961,True,False,1.947278130216499,8.611055782993231,0.5035439266809599,0.20000496216350327
train,A2,7,1,before this training,1.2661840569093834,True,False,5.034977268408547,9.351181945862672,0.7402249320092321,0.6666832072116776
train,A2,9,1,before this training,1.2608981762957487,True,False,1.501418657217159,17.01236579721813,0.6037206102253065,0.7666856882934292
train,A2,11,1,before this training,1.1186090279275946,True,False,1.5870468477642232,13.53634010122258,0.2991587969070244,0.7666856882934292
train,A2,13,1,before this training,-1.0229174588371954,False,True,0.0,13.725773003195066,0.49928410515565036,nan
train,A2,15,1,before this training,1.2602726587812985,True,False,4.178209610777006,8.160168607648789,0.5799907370505588,0.20000496216350327
train,A2,17,1,before this training,1.0875936005708124,True,False,2.375588293045543,8.45080396634313,0.13556642630684346,0.8666881693751809
train,A2,19,1,before this training,-1.2108690371047395,False,True,8.586387816863882,10.626431957666586,0.6045342094462558,0.8666881693751809
train,B1,1,1,before this training,-1.385637796054707,False,True,0.0,43.20531930037725,0.34137968016315723,nan
train,B1,3,1,before this training,-1.1656826568467273,False,True,0.0,16.568265684672742,0.5779108247913317,nan
train,B1,5,1,before this training,0.7399925832547583,True,False,18.261311541246396,5.385098971895138,0.31465277470832453,-0.10000249053596334
train,B1,7,1,before this training,0.229069558411321,True,False,35.94985154974973,11.483991101192203,0.4927103513258949,0.0
train,B1,9,1,before this training,-1.0954247041468401,False,True,0.0,27.713970846672474,0.6736808062449843,nan
train,B1,11,1,before this training,1.0288288689190002,True,False,9.789817771344623,7.011612841797884,0.4302779310489995,0.20000498107192669
train,B1,13,1,before this training,1.170468571983473,True,False,8.124465355066416,7.102925645664944,0.623615988791524,0.7000174337517434
train,B1,15,1,before this training,0.9397002629471537,True,False,8.732086558379246,21.64370239334355,0.5161781263450744,0.6000149432157801
train,B1,17,1,before this training,-0.056218707646266824,False,False,0.0,22.3048509362481,0.16614398260677687,nan
train,B1,19,1,before this training,-0.9819903856951037,False,True,0.0,11.221023863971153,0.6180599898769377,1.1333615594075845
train,B2,1,1,before this training,-1.2002145531936874,False,True,0.0,38.26730799500513,0.6344370699055338,nan
train,B2,3,1,before this training,-0.14265137131347552,False,False,0.0,14.265137131347553,0.6730017159569635,nan
train,B2,5,1,before this training,0.9455467882376913,True,False,8.953684613804532,17.94522514143648,0.4390512948623705,0.2666740339632372
train,B2,7,1,before this training,1.0437034048081433,True,False,11.381285866837985,7.361144514337406,0.5378300965032377,0.6333508306626884
train,B2,9,1,before this training,0.7752996878882068,True,False,15.103788636096672,18.597095862276134,0.482155024546702,0.36667679669945114
train,B2,11,1,before this training,0.9672569933218127,True,False,12.102897583397077,8.599857345810701,0.4688989895878207,-0.03333425424540465
train,B2,13,1,before this training,1.0729893575882476,True,False,10.492164897827035,11.512279851886472,0.6330837806532921,0.2000055254724279
train,B2,15,1,before this training,0.35641184833157147,True,False,33.89225226293255,5.360610930839314,0.5045981957392736,0.10000276273621395
train,B2,17,1,before this training,-0.3745361224435041,False,False,0.0,54.2500970452744,0.0,nan
train,B2,19,1,before this training,1.13571532652322,True,False,0.9536664249078266,31.860383235666628,0.5932236517120486,0.8333563561351163
test,A3,1,2,rl_policy,-1.2798321956661511,False,True,0.0,32.493403676530534,0.5815315034507026,nan
test,A3,3,2,rl_policy,1.008577550404638,True,False,6.523552152932797,23.700551870802137,0.5370687666080599,-0.06666822302634139
test,A3,5,2,rl_policy,-0.27011232137826613,False,False,0.0,45.89716888672964,0.3032116059762403,nan
test,A3,7,2,rl_policy,1.0238328633377078,True,False,8.177188749510211,18.661164669284467,0.6048476362214422,0.20000466907902414
test,A3,9,2,rl_policy,-1.6076894483613517,False,True,0.0,69.77324905097143,0.5506438742050881,nan
test,A3,11,2,rl_policy,-1.3518995774195863,False,True,0.0,40.64083867604994,0.5640553152357479,nan
test,A3,13,2,rl_policy,1.2421326521260023,True,False,7.955102263299495,4.912256238139115,0.6893259089214465,0.13333644605268277
test,A3,15,2,rl_policy,-1.0451510666257584,False,True,0.0,16.43448381602791,0.5511819957957076,nan
test,A3,17,2,rl_policy,1.2850632214109767,True,False,3.0175770796017427,16.576454147093703,0.7040957236065035,0.4666775611843897
test,A3,19,2,rl_policy,-0.9855352224496725,False,True,0.0,6.358102159563544,0.49218726867860374,nan
test,B3,1,2,rl_policy,1.119615564453416,True,False,8.981872455919833,2.357814982238429,0.4505957043098937,-1.0000226731663078
test,B3,3,2,rl_policy,-1.485072925301314,False,True,0.0,56.50938312253484,0.5017834627314817,nan
test,B3,5,2,rl_policy,-0.43852531394733507,False,False,0.0,60.52294008618006,0.0,nan
test,B3,7,2,rl_policy,1.0916602796904402,True,False,8.783669895694032,8.72090021932924,0.5684159977033644,-0.43334315837206666
test,B3,9,2,rl_policy,1.1669467927059893,True,False,6.092727849682841,9.836007362890447,0.5058985903781272,-0.5000113365831539
test,B3,11,2,rl_policy,1.2156707351800078,True,False,5.541533142215536,9.822100952778186,0.5875937648057993,-0.3333408910554359
test,B3,13,2,rl_policy,0.6682237637377664,True,False,25.833630900662584,5.625760188444757,0.6403767463992471,0.10000226731663077
test,B3,15,2,rl_policy,1.3445999666555297,True,False,3.3978978875551493,5.710956968688699,0.6527034318151355,0.26667271284434874
test,B3,17,2,rl_policy,1.1390130942085264,True,False,7.725681379734057,12.120928992534916,0.6866197978574508,-0.23333862373880512
test,B3,19,2,rl_policy,1.2662145412592938,True,False,5.334394864982673,6.874085736383064,0.5993576808950573,0.23333862373880512
test,A3,1,2,before this training,-1.408322783643442,False,True,0.0,41.99068586291368,0.6125876483542431,nan
test,A3,3,2,before this training,-1.4222418066157607,False,True,0.0,47.05078726020451,0.6055929925515376,nan
test,A3,5,2,before this training,-1.8022724964605583,False,True,0.0,87.00533964634253,0.5452192178630855,nan
test,A3,7,2,before this training,-1.1031029903361314,False,True,0.0,24.183683374729263,0.5935968973191619,nan
test,A3,9,2,before this training,0.9138067594965485,True,False,0.0,31.00767628168605,0.1424077273074924,1.4000326835531691
test,A3,11,2,before this training,1.0381615715323749,True,False,3.890230110019981,33.07674545702091,0.6065201445088337,0.7000163417765846
test,A3,13,2,before this training,1.1412845450746825,True,False,7.702605005242478,13.368998410386308,0.6821707407171664,0.4666775611843897
test,A3,15,2,before this training,-0.9262393952986789,False,True,0.0,7.435477728116724,0.5757409109575768,nan
test,A3,17,2,before this training,1.2111027746118777,True,False,3.1671500251029743,16.576454147093703,0.6051362821854249,0.6000140072370724
test,A3,19,2,before this training,-0.9872384656088445,False,True,0.0,16.078128179782762,0.5199159571924554,nan
test,B3,1,2,before this training,1.024224795562315,True,False,0.0,17.749641016573435,0.10787495203300845,nan
test,B3,3,2,before this training,-1.5076173646172804,False,True,0.0,56.794569944728245,0.501411175412261,nan
test,B3,5,2,before this training,0.9753299520548024,True,False,6.71579967558436,9.711374683452838,0.21382384338739635,0.6333476930053282
test,B3,7,2,before this training,0.9580100818614441,True,False,8.440607740297091,23.507309803983457,0.5344434777213183,0.23333862373880512
test,B3,9,2,before this training,1.116714001292318,True,False,6.6122099297672605,9.836007362890447,0.47551327743112204,0.5666795147942411
test,B3,11,2,before this training,-1.1916539902629708,False,True,0.0,29.3087183136539,0.595986283189998,nan
test,B3,13,2,before this training,1.1561977694777683,True,False,6.759651705612254,13.547052721512534,0.6617994873058364,0.5000113365831539
test,B3,15,2,before this training,1.2917299541562697,True,False,3.746694267635558,8.682639041761837,0.6545682029165155,0.46667724747761025
test,B3,17,2,before this training,1.1888523624515748,True,False,3.2940513142338737,23.099466607788433,0.6810899401758994,0.5666795147942411
test,B3,19,2,before this training,-1.1622148789421156,False,True,8.902096212868358,6.874085736383064,0.5947316394730893,0.3333408910554359
train,A1,1,2,rl_policy,-1.0227956671086842,False,True,3.0164607659003497,7.8376476289580745,0.6367682306854798,0.7333510724076762
train,A1,3,2,rl_policy,-1.070121276254775,False,True,0.0,19.63632877936538,0.4337385895406527,nan
train,A1,5,2,rl_policy,1.0140114972909016,True,False,13.253327049410538,15.97651702405622,0.7720368423331545,0.16667069827447187
train,A1,7,2,rl_policy,1.2024726513742863,True,False,4.057556048881783,14.076577046821187,0.5731050395916985,-0.266673117239155
train,A1,9,2,rl_policy,-1.1681304839205684,False,True,0.0,27.01847424237079,0.5413276854442917,nan
train,A1,11,2,rl_policy,1.1243546768968873,True,False,8.906861815773647,10.718470944423233,0.6113739322683402,0.033334139654894374
train,A1,13,2,rl_policy,1.0883461251499285,True,False,0.0,15.777492385643518,0.2521523207986458,1.3000314465408804
train,A1,15,2,rl_policy,-1.0090577419528781,False,True,0.0,7.794625659707205,0.6364518226837075,nan
train,A1,17,2,rl_policy,-0.9322941168495195,False,True,0.0,4.975193216284443,0.6324709735918208,nan
train,A1,19,2,rl_policy,1.296426056453134,True,False,3.666669325782796,9.225555598991427,0.6709812926292298,0.3666755362038381
train,A2,1,2,rl_policy,0.8696392972865914,True,False,8.955483070512546,28.790758439234338,0.5440418688445925,0.40000992432700655
train,A2,3,2,rl_policy,-0.18123507331400493,False,False,0.0,18.123507331400493,0.016795272368491543,nan
train,A2,5,2,rl_policy,1.1079293705949247,True,False,7.860742316562245,8.611055782993231,0.5429697572531288,0.06666832072116775
train,A2,7,2,rl_policy,1.2481752575166993,True,False,6.21867837971463,9.351181945862672,0.739093652756533,0.10000248108175164
train,A2,9,2,rl_policy,1.283922528725733,True,False,3.1005913279633583,17.01236579721813,0.7517127744923559,0.36667576396642265
train,A2,11,2,rl_policy,1.1639880987984539,True,False,0.0,13.53634010122258,0.38737369018173706,1.2666980937021874
train,A2,13,2,rl_policy,-1.0517456545388275,False,True,0.0,13.725773003195066,0.4519787694549844,nan
train,A2,15,2,rl_policy,1.1555944325760348,True,False,8.659409738271139,8.160168607648789,0.6436800929688489,-0.03333416036058388
train,A2,17,2,rl_policy,1.0810248536875984,True,False,7.668905900255171,8.45080396634313,0.4285225018071849,0.1333366414423355
train,A2,19,2,rl_policy,1.307661612038453,True,False,4.110275587887169,8.562905259235082,0.6690886622778409,0.3333416036058388
train,B1,1,2,rl_policy,1.0842831433418203,True,False,8.686175620493044,4.524335361034878,0.40979510970724364,-2.533396426911071
train,B1,3,2,rl_policy,-0.06862485980795982,False,False,0.0,16.568265684672742,0.35890477582754376,nan
train,B1,5,2,rl_policy,-1.1075083270502863,False,True,0.0,23.978838118910197,0.4994239342441802,nan
train,B1,7,2,rl_policy,1.0557912116824475,True,False,8.400612804077351,13.527690486641031,0.5559506848779157,-0.03333416351198778
train,B1,9,2,rl_policy,0.6882215336815878,True,False,16.613390351325737,24.234123199813055,0.5516442776424444,0.26667330809590223
train,B1,11,2,rl_policy,0.8373440186845948,True,False,8.105116163586194,35.75426764514699,0.554939303108921,0.5000124526798168
train,B1,13,2,rl_policy,1.162937306114242,True,False,7.9021411252707265,7.102925645664944,0.6775591464436348,-0.03333416351198778
train,B1,15,2,rl_policy,1.1663902971542177,True,False,7.127923903837466,15.05759667247665,0.6823010312917595,-0.20000498107192669
train,B1,17,2,rl_policy,1.186281768499026,True,False,5.701996181046678,14.427253386392627,0.6747246314188113,0.13333665404795111
train,B1,19,2,rl_policy,-0.21852526385281557,False,False,0.0,37.13527394743212,0.21621251660123075,nan
train,B2,1,2,rl_policy,1.1690974106225407,True,False,6.851779417039524,1.214773467704654,0.41721588766534945,-2.200060780196707
train,B2,3,2,rl_policy,-0.1226533825719096,False,False,0.0,14.265137131347553,0.3431274357441648,nan
train,B2,5,2,rl_policy,-1.2155567748217204,False,True,0.0,32.063711798207954,0.4518061810677104,nan
train,B2,7,2,rl_policy,1.2711547498062081,True,False,4.149382567592853,7.361144514337406,0.6472469687963849,0.16667127122702324
train,B2,9,2,rl_policy,1.2187577191291648,True,False,5.525029530630141,12.106282092831915,0.6615947397199988,-0.10000276273621395
train,B2,11,2,rl_policy,1.099400602823922,True,False,7.847941892298974,8.599857345810701,0.46878102213775663,-0.10000276273621395
train,B2,13,2,rl_policy,0.6073050179690722,True,False,26.061475894625932,11.512279851886472,0.6411568146934281,-0.16667127122702324
train,B2,15,2,rl_policy,1.1249125708554035,True,False,8.486684014713012,5.360610930839314,0.5374984599431012,-0.23333977971783254
train,B2,17,2,rl_policy,1.2444138576343686,True,False,3.957273788020875,7.927272063230212,0.5431020820469386,-0.16667127122702324
train,B2,19,2,rl_policy,1.0806510192103869,True,False,5.604168729132318,17.37352727226836,0.5130225185353359,-0.03333425424540465
train,A1,1,2,before this training,1.2994884707543348,True,False,4.336305694984605,7.8376476289580745,0.6859372855955779,0.9333559103370425
train,A1,3,2,before this training,-1.0466002616163728,False,True,0.0,15.26462931255827,0.4802121822321258,nan
train,A1,5,2,before this training,1.3088906936311564,True,False,2.754194212596446,15.97651702405622,0.7612380034303964,0.33334139654894374
train,A1,7,2,before this training,1.2313294533332753,True,False,2.843528182076593,18.034907381767997,0.6441479158185985,0.033334139654894374
train,A1,9,2,before this training,-1.1780019077346833,False,True,0.0,27.14590307180533,0.5722397005914726,nan
train,A1,11,2,before this training,1.0920713855990472,True,False,8.787386363413525,10.718470944423233,0.6153930954085675,0.20000483792936624
train,A1,13,2,before this training,1.130456200958751,True,False,0.0,15.777492385643518,0.26530327194321834,1.4000338655055635
train,A1,15,2,before this training,-1.0073831782504146,False,True,0.0,7.794625659707205,0.6433200907338155,nan
train,A1,17,2,before this training,-0.8944639185940579,False,True,0.0,4.975193216284443,0.6421525402398165,nan
train,A1,19,2,before this training,1.3369573440847335,True,False,1.3672367960269742,10.377727981975148,0.5936961854568836,0.7000169327527818
train,A2,1,2,before this training,-1.3209572336275108,False,True,0.0,39.73066290122878,0.49939023815296135,nan
train,A2,3,2,before this training,-0.24340853635438253,False,False,0.0,27.380419095170126,0.0,nan
train,A2,5,2,before this training,1.2429993824273415,True,False,3.268678411132858,8.611055782993231,0.5273699467001653,0.23333912252408714
train,A2,7,2,before this training,1.2253505216913196,True,False,7.544863753132405,9.351181945862672,0.7415046428550843,0.10000248108175164
train,A2,9,2,before this training,1.2845778401386714,True,False,3.0755511684758647,17.01236579721813,0.7576850341805054,0.6666832072116776
train,A2,11,2,before this training,-1.0234907407209919,False,True,0.0,13.53634010122258,0.4683170018160099,nan
train,A2,13,2,before this training,-1.038686786811929,False,True,0.0,13.725773003195066,0.4651439784539054,nan
train,A2,15,2,before this training,1.1321737057131496,True,False,7.791570628530968,11.91654576275108,0.6309104957591376,0.7000173675722615
train,A2,17,2,before this training,1.1470198345730893,True,False,4.196295489809631,8.45080396634313,0.32867849810615757,0.1666708018029194
train,A2,19,2,before this training,-1.2167338487039552,False,True,1.1637980390812555,33.80830876304306,0.6156569293617125,1.0333589711781002
train,B1,1,2,before this training,-1.1587120643672617,False,True,0.0,15.87120643672618,0.5246397791339247,nan
train,B1,3,2,before this training,-0.09914828214154853,False,False,0.0,16.568265684672742,0.4720057198152273,nan
train,B1,5,2,before this training,1.0766997162855345,True,False,8.85992124300061,5.385098971895138,0.4450976782937591,-0.1666708175599389
train,B1,7,2,before this training,1.0300912499302308,True,False,8.355000511766598,16.064852095120813,0.5312193172764746,0.13333665404795111
train,B1,9,2,before this training,0.9388693817424993,True,False,7.882777105003778,26.41962713305465,0.5469044725685752,0.43334412565584113
train,B1,11,2,before this training,1.2205004691334742,True,False,5.882445860128342,7.011612841797884,0.5568424852019591,0.0
train,B1,13,2,before this training,1.1820470561805194,True,False,8.337015988763302,7.102925645664944,0.6585082611975841,0.1666708175599389
train,B1,15,2,before this training,-1.0945637748543615,False,True,0.0,23.044634109851007,0.6076933692873083,nan
train,B1,17,2,before this training,1.1830074863960176,True,False,4.656375753985336,17.34089461478061,0.6691412555746927,0.23333914458391447
train,B1,19,2,before this training,1.0407274145160357,True,False,11.494868661892804,10.848790065392286,0.6160548411153672,0.06666832702397556
train,B2,1,2,before this training,-1.3856310503175178,False,True,0.0,48.972604816493025,0.44784272074329545,nan
train,B2,3,2,before this training,-0.1204331078021969,False,False,0.0,14.265137131347553,0.38576250415464586,nan
train,B2,5,2,before this training,-1.2380410280682377,False,True,0.0,29.58001486213682,0.4751502019335685,nan
train,B2,7,2,before this training,1.3453224671453106,True,False,3.0534657860646934,7.361144514337406,0.6481369207065537,0.23333977971783254
train,B2,9,2,before this training,1.0268595223345836,True,False,8.487568439983713,20.34596263688058,0.6495755097273364,0.2000055254724279
train,B2,11,2,before this training,1.0418958023309355,True,False,9.815563513921678,8.599857345810701,0.47081031731160383,-0.0666685084908093
train,B2,13,2,before this training,0.9280540379146561,True,False,15.28090440218864,11.512279851886472,0.6422905854770253,-0.1333370169816186
train,B2,15,2,before this training,0.995351418178706,True,False,8.492991192733767,17.68794716875545,0.528970244794285,0.2666740339632372
train,B2,17,2,before this training,1.0254525182592749,True,False,10.83407100880537,8.402666301781553,0.5431413944706323,0.03333425424540465
train,B2,19,2,before this training,1.1034080849159285,True,False,4.924293889227312,20.497589990442435,0.5464880180125076,0.1333370169816186
test,A3,1,3,rl_policy,-1.2777864768228913,False,True,0.0,34.434692122427215,0.791017136488138,nan
test,A3,3,3,rl_policy,-0.043005687911683965,False,False,0.0,15.243990850579237,0.673276085589451,1.1333597914478035
test,A3,5,3,rl_policy,-0.44310845108727637,False,False,0.0,55.56749406092655,0.29277265192902935,nan
test,A3,7,3,rl_policy,0.4800586752459722,True,False,26.831338124485747,17.693645227062827,0.6095832109222197,0.33334111513170694
test,A3,9,3,rl_policy,0.9800257402696704,True,False,0.0,20.015287200873306,0.1826349997071237,1.8667102447375588
test,A3,11,3,rl_policy,-1.2170828472752162,False,True,2.7911011924318077,29.231211477743223,0.7793626625574219,0.33334111513170694
test,A3,13,3,rl_policy,1.1487334379962157,True,False,9.312460631363734,9.300023047894621,0.7224179057335325,0.3000070036185362
test,A3,15,3,rl_policy,1.1670585716282196,True,False,7.648058869457574,9.444131775086193,0.6441687335888195,0.433343449671219
test,A3,17,3,rl_policy,1.1225654615675997,True,False,6.981153711417975,16.576454147093703,0.655272865565991,0.4000093381580483
test,A3,19,3,rl_policy,1.148095962417281,True,False,8.282525387863702,6.358102159563544,0.5537919908169848,0.23333878059219484
test,B3,1,3,rl_policy,0.7638813897881204,True,False,17.395275623167727,2.699800487153686,0.26376679141004755,-0.7666840494275026
test,B3,3,3,rl_policy,1.2340773898686506,True,False,0.0,17.334148299646852,0.46786731688463945,2.1667157918603333
test,B3,5,3,rl_policy,-1.1579092660629562,False,True,0.0,25.958000739173837,0.22404289992352733,nan
test,B3,7,3,rl_policy,0.9762265045024537,True,False,8.916102543143998,20.534781882288417,0.5721180915628377,0.10000226731663077
test,B3,9,3,rl_policy,-0.14287399286620045,False,False,0.0,24.94025868055235,0.12356459975467982,nan
test,B3,11,3,rl_policy,-1.3622311392847577,False,True,0.0,43.45373419811444,0.7388036962667943,nan
test,B3,13,3,rl_policy,1.121692228954371,True,False,6.937819627128587,15.441636560097491,0.668925490352515,0.5333454256886975
test,B3,15,3,rl_policy,1.1245287309237164,True,False,10.557031623396542,5.710956968688699,0.651489862982909,0.26667271284434874
test,B3,17,3,rl_policy,0.9491509469528295,True,False,15.080162920890963,12.120928992534916,0.665636088251463,-0.03333408910554359
test,B3,19,3,rl_policy,1.0553975226947219,True,False,9.003349769138964,15.092785965993988,0.6516358737986203,0.3333408910554359
test,A3,1,3,before this training,-1.2877504969827571,False,True,0.0,33.02198115339702,0.7250615394751185,nan
test,A3,3,3,before this training,1.0557889015574315,True,False,2.611486870172868,33.44637206828047,0.6274872453815299,0.5333457842107311
test,A3,5,3,before this training,-1.669283380229123,False,True,0.0,74.40927840243167,0.7221099648517659,nan
test,A3,7,3,before this training,0.3020906411538389,True,False,34.027329877147956,13.910152400970013,0.6019821127961328,0.3666752266448776
test,A3,9,3,before this training,-1.376131717752964,False,True,0.0,43.993596429249166,0.7989348699951576,nan
test,A3,11,3,before this training,-1.3334804431981089,False,True,0.0,39.78960961903655,0.7165384944480337,nan
test,A3,13,3,before this training,1.0933217633543248,True,False,9.122653298240863,12.417549890127793,0.6886818214537971,0.433343449671219
test,A3,15,3,before this training,1.2042749379701094,True,False,7.516500323657095,7.110068930121047,0.6868724547769047,0.3666752266448776
test,A3,17,3,before this training,1.2282817796049517,True,False,2.6009281133028157,16.576454147093703,0.6629422057057681,0.5000116726975604
test,A3,19,3,before this training,-1.1498158414393362,False,True,5.965071464045783,9.723205671475807,0.5828745586408908,0.5333457842107311
test,B3,1,3,before this training,-1.1822099256827587,False,True,0.0,25.302764817134864,0.8202137002091766,nan
test,B3,3,3,before this training,-1.4896590351989096,False,True,0.0,55.675867681043954,0.5888370067542459,nan
test,B3,5,3,before this training,-1.5702113262677178,False,True,0.0,68.59968377074873,0.5741982547832872,nan
test,B3,7,3,before this training,1.03943782518366,True,False,8.579025988363064,15.026248019015377,0.5525987179737648,0.06666817821108718
test,B3,9,3,before this training,-0.0697207576278838,False,False,4.425220983217068,9.836007362890447,0.41644236665448564,0.5333454256886975
test,B3,11,3,before this training,-1.2256752346313329,False,True,0.0,29.213551176719932,0.7596241378664624,nan
test,B3,13,3,before this training,0.6086765737661473,True,False,26.00908836172278,9.853198707914439,0.6695206714189156,0.5333454256886975
test,B3,15,3,before this training,1.2326510552161067,True,False,5.4264551421452465,8.289084969001284,0.6297019296479868,0.46667724747761025
test,B3,17,3,before this training,-1.3033559629733285,False,True,0.0,38.95452724762587,0.6801849170468302,nan
test,B3,19,3,before this training,0.7757127376112118,True,False,21.24877239285022,6.874085736383064,0.6711473339455624,0.13333635642217437
train,A1,1,3,rl_policy,1.2311497394628454,True,False,3.5396632198400075,7.8376476289580745,0.5204481865830379,0.9666900499919368
train,A1,3,3,rl_policy,-1.0444437204340875,False,True,0.0,15.26462931255827,0.5185729198386411,nan
train,A1,5,3,rl_policy,0.9532568080212795,True,False,14.769738117505929,15.97651702405622,0.7281226084293368,0.23333897758426062
train,A1,7,3,rl_policy,0.8415882943776107,True,False,0.0,37.399669941750005,0.2045428558610476,1.6667069827447185
train,A1,9,3,rl_policy,-1.1548355343772565,False,True,4.51870694222282,15.240525668179886,0.678920819919207,0.10000241896468312
train,A1,11,3,rl_policy,1.1437898737988195,True,False,6.764580156663962,10.718470944423233,0.5374694702850724,0.10000241896468312
train,A1,13,3,rl_policy,1.0351293639533823,True,False,0.0,15.777492385643518,0.12858882605616861,1.2000290275761973
train,A1,15,3,rl_policy,-0.984208828256022,False,True,0.0,7.794625659707205,0.6409261455911954,nan
train,A1,17,3,rl_policy,-0.8861763584332006,False,True,0.0,4.975193216284443,0.6042781681959875,nan
train,A1,19,3,rl_policy,1.353248366375713,True,False,1.772624245717048,7.8613268781375005,0.63049141116821,0.6000145137880987
train,A2,1,3,rl_policy,-1.2899373641555396,False,True,0.0,36.77999839711824,0.6450298487490853,nan
train,A2,3,3,rl_policy,-0.17000736243767467,False,False,0.0,18.123507331400493,0.128708301445573,nan
train,A2,5,3,rl_policy,1.1829149141837414,True,False,3.7286316264840424,8.611055782993231,0.42326056843199766,0.06666832072116775
train,A2,7,3,rl_policy,-1.0232507685056957,False,True,0.0,16.32504264933584,0.6307848846627822,nan
train,A2,9,3,rl_policy,1.2204649100198315,True,False,4.306309628923254,17.01236579721813,0.7251287030665294,0.533346565769342
train,A2,11,3,rl_policy,1.165644374431136,True,False,0.0,13.53634010122258,0.39732692144985815,1.1333614522598519
train,A2,13,3,rl_policy,-1.054247455711602,False,True,0.0,13.725773003195066,0.40258218737243545,nan
train,A2,15,3,rl_policy,0.8602413396229728,True,False,18.266986824450306,8.160168607648789,0.6351995882579538,0.10000248108175164
train,A2,17,3,rl_policy,1.1681353506473862,True,False,6.384152143502296,8.45080396634313,0.49714097227194287,0.10000248108175164
train,A2,19,3,rl_policy,1.1323135395518478,True,False,9.856278638800836,6.914813117861334,0.6503188949061707,0.23333912252408714
train,B1,1,3,rl_policy,0.7751163552482453,True,False,17.99260187667533,5.275581417352203,0.40322595229801617,-1.4667031945274625
train,B1,3,3,rl_policy,-1.1656826568467273,False,True,0.0,16.568265684672742,0.5549491390425154,nan
train,B1,5,3,rl_policy,0.7457522033222581,True,False,19.05147793178549,9.140883091311006,0.4648550233082469,-0.13333665404795111
train,B1,7,3,rl_policy,1.0195712835628992,True,False,8.538448390495008,16.216339006769758,0.5554554833915355,0.10000249053596334
train,B1,9,3,rl_policy,1.0147467786113293,True,False,6.525702278954312,22.85058801003529,0.551720196894231,0.30000747160789004
train,B1,11,3,rl_policy,-1.8411985325490456,False,True,20.747411398115393,36.333778451785626,0.7420500361387088,0.5000124526798168
train,B1,13,3,rl_policy,0.9224036990203558,True,False,16.615656414311406,7.102925645664944,0.672173308883241,0.30000747160789004
train,B1,15,3,rl_policy,0.8962928269515698,True,False,15.12592348631255,15.23873510088271,0.6757563807063431,0.13333665404795111
train,B1,17,3,rl_policy,0.8342376178522389,True,False,13.206015123224702,14.427253386392627,0.40791889820022964,-0.13333665404795111
train,B1,19,3,rl_policy,1.2107765956573087,True,False,0.0,11.677141664593229,0.3280615235798635,1.2000298864315602
train,B2,1,3,rl_policy,0.2142848584291764,True,False,44.49062205161176,4.566527060479041,0.8054164473940905,-1.6333784580248278
train,B2,3,3,rl_policy,1.1952879678515604,True,False,0.0,14.265137131347553,0.6758786783300719,nan
train,B2,5,3,rl_policy,-1.2444287554562559,False,True,0.0,35.00030058703377,0.6289210645738108,nan
train,B2,7,3,rl_policy,1.0145664995822212,True,False,12.847590247134418,7.361144514337406,0.5965700143245806,0.4000110509448558
train,B2,9,3,rl_policy,0.8229244278303541,True,False,16.499952277573733,17.346387026257627,0.6577003906513452,0.16667127122702324
train,B2,11,3,rl_policy,1.1031315865847144,True,False,8.76609584091436,8.599857345810701,0.5578943858007894,-0.2000055254724279
train,B2,13,3,rl_policy,-1.2468403493331472,False,True,10.722830231142183,11.512279851886472,0.4292250338757856,0.0
train,B2,15,3,rl_policy,1.0029569658113842,True,False,8.651197683250311,16.355723116338908,0.5405976606267024,0.1333370169816186
train,B2,17,3,rl_policy,-1.6434672011621196,False,True,24.46737442691715,7.927272063230212,0.8099179910249613,-0.2666740339632372
train,B2,19,3,rl_policy,-1.2835133785472046,False,True,0.0,36.67870557871563,0.5852697160952023,nan
train,A1,1,3,before this training,-0.9609483423721592,False,True,0.0,7.8376476289580745,0.5935995360973773,nan
train,A1,3,3,before this training,1.045812453532988,True,False,3.0208302200761423,15.26462931255827,0.2798131079921865,0.5666803741332044
train,A1,5,3,before this training,1.3352215862448835,True,False,1.8264388644291973,15.97651702405622,0.7554648612246511,0.7333510724076762
train,A1,7,3,before this training,0.3533210672520105,True,False,27.122870267834717,27.207566905522107,0.599290596352034,0.033334139654894374
train,A1,9,3,before this training,1.0843073119576774,True,False,0.0,20.42069316210989,0.35804702149349854,1.0000241896468312
train,A1,11,3,before this training,1.091692059182323,True,False,8.57552111803091,10.718470944423233,0.6157796285337995,0.6333486534429931
train,A1,13,3,before this training,0.9141299935910085,True,False,5.210080026901313,15.777492385643518,0.08841948983489034,0.6666827930978875
train,A1,15,3,before this training,1.4018771309119724,True,False,0.5996111552902588,7.794625659707205,0.685833802759235,0.7000169327527818
train,A1,17,3,before this training,1.4195769686867765,True,False,0.9001819105208231,4.975193216284443,0.6731503488970647,0.6000145137880987
train,A1,19,3,before this training,-0.9521385218187975,False,True,0.0,7.903307367919181,0.6546940998507575,nan
train,A2,1,3,before this training,-1.3404982363769968,False,True,0.0,40.69059721091904,0.6723616894816498,nan
train,A2,3,3,before this training,0.8668554110065716,True,False,0.0,18.123507331400493,0.018742194042564164,1.4333688955051067
train,A2,5,3,before this training,1.2665670932858721,True,False,3.5390226452633184,8.611055782993231,0.6149366700651715,0.36667576396642265
train,A2,7,3,before this training,1.1129139874160623,True,False,10.114233614715635,9.351181945862672,0.745813411411566,0.4666782450481743
train,A2,9,3,before this training,1.2550371597141603,True,False,1.7006299595726697,17.01236579721813,0.6329741057892371,0.6666832072116776
train,A2,11,3,before this training,0.9418043989174844,True,False,9.371263076502174,13.53634010122258,0.38665135055773103,0.36667576396642265
train,A2,13,3,before this training,1.1465772424954233,True,False,0.0,13.725773003195066,0.30344866042717167,1.3000322540627713
train,A2,15,3,before this training,1.1631569713525403,True,False,6.009178103476289,12.388509921388168,0.6398866329069078,0.5666807261299259
train,A2,17,3,before this training,1.0130621339063348,True,False,8.79902298821331,8.45080396634313,0.37331922491051495,0.1333366414423355
train,A2,19,3,before this training,1.2900586419144453,True,False,3.9862150972233534,6.914813117861334,0.6666609513499675,0.40000992432700655
train,B1,1,3,before this training,-1.1182339245833086,False,True,0.0,11.82339245833087,0.5493059954292288,nan
train,B1,3,3,before this training,-0.16568265684672742,False,False,0.0,16.568265684672742,0.23534666167888352,nan
train,B1,5,3,before this training,0.30851499318555664,True,False,34.07850476886326,5.385098971895138,0.42221394453059824,-0.1666708175599389
train,B1,7,3,before this training,1.093770375330514,True,False,7.904394187846362,11.59308721281075,0.5492605393818374,0.13333665404795111
train,B1,9,3,before this training,1.0756396811851119,True,False,4.215591037949362,20.903326551544943,0.4937739321583524,0.3333416351198778
train,B1,11,3,before this training,-1.9656729821928831,False,True,28.867876255729595,23.616256678260587,0.6388617714722709,0.43334412565584113
train,B1,13,3,before this training,1.1756834872994983,True,False,8.318175366401682,7.102925645664944,0.6733709665282609,0.46667828916782894
train,B1,15,3,before this training,-0.3421845381458208,False,False,10.98702533614706,15.05759667247665,0.6799452346176114,0.20000498107192669
train,B1,17,3,before this training,-1.3454801578814064,False,True,11.913622890380092,14.427253386392627,0.4370905330994336,-0.03333416351198778
train,B1,19,3,before this training,-1.2313547467287118,False,True,10.004634727300806,10.848790065392286,0.6373357936391315,-0.06666832702397556
train,B2,1,3,before this training,0.005484808507146666,True,False,34.78804150261454,34.554378138839034,0.4442865857370132,0.6000165764172837
train,B2,3,3,before this training,-0.14265137131347552,False,False,0.0,14.265137131347553,0.6674644048117356,nan
train,B2,5,3,before this training,-1.2218814739854644,False,True,0.0,28.083556577040202,0.5375876332059604,nan
train,B2,7,3,before this training,1.1992855174343438,True,False,6.73812780269673,7.361144514337406,0.6389927712325847,0.7333535933989023
train,B2,9,3,before this training,1.121078028256824,True,False,6.288351538421742,17.207353035009866,0.6557668247216624,0.30000828820864184
train,B2,11,3,before this training,1.0659587840868772,True,False,8.256671630663337,8.599857345810701,0.46290482363501384,-0.1333370169816186
train,B2,13,3,before this training,-1.385574248513929,False,True,14.00254974752682,11.512279851886472,0.6099526334730345,0.2000055254724279
train,B2,15,3,before this training,0.29922459508620436,True,False,31.84510757883304,16.896475071629403,0.5451286338146811,0.3333425424540465
train,B2,17,3,before this training,-1.6666360801999724,False,True,0.0,75.93029105307345,0.6411638018519612,nan
train,B2,19,3,before this training,1.0018430784959513,True,False,6.390240014996264,22.343732948992276,0.5444429726827045,0.4000110509448558
test,A3,1,4,rl_policy,-1.2243770230234754,False,True,0.0,29.266794485298988,0.6177373892975193,nan
test,A3,3,4,rl_policy,-1.3803005559623762,False,True,0.0,44.383299145568465,0.7224290932750197,nan
test,A3,5,4,rl_policy,0.6207832181912736,True,False,5.922321446425985,61.542079156733244,0.4491107661923497,0.26667289210536554
test,A3,7,4,rl_policy,1.032692139759678,True,False,7.6294798532006745,20.424456331617424,0.5914788987614329,0.5000116726975604
test,A3,9,4,rl_policy,0.8972736690425835,True,False,8.638528443905306,31.948057739158596,0.6200942423522133,0.3000070036185362
test,A3,11,4,rl_policy,1.028926187585366,True,False,6.310160179263349,26.47476884462631,0.612687254658259,0.3666752266448776
test,A3,13,4,rl_policy,1.1606533293117072,True,False,8.310850883891739,10.651230864416236,0.6734902818458677,0.4000093381580483
test,A3,15,4,rl_policy,1.23383020603587,True,False,7.9800676226490825,6.157904621314254,0.6739807180157682,0.16667055756585347
test,A3,17,4,rl_policy,1.2414336592162243,True,False,0.0,18.317544829854697,0.5623405817853353,0.866686899342438
test,A3,19,4,rl_policy,1.2570898446332537,True,False,0.0,8.134632035866643,0.37138789270096884,1.5333691296058518
test,B3,1,4,rl_policy,-1.2565592580680887,False,True,0.0,33.14999507137939,0.6461782140517777,nan
test,B3,3,4,rl_policy,-1.511889710053459,False,True,0.0,56.80653808216879,0.48575056788283777,nan
test,B3,5,4,rl_policy,-1.2949514735079497,False,True,0.0,45.19964948693273,0.456801875300315,nan
test,B3,7,4,rl_policy,1.0191161585055937,True,False,8.70184141087828,18.327759907943076,0.5655819526316228,0.03333408910554359
test,B3,9,4,rl_policy,0.7717358715552574,True,False,10.63179959120987,34.029144972088346,0.49338182733020386,1.0333567622718514
test,B3,11,4,rl_policy,-1.2570974699906197,False,True,0.0,33.032435846621304,0.600176245370898,nan
test,B3,13,4,rl_policy,1.1315170509683976,True,False,7.519611408426138,15.521086959044666,0.6684301245348188,0.8000181385330462
test,B3,15,4,rl_policy,1.0882759788106158,True,False,9.811775464682324,11.136915687028388,0.6137576952847854,0.3666749801609795
test,B3,17,4,rl_policy,1.2060890622463016,True,False,6.506354657586624,12.120928992534916,0.6916627967527844,-0.06666817821108718
test,B3,19,4,rl_policy,1.2239679608346403,True,False,7.57976379751376,6.874085736383064,0.6519224621631695,-0.03333408910554359
test,A3,1,4,before this training,-1.2287800355122256,False,True,0.0,30.393688884687396,0.6050619224797162,nan
test,A3,3,4,before this training,-0.16546973132351522,False,False,0.0,29.67748609768425,0.712119998229191,nan
test,A3,5,4,before this training,-0.1127037215767212,False,False,0.0,13.766994031359427,0.5197552454459273,nan
test,A3,7,4,before this training,1.29162423236935,True,False,1.1401980992768013,14.900606928384228,0.6041244809035722,0.5666798957239018
test,A3,9,4,before this training,1.1046601783347056,True,False,0.0,19.87453374744066,0.32696679365296744,1.2000280144741449
test,A3,11,4,before this training,1.2034744758516949,True,False,1.379125431925693,24.656193380029343,0.6105300189515337,0.6666822302634139
test,A3,13,4,before this training,1.1445917262007415,True,False,7.8610264736712425,13.978154503232965,0.6801594943768433,0.4666775611843897
test,A3,15,4,before this training,-1.270719385500393,False,True,10.605431245919648,10.92780938298248,0.5256241041888927,0.433343449671219
test,A3,17,4,before this training,1.265462979189057,True,False,1.3610907588220629,16.576454147093703,0.6486041724497038,0.7666845648029259
test,A3,19,4,before this training,1.289606522962932,True,False,0.0,7.428982060524998,0.4824751558584879,1.5333691296058518
test,B3,1,4,before this training,1.079553250389656,True,False,0.0,28.37100923998718,0.48587349302495797,0.5666795147942411
test,B3,3,4,before this training,1.0882784722282208,True,False,5.687477332028111,11.492567716721727,0.3944900304657445,-0.20000453463326154
test,B3,5,4,before this training,-1.3032295433160643,False,True,6.780514581606889,25.164136989347607,0.4893640753539549,0.43334315837206666
test,B3,7,4,before this training,1.039422021393952,True,False,8.798110891549644,15.84855853935088,0.5695566370143852,0.20000453463326154
test,B3,9,4,before this training,1.2113687151981476,True,False,3.269730252692043,9.836007362890447,0.4987966831820475,0.20000453463326154
test,B3,11,4,before this training,-1.1181461265287393,False,True,0.0,24.251366956729047,0.5942528071716755,nan
test,B3,13,4,before this training,1.3268723211717692,True,False,0.0,14.666370679442577,0.6708889326150691,1.066690851377395
test,B3,15,4,before this training,1.1283634575573738,True,False,9.157606131995992,9.796637003232005,0.6557736517510515,0.4000090692665231
test,B3,17,4,before this training,1.1648037808035752,True,False,2.7490744206155027,26.308120357547537,0.6817104739981807,0.8000181385330462
test,B3,19,4,before this training,1.1727068442112636,True,False,7.965798129143514,6.874085736383064,0.6420145785952376,0.06666817821108718
train,A1,1,4,rl_policy,-0.9492679538567542,False,True,0.0,7.8376476289580745,0.5527790858858808,nan
train,A1,3,4,rl_policy,0.9757484262332672,True,False,8.261058474421231,15.26462931255827,0.41893487895065584,0.53334623447831
train,A1,5,4,rl_policy,1.2960327904172966,True,False,2.9939328997088617,15.97651702405622,0.7391666350407867,0.7000169327527818
train,A1,7,4,rl_policy,0.916612780202546,True,False,0.0,36.1279000175877,0.235106104757129,1.5667045637800354
train,A1,9,4,rl_policy,-1.1052919389816631,False,True,0.0,23.10084589154541,0.579033928028369,nan
train,A1,11,4,rl_policy,1.1318065457361872,True,False,9.000966052555016,10.718470944423233,0.6192204410995952,0.16667069827447187
train,A1,13,4,rl_policy,1.0815097292622382,True,False,4.531451770753816,15.777492385643518,0.43861738630331204,0.7000169327527818
train,A1,15,4,rl_policy,-0.9565457247590072,False,True,0.0,7.794625659707205,0.5679528634488824,nan
train,A1,17,4,rl_policy,-0.9045199133458428,False,True,0.0,4.975193216284443,0.5194653867256129,nan
train,A1,19,4,rl_policy,1.3718924684166875,True,False,1.473983490448443,7.8613268781375005,0.6429245425576813,0.6333486534429931
train,A2,1,4,rl_policy,1.0833348246957473,True,False,3.963190770244387,23.964794077926832,0.53178962937659,0.43334408468759045
train,A2,3,4,rl_policy,0.861017142419594,True,False,0.0,18.123507331400493,0.0,1.63337385766861
train,A2,5,4,rl_policy,1.315456624961047,True,False,1.8677274856854864,8.611055782993231,0.5447329015001063,0.10000248108175164
train,A2,7,4,rl_policy,1.2831453534853743,True,False,5.631194966068834,9.3798532113921,0.7211474644559832,0.8000198486540131
train,A2,9,4,rl_policy,1.2223875872685086,True,False,2.674447951434264,17.01236579721813,0.601526749933553,0.6666832072116776
train,A2,11,4,rl_policy,1.1535248073807038,True,False,4.617224034723374,13.53634010122258,0.4999367766321451,0.40000992432700655
train,A2,13,4,rl_policy,-1.0584119771708684,False,True,0.0,13.725773003195066,0.4667423913947609,1.3000322540627713
train,A2,15,4,rl_policy,1.2183013766235962,True,False,6.641143971838164,8.160168607648789,0.6451034803533136,0.1333366414423355
train,A2,17,4,rl_policy,0.06113250015886294,False,False,0.0,8.45080396634313,0.06624449565951218,nan
train,A2,19,4,rl_policy,1.2517599863576807,True,False,5.933337965118209,8.984066773743697,0.6780214811504108,0.5666807261299259
train,B1,1,4,rl_policy,1.0848574532168103,True,False,8.785962303618783,3.9897552079266903,0.3932747262913836,-1.8333789931593278
train,B1,3,4,rl_policy,-0.16568265684672742,False,False,0.0,16.568265684672742,0.5643700268240992,nan
train,B1,5,4,rl_policy,1.1109066409878174,True,False,8.892165537470555,5.385098971895138,0.5072534827732378,-0.1666708175599389
train,B1,7,4,rl_policy,1.0351067113005483,True,False,8.720904048304554,14.44235714763152,0.5374516116869394,-0.03333416351198778
train,B1,9,4,rl_policy,0.8530035059205185,True,False,11.118077509606403,26.149602054616057,0.5387052408663747,0.23333914458391447
train,B1,11,4,rl_policy,1.0218303635828851,True,False,12.818686548504362,7.011612841797884,0.5764490663710367,-0.30000747160789004
train,B1,13,4,rl_policy,1.180110102342249,True,False,8.586648329066177,7.102925645664944,0.667343443550007,0.40000996214385337
train,B1,15,4,rl_policy,0.8867770211827922,True,False,14.549147501089829,16.930080636357708,0.6448817043124098,0.23333914458391447
train,B1,17,4,rl_policy,1.1252230950974547,True,False,0.0,14.427253386392627,0.2512876829074344,1.4333690310154745
train,B1,19,4,rl_policy,1.2656190099696787,True,False,5.06303311642945,10.848790065392286,0.6912596012433079,0.03333416351198778
train,B2,1,4,rl_policy,-1.0440738835978631,False,True,0.0,20.172604600092146,0.4740256176669818,nan
train,B2,3,4,rl_policy,-0.14265137131347552,False,False,0.0,14.265137131347553,0.4386431426897842,nan
train,B2,5,4,rl_policy,-1.1559436920805806,False,True,0.0,24.899267122335257,0.4916490204193983,nan
train,B2,7,4,rl_policy,1.2152493041833676,True,False,6.76139141109949,7.361144514337406,0.6540546044361034,0.4000110509448558
train,B2,9,4,rl_policy,1.160897162878206,True,False,4.914745910269188,18.830760275481374,0.6560970065195666,0.36667679669945114
train,B2,11,4,rl_policy,0.004339764143344721,False,False,0.0,13.644767402583877,0.17229387961419296,nan
train,B2,13,4,rl_policy,0.7254848481311346,True,False,22.001733844571174,11.512279851886472,0.6588451637663915,0.2000055254724279
train,B2,15,4,rl_policy,1.048894275969253,True,False,8.413290536199515,15.09975609265256,0.542639368925482,0.16667127122702324
train,B2,17,4,rl_policy,0.9353789204317713,True,False,8.875126016060396,24.52256248391653,0.5512334446652221,0.23333977971783254
train,B2,19,4,rl_policy,1.0539987983265373,True,False,5.5174409914753175,22.86952425344802,0.5324080449868818,0.2666740339632372
train,A1,1,4,before this training,-1.0229017920147048,False,True,2.6234760404539026,7.8376476289580745,0.5487054991909261,0.800019351717465
train,A1,3,4,before this training,-1.1535247793948187,False,True,5.0596921128078325,15.26462931255827,0.5090412051400189,0.7000169327527818
train,A1,5,4,before this training,1.3424106714817867,True,False,1.9072770999534305,15.97651702405622,0.7674629130033993,0.6333486534429931
train,A1,7,4,before this training,1.0200712532977807,True,False,0.0,17.007865409605994,0.2370860935607083,1.5333704241251411
train,A1,9,4,before this training,-1.0557539170898305,False,True,0.0,17.02804745110532,0.6158197270617844,nan
train,A1,11,4,before this training,1.1077631443351348,True,False,9.098414808016376,10.718470944423233,0.6108789634091956,0.23333897758426062
train,A1,13,4,before this training,-0.062065830576597175,False,False,1.6070379224396558,15.777492385643518,0.40265005459756753,1.166694887921303
train,A1,15,4,before this training,-0.9619484684295675,False,True,0.0,7.794625659707205,0.5645036115508131,nan
train,A1,17,4,before this training,1.3459931870940027,True,False,2.9388656323556237,4.975193216284443,0.6722185969668388,0.43334381551362683
train,A1,19,4,before this training,-0.9671406850691099,False,True,0.0,10.140642540759034,0.5912612100955682,nan
train,A2,1,4,before this training,1.1945348429737295,True,False,1.434252428148951,20.064069902625167,0.5347244253791515,0.43334408468759045
train,A2,3,4,before this training,-0.1057821806719738,False,False,0.0,18.123507331400493,0.25621835465923415,1.2333639333416035
train,A2,5,4,before this training,1.2915286991929902,True,False,1.1528723851595175,8.611055782993231,0.5190937617343876,0.4666782450481743
train,A2,7,4,before this training,1.2691940695658226,True,False,5.941474398639708,9.479776004323227,0.7424137348972946,0.7333515279328453
train,A2,9,4,before this training,-1.1283582800132177,False,True,3.3423148046609326,17.01236579721813,0.6133948541405649,0.533346565769342
train,A2,11,4,before this training,1.1644523617762823,True,False,4.603965195853255,13.53634010122258,0.5509225071124134,0.4666782450481743
train,A2,13,4,before this training,-1.0125367882805183,False,True,0.0,13.725773003195066,0.4975626384846662,nan
train,A2,15,4,before this training,1.2595189583242825,True,False,4.743473851635178,8.76793152678854,0.6531048592952259,0.4666782450481743
train,A2,17,4,before this training,1.207521972810243,True,False,0.0,8.45080396634313,0.3019461384014549,1.5000372162262745
train,A2,19,4,before this training,1.3737571442260794,True,False,1.613696335326753,9.304534600667346,0.6688541661490865,0.7333515279328453
train,B1,1,4,before this training,1.0806049422872555,True,False,8.848809183011639,1.5174619946028507,0.39764458470903274,-1.8000448296473401
train,B1,3,4,before this training,-0.16568265684672742,False,False,0.0,16.568265684672742,0.5210498823591154,nan
train,B1,5,4,before this training,1.1211967379054695,True,False,9.020678196748928,5.385098971895138,0.5183259469884494,-0.1666708175599389
train,B1,7,4,before this training,1.0699348145239191,True,False,8.355349704693596,12.817886541895188,0.5487529231992323,0.13333665404795111
train,B1,9,4,before this training,1.005854815273111,True,False,6.5637207464983485,25.09883008594483,0.5538431117655036,0.26667330809590223
train,B1,11,4,before this training,-1.208584364913519,False,True,10.067219135709403,7.011612841797884,0.53702518938056,-0.10000249053596334
train,B1,13,4,before this training,1.1714544472618202,True,False,8.604160281713419,7.102925645664944,0.6755303355137056,0.30000747160789004
train,B1,15,4,before this training,1.2212918298969342,True,False,2.81864924123457,19.535339734781545,0.6882354891812935,0.6333491067277678
train,B1,17,4,before this training,1.120436840482956,True,False,7.389362663778753,14.427253386392627,0.5959623812303858,0.0
train,B1,19,4,before this training,1.2821969115318916,True,False,4.160568062821663,10.848790065392286,0.6732511102515426,0.03333416351198778
train,B2,1,4,before this training,0.8025500088343551,True,False,7.78775515013039,36.90683760265362,0.46039139191687517,0.5333480679264744
train,B2,3,4,before this training,-0.14265137131347552,False,False,0.0,14.265137131347553,0.4104946558388166,nan
train,B2,5,4,before this training,1.0006250130396046,True,False,8.857010576998128,14.03629030472471,0.46751011187588687,0.0
train,B2,7,4,before this training,1.282094359618483,True,False,3.8782412961704376,7.361144514337406,0.645308009274041,0.4000110509448558
train,B2,9,4,before this training,1.2036740127687036,True,False,3.4433591177368177,19.581827292066887,0.6518701591161746,0.4666795594356651
train,B2,11,4,before this training,1.1096181768074185,True,False,7.559509388519771,8.599857345810701,0.47430554174281747,-0.16667127122702324
train,B2,13,4,before this training,1.1208311478917943,True,False,8.256953774303415,11.512279851886472,0.6517865950305715,0.2666740339632372
train,B2,15,4,before this training,1.2183932623591875,True,False,3.3338351888385143,12.875983786375203,0.5346412105522025,0.36667679669945114
train,B2,17,4,before this training,1.1696579085746026,True,False,6.2277237399209175,7.927272063230212,0.5380621370426135,-0.03333425424540465
train,B2,19,4,before this training,1.0891801006799642,True,False,3.2938896009615286,27.536829068317363,0.5503480490758716,0.8000221018897116
