take,card,method,seed,success,grasp_minus_contact_s,path_length_m,rms_jerk
A3,1,reactive,0,True,0.8333527878292672,0.6937160959622178,20.38221783035169
A3,1,world_model_target,0,True,0.0,0.2263010039949506,16.44355384827834
A3,1,learned_policy,0,True,0.23333878059219484,0.24039316807054492,12.771774818773954
A3,1,learned_policy_noise,0,False,nan,0.5267889679494228,5.159856460521675
A3,1,human_path,0,True,0.0,0.1933799192247826,17.409085434494315
A3,3,reactive,0,False,nan,0.6433773748972468,23.598961104915798
A3,3,world_model_target,0,True,0.23333878059219484,0.29908825685606844,17.843949791643144
A3,3,learned_policy,0,True,0.33334111513170694,0.3694752299640905,15.604464140866192
A3,3,learned_policy_noise,0,False,nan,0.5654387638221685,8.343193627085567
A3,3,human_path,0,True,0.3666752266448776,0.3209157650736621,9.327235927841533
A3,5,reactive,0,False,nan,1.2278512048773165,18.503921088785383
A3,5,world_model_target,0,True,0.8000186763160966,0.7025268696123617,13.29314733235355
A3,5,learned_policy,0,False,nan,0.8304114542460974,6.107131660507462
A3,5,learned_policy_noise,0,False,nan,1.0667151204233611,14.141457899682518
A3,5,human_path,0,True,0.9000210108556087,0.6995640184531621,5.734398337734611
A3,7,reactive,0,True,0.23333878059219484,0.37126642413966776,21.338301219294838
A3,7,world_model_target,0,True,0.10000233453951207,0.33484888532634655,19.19038307304731
A3,7,learned_policy,0,False,nan,0.34056930778219796,4.457008157875348
A3,7,learned_policy_noise,0,False,nan,0.5005006818957373,4.391303196324527
A3,7,human_path,0,True,0.13333644605268277,0.31364447490756403,14.222978773942453
A3,9,reactive,0,False,nan,1.353828859127265,17.36716940963062
A3,9,world_model_target,0,True,0.6333481187502431,0.7189232713564712,12.696766740024223
A3,9,learned_policy,0,True,0.7666845648029259,0.7792637943744454,8.766246414112052
A3,9,learned_policy_noise,0,False,nan,1.0858695243408687,18.961362910515575
A3,9,human_path,0,False,nan,0.7536331454448568,5.1550804836013535
A3,11,reactive,0,False,nan,1.0543429219931997,18.77101446717155
A3,11,world_model_target,0,True,0.13333644605268277,0.4946687882347404,14.508203175286205
A3,11,learned_policy,0,True,0.33334111513170694,0.4433629337415449,13.37789252857763
A3,11,learned_policy_noise,0,False,nan,0.7882353437304972,7.084246167194342
A3,11,human_path,0,True,0.33334111513170694,0.4469263618856484,4.849325246629817
A3,13,reactive,0,True,0.06666822302634139,0.41570330074848943,21.763594029894044
A3,13,world_model_target,0,True,0.23333878059219484,0.6119437277323829,26.756069055704664
A3,13,learned_policy,0,True,0.5000116726975604,0.4076184416106312,10.695475103410862
A3,13,learned_policy_noise,0,True,0.6000140072370724,0.5695922925995318,13.10904553985671
A3,13,human_path,0,True,0.16667055756585347,0.5117724242586124,23.91283130737075
A3,15,reactive,0,True,-0.06666822302634139,0.9662240157671244,44.7253310358618
A3,15,world_model_target,0,True,0.0,1.03723074705114,35.7601550510746
A3,15,learned_policy,0,False,nan,0.6398518270220748,4.5968451215692925
A3,15,learned_policy_noise,0,False,nan,0.7407715527919747,17.323270979307342
A3,15,human_path,0,True,0.433343449671219,0.9542719140961354,21.017727240331585
A3,17,reactive,0,True,0.6000140072370724,0.680222363128051,23.617804143645326
A3,17,world_model_target,0,False,nan,0.6955929465057685,21.954988849441317
A3,17,learned_policy,0,True,0.6333481187502431,0.5297974142799224,13.744644410858488
A3,17,learned_policy_noise,0,False,nan,0.6820732260119081,8.454283461737532
A3,17,human_path,0,True,0.433343449671219,0.5189736495850864,8.88689716885681
A3,19,reactive,0,True,0.26667289210536554,1.1256129269641664,31.197506014098817
A3,19,world_model_target,0,True,1.0000233453951208,1.2022686922608938,28.984868161784814
A3,19,learned_policy,0,False,nan,0.9008514900131496,7.429002892772958
A3,19,learned_policy_noise,0,False,nan,1.0382769917396864,18.170902701857692
A3,19,human_path,0,False,nan,1.0534708072721373,21.99999593297059
B3,1,reactive,0,True,-0.6000136038997846,0.2627568301912557,29.57456203536108
B3,1,world_model_target,0,False,nan,0.6043415573367048,33.75544685442728
B3,1,learned_policy,0,True,0.26667271284434874,0.3272787651706859,12.143768067059762
B3,1,learned_policy_noise,0,True,0.3666749801609795,0.32111039284761655,4.454615479237921
B3,1,human_path,0,True,0.16667044552771795,0.25106139496975927,13.150230576940253
B3,3,reactive,0,True,0.7666840494275026,0.7062279983427907,23.744060060115388
B3,3,world_model_target,0,True,0.20000453463326154,0.3331580872577264,16.98938507049082
B3,3,learned_policy,0,True,0.06666817821108718,0.382231228525534,20.506439455672336
B3,3,learned_policy_noise,0,True,0.6000136038997846,0.5706259247349104,15.78361087340023
B3,3,human_path,0,True,0.3000068019498923,0.3476009424695681,10.768801092509127
B3,5,reactive,0,True,-1.0000226731663078,0.6547715465758529,25.004023617722165
B3,5,world_model_target,0,True,0.43334315837206666,1.1125595977561569,18.565866833049796
B3,5,learned_policy,0,False,nan,1.163608317469432,15.34469427139826
B3,5,learned_policy_noise,0,True,0.5333454256886975,0.8303709654179103,13.585401053142162
B3,5,human_path,0,True,0.733349960321959,1.2169579099223664,16.94418385442476
B3,7,reactive,0,True,-0.26667271284434874,0.29238459687826523,23.312212644830556
B3,7,world_model_target,0,True,-0.06666817821108718,0.4104258043627659,26.37341729407033
B3,7,learned_policy,0,True,0.26667271284434874,0.3043376731600472,11.438921095814619
B3,7,learned_policy_noise,0,True,0.6000136038997846,0.4583683455407654,5.330529710545717
B3,7,human_path,0,True,0.3000068019498923,0.3052492191034862,11.8167290650809
B3,9,reactive,0,False,nan,1.589487838401907,30.987314257499424
B3,9,world_model_target,0,True,0.5666795147942411,0.7639944710192046,13.139753683515092
B3,9,learned_policy,0,False,nan,0.9159076645053926,5.667231876607961
B3,9,learned_policy_noise,0,True,0.9666885840607641,1.0880126359169635,9.383221913523613
B3,9,human_path,0,True,0.5666795147942411,0.7683118066950333,5.357721796421668
B3,11,reactive,0,False,nan,1.0476343262456376,20.64773631612906
B3,11,world_model_target,0,True,0.13333635642217437,0.4639188088254237,16.50412324006005
B3,11,learned_policy,0,True,0.6333476930053282,0.541469592950756,12.969053147122438
B3,11,learned_policy_noise,0,True,0.7000158712164154,0.703005707794412,12.72722342100181
B3,11,human_path,0,True,0.06666817821108718,0.43762046280676703,13.64250800314049
B3,13,reactive,0,True,0.06666817821108718,0.4451943724326749,24.725506235069094
B3,13,world_model_target,0,False,nan,0.9046940306810886,29.370788739518417
B3,13,learned_policy,0,True,0.6333476930053282,0.43459124066637406,10.565565588968619
B3,13,learned_policy_noise,0,False,nan,0.5683604678669714,11.47871453392662
B3,13,human_path,0,False,nan,0.4580321532736323,8.519994611127938
B3,15,reactive,0,True,-0.03333408910554359,1.0183181525852025,45.99731743701978
B3,15,world_model_target,0,True,0.13333635642217437,0.9893657928123561,40.776037699138925
B3,15,learned_policy,0,False,nan,0.6997122572174834,4.408611891680669
B3,15,learned_policy_noise,0,False,nan,0.8714421177283163,6.6648408639432075
B3,15,human_path,0,True,0.5666795147942411,0.8583470970711002,19.33294426464373
B3,17,reactive,0,False,nan,1.3061662407218364,33.27525211814187
B3,17,world_model_target,0,True,0.9333544949552205,0.8523682809678128,30.820080893787814
B3,17,learned_policy,0,True,0.23333862373880512,0.5421734044486792,15.796721169762751
B3,17,learned_policy_noise,0,True,0.8000181385330462,0.8119070242400761,10.145092181946033
B3,17,human_path,0,True,0.23333862373880512,0.4871087903277966,4.9232673701523035
B3,19,reactive,0,True,-0.23333862373880512,0.8002312128772426,24.055107816513004
B3,19,world_model_target,0,True,0.43334315837206666,1.049193096555167,25.96255045705705
B3,19,learned_policy,0,True,0.4000090692665231,0.7393688854166431,11.382969540972372
B3,19,learned_policy_noise,0,True,1.0333567622718514,0.9864639277282184,18.330927870466404
B3,19,human_path,0,False,nan,1.1586724126725416,17.665727944694243
A3,1,reactive,1,True,0.8333527878292672,0.6937160959622178,20.38221783035169
A3,1,world_model_target,1,True,0.20000466907902414,0.303470758354625,24.962673093313704
A3,1,learned_policy,1,True,0.33334111513170694,0.26962960090602334,13.460303775376591
A3,1,learned_policy_noise,1,False,nan,0.456536259623866,6.827815619973837
A3,1,human_path,1,True,0.0,0.1933799192247826,17.409085434494315
A3,3,reactive,1,False,nan,0.6433773748972468,23.598961104915798
A3,3,world_model_target,1,True,0.26667289210536554,0.3034870135782838,18.249131376137942
A3,3,learned_policy,1,True,0.433343449671219,0.3704509616506163,20.57007669888641
A3,3,learned_policy_noise,1,True,0.433343449671219,0.40398147404426976,16.05990261356055
A3,3,human_path,1,True,0.3666752266448776,0.3209157650736621,9.327235927841533
A3,5,reactive,1,False,nan,1.2278512048773165,18.503921088785383
A3,5,world_model_target,1,True,0.8333527878292672,0.6984749072880134,13.602340262701889
A3,5,learned_policy,1,False,nan,0.7124763393575664,6.170870414768472
A3,5,learned_policy_noise,1,False,nan,0.629959042850933,26.0460322167854
A3,5,human_path,1,True,0.9000210108556087,0.6995640184531621,5.734398337734611
A3,7,reactive,1,True,0.23333878059219484,0.37126642413966776,21.338301219294838
A3,7,world_model_target,1,True,0.06666822302634139,0.33125744333012436,22.263600535071163
A3,7,learned_policy,1,False,nan,0.38009163526163947,4.089161361528728
A3,7,learned_policy_noise,1,False,nan,0.43683595598057023,5.6093663953305875
A3,7,human_path,1,True,0.13333644605268277,0.31364447490756403,14.222978773942453
A3,9,reactive,1,False,nan,1.353828859127265,17.36716940963062
A3,9,world_model_target,1,True,0.6333481187502431,0.7238743732744338,13.372924214085133
A3,9,learned_policy,1,False,nan,0.7899282560743114,5.632701818917719
A3,9,learned_policy_noise,1,False,nan,0.7185917110526386,30.013495161782604
A3,9,human_path,1,False,nan,0.7536331454448568,5.1550804836013535
A3,11,reactive,1,False,nan,1.0543429219931997,18.77101446717155
A3,11,world_model_target,1,True,0.0,0.44762930466052725,16.08598880079578
A3,11,learned_policy,1,False,nan,0.7553511337895896,14.291775342139308
A3,11,learned_policy_noise,1,False,nan,0.736476833758951,19.097936430239795
A3,11,human_path,1,True,0.33334111513170694,0.4469263618856484,4.849325246629817
A3,13,reactive,1,True,0.06666822302634139,0.41570330074848943,21.763594029894044
A3,13,world_model_target,1,True,0.33334111513170694,0.5201172876714426,23.955194094242593
A3,13,learned_policy,1,True,0.5000116726975604,0.4621358492671049,11.849998531994279
A3,13,learned_policy_noise,1,False,nan,0.5459014482911011,6.15199425852768
A3,13,human_path,1,True,0.16667055756585347,0.5117724242586124,23.91283130737075
A3,15,reactive,1,True,-0.06666822302634139,0.9662240157671244,44.7253310358618
A3,15,world_model_target,1,True,-0.06666822302634139,0.774735421709921,26.819884789617724
A3,15,learned_policy,1,True,0.33334111513170694,0.761372743764051,7.600624658921186
A3,15,learned_policy_noise,1,False,nan,0.7608132811649955,5.920684733083007
A3,15,human_path,1,True,0.433343449671219,0.9542719140961354,21.017727240331585
A3,17,reactive,1,True,0.6000140072370724,0.680222363128051,23.617804143645326
A3,17,world_model_target,1,False,nan,0.6739075881759132,19.568609267518298
A3,17,learned_policy,1,True,0.6333481187502431,0.5295396901750725,9.684438382304783
A3,17,learned_policy_noise,1,False,nan,0.6132977727747763,15.318893106107714
A3,17,human_path,1,True,0.433343449671219,0.5189736495850864,8.88689716885681
A3,19,reactive,1,True,0.26667289210536554,1.1256129269641664,31.197506014098817
A3,19,world_model_target,1,True,0.7000163417765846,1.011729965540851,30.925430984536355
A3,19,learned_policy,1,False,nan,0.9437561751172406,10.09945044478169
A3,19,learned_policy_noise,1,False,nan,0.9479210107672185,13.9540723227492
A3,19,human_path,1,False,nan,1.0534708072721373,21.99999593297059
B3,1,reactive,1,True,-0.6000136038997846,0.2627568301912557,29.57456203536108
B3,1,world_model_target,1,True,0.13333635642217437,0.5375106419180699,36.31792146921879
B3,1,learned_policy,1,False,nan,0.3962992109159888,6.821558768459632
B3,1,learned_policy_noise,1,False,nan,0.38833441667203517,6.074547376368399
B3,1,human_path,1,True,0.16667044552771795,0.25106139496975927,13.150230576940253
B3,3,reactive,1,True,0.7666840494275026,0.7062279983427907,23.744060060115388
B3,3,world_model_target,1,True,0.23333862373880512,0.33271590498565884,17.102211818513883
B3,3,learned_policy,1,False,nan,0.6992480108948432,16.889898926956363
B3,3,learned_policy_noise,1,True,0.3333408910554359,0.39082461538532004,8.531661629194591
B3,3,human_path,1,True,0.3000068019498923,0.3476009424695681,10.768801092509127
B3,5,reactive,1,True,-1.0000226731663078,0.6547715465758529,25.004023617722165
B3,5,world_model_target,1,False,nan,1.6006042955354647,25.659957474825564
B3,5,learned_policy,1,False,nan,1.263713331593914,11.075539478598316
B3,5,learned_policy_noise,1,False,nan,1.2736683518029306,13.858141351287175
B3,5,human_path,1,True,0.733349960321959,1.2169579099223664,16.94418385442476
B3,7,reactive,1,True,-0.26667271284434874,0.29238459687826523,23.312212644830556
B3,7,world_model_target,1,True,-0.16667044552771795,0.34898461820332427,27.474693293710185
B3,7,learned_policy,1,True,0.3000068019498923,0.3414161560332169,13.648244444876317
B3,7,learned_policy_noise,1,False,nan,0.45970159552015577,5.408405622715901
B3,7,human_path,1,True,0.3000068019498923,0.3052492191034862,11.8167290650809
B3,9,reactive,1,False,nan,1.589487838401907,30.987314257499424
B3,9,world_model_target,1,False,nan,0.9487796423638875,12.816673002202615
B3,9,learned_policy,1,False,nan,0.7747630762373819,86.29293243461571
B3,9,learned_policy_noise,1,False,nan,0.8222255351212268,59.673445987843294
B3,9,human_path,1,True,0.5666795147942411,0.7683118066950333,5.357721796421668
B3,11,reactive,1,False,nan,1.0476343262456376,20.64773631612906
B3,11,world_model_target,1,True,0.23333862373880512,0.5262386078626381,16.922889860088276
B3,11,learned_policy,1,False,nan,0.6957695096057452,8.637334094462055
B3,11,learned_policy_noise,1,False,nan,0.6973675835592791,6.8451416316074765
B3,11,human_path,1,True,0.06666817821108718,0.43762046280676703,13.64250800314049
B3,13,reactive,1,True,0.06666817821108718,0.4451943724326749,24.725506235069094
B3,13,world_model_target,1,False,nan,0.9310084791119141,25.762966557777048
B3,13,learned_policy,1,True,0.43334315837206666,0.49174047932050846,11.546092417185635
B3,13,learned_policy_noise,1,False,nan,0.5308061221519172,5.433722071112418
B3,13,human_path,1,False,nan,0.4580321532736323,8.519994611127938
B3,15,reactive,1,True,-0.03333408910554359,1.0183181525852025,45.99731743701978
B3,15,world_model_target,1,False,nan,1.9276341677914157,40.15886432834657
B3,15,learned_policy,1,False,nan,0.6946915672051477,4.395534433539504
B3,15,learned_policy_noise,1,False,nan,0.8711272744833579,5.59626937074649
B3,15,human_path,1,True,0.5666795147942411,0.8583470970711002,19.33294426464373
B3,17,reactive,1,False,nan,1.3061662407218364,33.27525211814187
B3,17,world_model_target,1,True,0.9000204058496769,0.8528829268533872,25.672668611803473
B3,17,learned_policy,1,True,0.26667271284434874,0.5992551248783362,16.28604187492039
B3,17,learned_policy_noise,1,False,nan,0.8121740941453408,11.274067258698798
B3,17,human_path,1,True,0.23333862373880512,0.4871087903277966,4.9232673701523035
B3,19,reactive,1,True,-0.23333862373880512,0.8002312128772426,24.055107816513004
B3,19,world_model_target,1,True,0.5000113365831539,1.272388396956589,47.11189114663554
B3,19,learned_policy,1,True,0.3333408910554359,0.818673970299884,6.77606607123044
B3,19,learned_policy_noise,1,False,nan,1.4558485626148192,20.22823712234172
B3,19,human_path,1,False,nan,1.1586724126725416,17.665727944694243
A3,1,reactive,2,True,0.8333527878292672,0.6937160959622178,20.38221783035169
A3,1,world_model_target,2,True,0.6000140072370724,0.5659029605679962,19.77277792533645
A3,1,learned_policy,2,False,nan,0.3346706959019229,5.5672516671214956
A3,1,learned_policy_noise,2,False,nan,0.5979569916296886,8.138882935064037
A3,1,human_path,2,True,0.0,0.1933799192247826,17.409085434494315
A3,3,reactive,2,False,nan,0.6433773748972468,23.598961104915798
A3,3,world_model_target,2,True,0.3000070036185362,0.3155828724705193,17.646034076650743
A3,3,learned_policy,2,False,nan,0.48652703276730713,9.653518310415082
A3,3,learned_policy_noise,2,False,nan,0.6018340931039843,11.334409077749664
A3,3,human_path,2,True,0.3666752266448776,0.3209157650736621,9.327235927841533
A3,5,reactive,2,False,nan,1.2278512048773165,18.503921088785383
A3,5,world_model_target,2,True,0.7666845648029259,0.6880354500904505,13.566439342535082
A3,5,learned_policy,2,False,nan,0.8692276585172302,8.285711828840814
A3,5,learned_policy_noise,2,False,nan,0.8628418492590051,10.01329834643384
A3,5,human_path,2,True,0.9000210108556087,0.6995640184531621,5.734398337734611
A3,7,reactive,2,True,0.23333878059219484,0.37126642413966776,21.338301219294838
A3,7,world_model_target,2,True,0.06666822302634139,0.3439935565297115,21.668968863771465
A3,7,learned_policy,2,True,0.5333457842107311,0.3352751173925833,10.388216090894218
A3,7,learned_policy_noise,2,False,nan,0.5360442086559967,4.43784607404852
A3,7,human_path,2,True,0.13333644605268277,0.31364447490756403,14.222978773942453
A3,9,reactive,2,False,nan,1.353828859127265,17.36716940963062
A3,9,world_model_target,2,True,0.6333481187502431,0.7231776722917312,13.114194385818754
A3,9,learned_policy,2,False,nan,0.9353356872530041,7.378616917977646
A3,9,learned_policy_noise,2,False,nan,0.9703665530298293,10.348604067639348
A3,9,human_path,2,False,nan,0.7536331454448568,5.1550804836013535
A3,11,reactive,2,False,nan,1.0543429219931997,18.77101446717155
A3,11,world_model_target,2,True,-0.03333411151317069,0.4319057405262143,16.176388098644946
A3,11,learned_policy,2,False,nan,0.6272656109588333,6.565267396774206
A3,11,learned_policy_noise,2,False,nan,0.8700763827620297,21.300351217269828
A3,11,human_path,2,True,0.33334111513170694,0.4469263618856484,4.849325246629817
A3,13,reactive,2,True,0.06666822302634139,0.41570330074848943,21.763594029894044
A3,13,world_model_target,2,True,0.4666775611843897,0.5756229025443881,28.232627278951423
A3,13,learned_policy,2,False,nan,0.4371657006916739,11.287728685281605
A3,13,learned_policy_noise,2,False,nan,0.6360750002159478,5.408229553606847
A3,13,human_path,2,True,0.16667055756585347,0.5117724242586124,23.91283130737075
A3,15,reactive,2,True,-0.06666822302634139,0.9662240157671244,44.7253310358618
A3,15,world_model_target,2,True,-0.03333411151317069,0.8887758048805445,33.090269865810576
A3,15,learned_policy,2,False,nan,0.6978474173608709,5.118640430305837
A3,15,learned_policy_noise,2,False,nan,0.8127291191315713,5.02970448942265
A3,15,human_path,2,True,0.433343449671219,0.9542719140961354,21.017727240331585
A3,17,reactive,2,True,0.6000140072370724,0.680222363128051,23.617804143645326
A3,17,world_model_target,2,True,0.4000093381580483,0.5429181144436656,20.764658058455325
A3,17,learned_policy,2,True,0.7333504532897552,0.6137703205837207,8.059175001650127
A3,17,learned_policy_noise,2,False,nan,0.6199887021995417,8.633632927633135
A3,17,human_path,2,True,0.433343449671219,0.5189736495850864,8.88689716885681
A3,19,reactive,2,True,0.26667289210536554,1.1256129269641664,31.197506014098817
A3,19,world_model_target,2,True,0.7666845648029259,1.116057740981793,28.300623614838926
A3,19,learned_policy,2,False,nan,0.9649015701481581,19.636145175592752
A3,19,learned_policy_noise,2,False,nan,1.0566074870105058,5.920425101769453
A3,19,human_path,2,False,nan,1.0534708072721373,21.99999593297059
B3,1,reactive,2,True,-0.6000136038997846,0.2627568301912557,29.57456203536108
B3,1,world_model_target,2,True,0.23333862373880512,0.6990728660619467,36.21800904803968
B3,1,learned_policy,2,True,0.3666749801609795,0.2748330459719467,7.354356216473221
B3,1,learned_policy_noise,2,False,nan,0.3470682214585792,5.934479615146309
B3,1,human_path,2,True,0.16667044552771795,0.25106139496975927,13.150230576940253
B3,3,reactive,2,True,0.7666840494275026,0.7062279983427907,23.744060060115388
B3,3,world_model_target,2,True,0.23333862373880512,0.33676212082418033,16.896588307528514
B3,3,learned_policy,2,False,nan,0.6504153581379586,14.120286749622004
B3,3,learned_policy_noise,2,True,0.43334315837206666,0.4634104919857027,9.783443604556677
B3,3,human_path,2,True,0.3000068019498923,0.3476009424695681,10.768801092509127
B3,5,reactive,2,True,-1.0000226731663078,0.6547715465758529,25.004023617722165
B3,5,world_model_target,2,True,0.6000136038997846,1.229355114042662,17.123808533714243
B3,5,learned_policy,2,False,nan,1.1815128912072224,14.787462336859033
B3,5,learned_policy_noise,2,False,nan,1.5151783015879046,10.921665445513025
B3,5,human_path,2,True,0.733349960321959,1.2169579099223664,16.94418385442476
B3,7,reactive,2,True,-0.26667271284434874,0.29238459687826523,23.312212644830556
B3,7,world_model_target,2,True,0.46667724747761025,0.6850602413150737,29.42397340578261
B3,7,learned_policy,2,False,nan,0.33418386801278194,4.693636789880456
B3,7,learned_policy_noise,2,False,nan,0.5465417893793617,5.431516904077613
B3,7,human_path,2,True,0.3000068019498923,0.3052492191034862,11.8167290650809
B3,9,reactive,2,False,nan,1.589487838401907,30.987314257499424
B3,9,world_model_target,2,True,0.6000136038997846,0.7706984760515091,12.957444559773847
B3,9,learned_policy,2,True,0.6333476930053282,0.8340623799890453,8.38358532032681
B3,9,learned_policy_noise,2,False,nan,1.0559735389539417,8.770559815208697
B3,9,human_path,2,True,0.5666795147942411,0.7683118066950333,5.357721796421668
B3,11,reactive,2,False,nan,1.0476343262456376,20.64773631612906
B3,11,world_model_target,2,True,0.23333862373880512,0.5129758143490213,16.305512697309755
B3,11,learned_policy,2,True,0.5333454256886975,0.5631536932430609,12.730903727718859
B3,11,learned_policy_noise,2,False,nan,0.8343060355843644,14.340930756572645
B3,11,human_path,2,True,0.06666817821108718,0.43762046280676703,13.64250800314049
B3,13,reactive,2,True,0.06666817821108718,0.4451943724326749,24.725506235069094
B3,13,world_model_target,2,True,0.46667724747761025,0.8442455859753606,48.75603976276592
B3,13,learned_policy,2,False,nan,0.468875545955044,5.296041613009282
B3,13,learned_policy_noise,2,False,nan,0.5637558434954884,7.856345604383487
B3,13,human_path,2,False,nan,0.4580321532736323,8.519994611127938
B3,15,reactive,2,True,-0.03333408910554359,1.0183181525852025,45.99731743701978
B3,15,world_model_target,2,True,0.03333408910554359,1.0771013300128804,48.089838215174204
B3,15,learned_policy,2,False,nan,0.7159580715387739,4.752454530585555
B3,15,learned_policy_noise,2,False,nan,0.8563614208774347,4.582598055814083
B3,15,human_path,2,True,0.5666795147942411,0.8583470970711002,19.33294426464373
B3,17,reactive,2,False,nan,1.3061662407218364,33.27525211814187
B3,17,world_model_target,2,True,0.03333408910554359,0.569302971500353,19.352917342325846
B3,17,learned_policy,2,True,0.9333544949552205,0.6733943213603374,6.91065408811329
B3,17,learned_policy_noise,2,True,0.46667724747761025,0.8075142683256454,21.914175435189836
B3,17,human_path,2,True,0.23333862373880512,0.4871087903277966,4.9232673701523035
B3,19,reactive,2,True,-0.23333862373880512,0.8002312128772426,24.055107816513004
B3,19,world_model_target,2,True,0.20000453463326154,1.0262326724002013,27.852069180723266
B3,19,learned_policy,2,False,nan,1.325580894790815,16.40057650756279
B3,19,learned_policy_noise,2,True,0.5333454256886975,1.0116346706598904,9.588938460395918
B3,19,human_path,2,False,nan,1.1586724126725416,17.665727944694243
A3,1,reactive,3,True,0.8333527878292672,0.6937160959622178,20.38221783035169
A3,1,world_model_target,3,True,0.5000116726975604,0.5178972985098218,27.743418466589652
A3,1,learned_policy,3,True,0.23333878059219484,0.2471398178367989,12.393568821498992
A3,1,learned_policy_noise,3,False,nan,0.49465667977356337,5.806073447414621
A3,1,human_path,3,True,0.0,0.1933799192247826,17.409085434494315
A3,3,reactive,3,False,nan,0.6433773748972468,23.598961104915798
A3,3,world_model_target,3,True,0.33334111513170694,0.3206478949093308,17.442174273425685
A3,3,learned_policy,3,True,0.33334111513170694,0.3365233831470012,12.702806185478478
A3,3,learned_policy_noise,3,False,nan,0.5340927994085117,7.9579010803894725
A3,3,human_path,3,True,0.3666752266448776,0.3209157650736621,9.327235927841533
A3,5,reactive,3,False,nan,1.2278512048773165,18.503921088785383
A3,5,world_model_target,3,True,0.7666845648029259,0.6985952263618526,13.383762633070686
A3,5,learned_policy,3,False,nan,0.8076500694611698,5.768596105740451
A3,5,learned_policy_noise,3,False,nan,0.8130964326750257,6.199980004996146
A3,5,human_path,3,True,0.9000210108556087,0.6995640184531621,5.734398337734611
A3,7,reactive,3,True,0.23333878059219484,0.37126642413966776,21.338301219294838
A3,7,world_model_target,3,True,0.03333411151317069,0.319277333910155,23.999946240234554
A3,7,learned_policy,3,False,nan,0.3439669658145783,3.8801962952014475
A3,7,learned_policy_noise,3,False,nan,0.4763320570267634,4.461610611557982
A3,7,human_path,3,True,0.13333644605268277,0.31364447490756403,14.222978773942453
A3,9,reactive,3,False,nan,1.353828859127265,17.36716940963062
A3,9,world_model_target,3,True,0.5333457842107311,0.7159229146864566,13.200583188686185
A3,9,learned_policy,3,False,nan,0.8019071157047317,5.9291768845366954
A3,9,learned_policy_noise,3,False,nan,0.9677306283561429,5.910377063816012
A3,9,human_path,3,False,nan,0.7536331454448568,5.1550804836013535
A3,11,reactive,3,False,nan,1.0543429219931997,18.77101446717155
A3,11,world_model_target,3,True,0.03333411151317069,0.4595196804219083,15.613759853723291
A3,11,learned_policy,3,True,0.5666798957239018,0.5146349166139736,11.841596609193365
A3,11,learned_policy_noise,3,True,0.5333457842107311,0.7143655666460973,14.52688699201161
A3,11,human_path,3,True,0.33334111513170694,0.4469263618856484,4.849325246629817
A3,13,reactive,3,True,0.06666822302634139,0.41570330074848943,21.763594029894044
A3,13,world_model_target,3,True,0.3666752266448776,0.5774451148004511,25.33851485733173
A3,13,learned_policy,3,True,0.5000116726975604,0.3925202443478566,10.225999072553778
A3,13,learned_policy_noise,3,True,0.7000163417765846,0.5689010434841367,11.03067937035277
A3,13,human_path,3,True,0.16667055756585347,0.5117724242586124,23.91283130737075
A3,15,reactive,3,True,-0.06666822302634139,0.9662240157671244,44.7253310358618
A3,15,world_model_target,3,True,0.0,1.4733711403609222,41.05778985183686
A3,15,learned_policy,3,False,nan,0.814933623900653,4.590983840255731
A3,15,learned_policy_noise,3,False,nan,0.784334136881115,5.063032761318195
A3,15,human_path,3,True,0.433343449671219,0.9542719140961354,21.017727240331585
A3,17,reactive,3,True,0.6000140072370724,0.680222363128051,23.617804143645326
A3,17,world_model_target,3,True,0.3000070036185362,0.5104480478539548,22.606823448179377
A3,17,learned_policy,3,True,0.5666798957239018,0.5242006844188926,16.514339656435684
A3,17,learned_policy_noise,3,False,nan,0.6757935402644452,9.981436626803639
A3,17,human_path,3,True,0.433343449671219,0.5189736495850864,8.88689716885681
A3,19,reactive,3,True,0.26667289210536554,1.1256129269641664,31.197506014098817
A3,19,world_model_target,3,True,0.9000210108556087,1.210862732998492,31.660021801479385
A3,19,learned_policy,3,False,nan,0.9256222653684841,6.627559890254865
A3,19,learned_policy_noise,3,False,nan,1.0298455208877817,8.767536643287325
A3,19,human_path,3,False,nan,1.0534708072721373,21.99999593297059
B3,1,reactive,3,True,-0.6000136038997846,0.2627568301912557,29.57456203536108
B3,1,world_model_target,3,True,0.23333862373880512,0.6761902284053805,21.144463126599188
B3,1,learned_policy,3,True,0.20000453463326154,0.31355647243940354,12.542300540727307
B3,1,learned_policy_noise,3,False,nan,0.28041824042926433,4.709927612337325
B3,1,human_path,3,True,0.16667044552771795,0.25106139496975927,13.150230576940253
B3,3,reactive,3,True,0.7666840494275026,0.7062279983427907,23.744060060115388
B3,3,world_model_target,3,True,0.20000453463326154,0.3420105216253432,16.85939211440108
B3,3,learned_policy,3,True,0.20000453463326154,0.36357560501849656,18.36885527482468
B3,3,learned_policy_noise,3,True,0.46667724747761025,0.4450435983009789,14.418331106313962
B3,3,human_path,3,True,0.3000068019498923,0.3476009424695681,10.768801092509127
B3,5,reactive,3,True,-1.0000226731663078,0.6547715465758529,25.004023617722165
B3,5,world_model_target,3,False,nan,1.7360110810204132,26.55556077447822
B3,5,learned_policy,3,True,0.23333862373880512,0.7587386237537773,9.837057592692695
B3,5,learned_policy_noise,3,True,0.3666749801609795,0.7372502458830277,17.89124329351196
B3,5,human_path,3,True,0.733349960321959,1.2169579099223664,16.94418385442476
B3,7,reactive,3,True,-0.26667271284434874,0.29238459687826523,23.312212644830556
B3,7,world_model_target,3,True,0.43334315837206666,0.644472145801547,33.53055594075064
B3,7,learned_policy,3,True,0.20000453463326154,0.3097848768449186,12.3801727856144
B3,7,learned_policy_noise,3,False,nan,0.4806016900044751,4.450466739681609
B3,7,human_path,3,True,0.3000068019498923,0.3052492191034862,11.8167290650809
B3,9,reactive,3,False,nan,1.589487838401907,30.987314257499424
B3,9,world_model_target,3,True,0.6666817821108718,0.7931630670102475,12.853024802284088
B3,9,learned_policy,3,False,nan,0.8785463610147282,4.707496960725762
B3,9,learned_policy_noise,3,False,nan,1.0280423422154756,6.398077087611068
B3,9,human_path,3,True,0.5666795147942411,0.7683118066950333,5.357721796421668
B3,11,reactive,3,False,nan,1.0476343262456376,20.64773631612906
B3,11,world_model_target,3,True,0.13333635642217437,0.46824000908708946,16.381610007188364
B3,11,learned_policy,3,True,0.6333476930053282,0.5708383775094957,12.317503676263538
B3,11,learned_policy_noise,3,False,nan,0.7619816216553706,17.9262488717537
B3,11,human_path,3,True,0.06666817821108718,0.43762046280676703,13.64250800314049
B3,13,reactive,3,True,0.06666817821108718,0.4451943724326749,24.725506235069094
B3,13,world_model_target,3,True,0.46667724747761025,0.8209396382207043,53.61590681543862
B3,13,learned_policy,3,True,0.6000136038997846,0.4547842126769968,11.835535427648601
B3,13,learned_policy_noise,3,False,nan,0.5725135771082608,4.308535758911649
B3,13,human_path,3,False,nan,0.4580321532736323,8.519994611127938
B3,15,reactive,3,True,-0.03333408910554359,1.0183181525852025,45.99731743701978
B3,15,world_model_target,3,True,0.4000090692665231,1.5027826669952191,40.1391521037181
B3,15,learned_policy,3,False,nan,0.6748239320041636,4.177927334254892
B3,15,learned_policy_noise,3,False,nan,0.8554900317258819,4.696346882082568
B3,15,human_path,3,True,0.5666795147942411,0.8583470970711002,19.33294426464373
B3,17,reactive,3,False,nan,1.3061662407218364,33.27525211814187
B3,17,world_model_target,3,True,0.8000181385330462,0.8723840068139475,33.46753816741824
B3,17,learned_policy,3,True,0.3000068019498923,0.5771866043778865,19.070041689015575
B3,17,learned_policy_noise,3,True,0.3333408910554359,0.7289992454315672,23.38720555365048
B3,17,human_path,3,True,0.23333862373880512,0.4871087903277966,4.9232673701523035
B3,19,reactive,3,True,-0.23333862373880512,0.8002312128772426,24.055107816513004
B3,19,world_model_target,3,True,0.9333544949552205,1.0505914230292683,30.97988263952915
B3,19,learned_policy,3,True,0.3333408910554359,0.7815021548316029,8.353834313958409
B3,19,learned_policy_noise,3,True,0.43334315837206666,0.9344564633737552,12.453166575488211
B3,19,human_path,3,False,nan,1.1586724126725416,17.665727944694243
A3,1,reactive,4,True,0.8333527878292672,0.6937160959622178,20.38221783035169
A3,1,world_model_target,4,True,0.4000093381580483,0.3871826969714947,20.100292988596536
A3,1,learned_policy,4,False,nan,0.32912977236907587,5.644671565949602
A3,1,learned_policy_noise,4,False,nan,0.49168021675728485,5.869292457775139
A3,1,human_path,4,True,0.0,0.1933799192247826,17.409085434494315
A3,3,reactive,4,False,nan,0.6433773748972468,23.598961104915798
A3,3,world_model_target,4,True,0.26667289210536554,0.3120379845865681,17.8022700054407
A3,3,learned_policy,4,True,0.26667289210536554,0.34828102785709414,20.70565854208235
A3,3,learned_policy_noise,4,True,0.06666822302634139,0.39243949675639833,21.289913675238587
A3,3,human_path,4,True,0.3666752266448776,0.3209157650736621,9.327235927841533
A3,5,reactive,4,False,nan,1.2278512048773165,18.503921088785383
A3,5,world_model_target,4,True,0.7666845648029259,0.7102077999716822,13.726115123360147
A3,5,learned_policy,4,False,nan,0.7269769973600942,7.60315852419885
A3,5,learned_policy_noise,4,True,0.433343449671219,0.7338723202037482,6.341375130001776
A3,5,human_path,4,True,0.9000210108556087,0.6995640184531621,5.734398337734611
A3,7,reactive,4,True,0.23333878059219484,0.37126642413966776,21.338301219294838
A3,7,world_model_target,4,True,0.03333411151317069,0.31736944205346235,23.249627690194597
A3,7,learned_policy,4,False,nan,0.3800532465134734,4.672229840488041
A3,7,learned_policy_noise,4,False,nan,0.5158398581414718,4.901266738328385
A3,7,human_path,4,True,0.13333644605268277,0.31364447490756403,14.222978773942453
A3,9,reactive,4,False,nan,1.353828859127265,17.36716940963062
A3,9,world_model_target,4,True,0.4666775611843897,0.7061324991129314,16.437883122915952
A3,9,learned_policy,4,False,nan,0.758384418273711,7.617389900086445
A3,9,learned_policy_noise,4,True,0.3000070036185362,0.697546916248047,6.791905060590009
A3,9,human_path,4,False,nan,0.7536331454448568,5.1550804836013535
A3,11,reactive,4,False,nan,1.0543429219931997,18.77101446717155
A3,11,world_model_target,4,True,-0.03333411151317069,0.4331079033592943,18.834628098574175
A3,11,learned_policy,4,True,0.20000466907902414,0.4237731560044465,13.987190845645637
A3,11,learned_policy_noise,4,False,nan,0.7276293390449391,5.528656010157113
A3,11,human_path,4,True,0.33334111513170694,0.4469263618856484,4.849325246629817
A3,13,reactive,4,True,0.06666822302634139,0.41570330074848943,21.763594029894044
A3,13,world_model_target,4,True,0.33334111513170694,0.5394925655080445,30.212379902571985
A3,13,learned_policy,4,True,0.33334111513170694,0.37472488938370396,11.75707195736931
A3,13,learned_policy_noise,4,False,nan,0.7773697573303616,4.990234794082444
A3,13,human_path,4,True,0.16667055756585347,0.5117724242586124,23.91283130737075
A3,15,reactive,4,True,-0.06666822302634139,0.9662240157671244,44.7253310358618
A3,15,world_model_target,4,True,0.0,0.9966393960775497,48.000744877938324
A3,15,learned_policy,4,False,nan,0.7257034082023814,5.441730080832508
A3,15,learned_policy_noise,4,False,nan,0.9361778120266246,6.6580694302577745
A3,15,human_path,4,True,0.433343449671219,0.9542719140961354,21.017727240331585
A3,17,reactive,4,True,0.6000140072370724,0.680222363128051,23.617804143645326
A3,17,world_model_target,4,True,0.3000070036185362,0.4948368967844916,25.480251654927134
A3,17,learned_policy,4,True,0.3666752266448776,0.49634310808218485,17.66779218576353
A3,17,learned_policy_noise,4,True,0.26667289210536554,0.5302920656368886,9.54773200496405
A3,17,human_path,4,True,0.433343449671219,0.5189736495850864,8.88689716885681
A3,19,reactive,4,True,0.26667289210536554,1.1256129269641664,31.197506014098817
A3,19,world_model_target,4,False,nan,1.2000397212545213,31.970848154457965
A3,19,learned_policy,4,False,nan,0.8940345781094728,27.752154571900675
A3,19,learned_policy_noise,4,True,0.5333457842107311,0.8522266261468441,7.066780349462652
A3,19,human_path,4,False,nan,1.0534708072721373,21.99999593297059
B3,1,reactive,4,True,-0.6000136038997846,0.2627568301912557,29.57456203536108
B3,1,world_model_target,4,True,0.03333408910554359,0.5341483656362541,29.080169365824762
B3,1,learned_policy,4,False,nan,0.2797749996455508,6.037146138553367
B3,1,learned_policy_noise,4,False,nan,0.4772628900124985,5.618166675201765
B3,1,human_path,4,True,0.16667044552771795,0.25106139496975927,13.150230576940253
B3,3,reactive,4,True,0.7666840494275026,0.7062279983427907,23.744060060115388
B3,3,world_model_target,4,True,0.20000453463326154,0.3328870026540679,17.02737987566107
B3,3,learned_policy,4,True,0.3000068019498923,0.4244171768997527,21.94279338489536
B3,3,learned_policy_noise,4,False,nan,0.9374001948040778,20.682731048925483
B3,3,human_path,4,True,0.3000068019498923,0.3476009424695681,10.768801092509127
B3,5,reactive,4,True,-1.0000226731663078,0.6547715465758529,25.004023617722165
B3,5,world_model_target,4,True,1.0000226731663078,1.254649755319404,20.317521410670725
B3,5,learned_policy,4,False,nan,1.028659783809489,10.07014542938894
B3,5,learned_policy_noise,4,True,0.06666817821108718,0.7664907145956922,8.535771007276718
B3,5,human_path,4,True,0.733349960321959,1.2169579099223664,16.94418385442476
B3,7,reactive,4,True,-0.26667271284434874,0.29238459687826523,23.312212644830556
B3,7,world_model_target,4,True,-0.13333635642217437,0.3565048621480332,34.95985236742458
B3,7,learned_policy,4,False,nan,0.35226013337669365,4.405562922407122
B3,7,learned_policy_noise,4,False,nan,0.6863757639316206,4.535875977031699
B3,7,human_path,4,True,0.3000068019498923,0.3052492191034862,11.8167290650809
B3,9,reactive,4,False,nan,1.589487838401907,30.987314257499424
B3,9,world_model_target,4,False,nan,0.9694562290768332,12.684259462508306
B3,9,learned_policy,4,False,nan,0.8365105383021295,6.273772742346467
B3,9,learned_policy_noise,4,False,nan,0.9259911960258342,7.009771925948962
B3,9,human_path,4,True,0.5666795147942411,0.7683118066950333,5.357721796421668
B3,11,reactive,4,False,nan,1.0476343262456376,20.64773631612906
B3,11,world_model_target,4,True,0.13333635642217437,0.46662178004673077,19.61208449691623
B3,11,learned_policy,4,False,nan,0.5309817041375708,5.756106260529116
B3,11,learned_policy_noise,4,False,nan,0.7414267464075632,9.889009504151053
B3,11,human_path,4,True,0.06666817821108718,0.43762046280676703,13.64250800314049
B3,13,reactive,4,True,0.06666817821108718,0.4451943724326749,24.725506235069094
B3,13,world_model_target,4,False,nan,1.0366365747914097,23.80143148253112
B3,13,learned_policy,4,True,0.4000090692665231,0.420486385310605,10.60225545746683
B3,13,learned_policy_noise,4,False,nan,0.6728867261543375,5.680131537511702
B3,13,human_path,4,False,nan,0.4580321532736323,8.519994611127938
B3,15,reactive,4,True,-0.03333408910554359,1.0183181525852025,45.99731743701978
B3,15,world_model_target,4,True,0.0,0.9884550274088147,43.12031360928492
B3,15,learned_policy,4,False,nan,0.8473146551492539,5.359815410142393
B3,15,learned_policy_noise,4,False,nan,0.9956940911889234,5.994806331222986
B3,15,human_path,4,True,0.5666795147942411,0.8583470970711002,19.33294426464373
B3,17,reactive,4,False,nan,1.3061662407218364,33.27525211814187
B3,17,world_model_target,4,True,0.0,0.555335542894385,20.689040920186667
B3,17,learned_policy,4,True,0.10000226731663077,0.5161709929030676,16.450674269631328
B3,17,learned_policy_noise,4,False,nan,0.8271084519940053,11.283089536224738
B3,17,human_path,4,True,0.23333862373880512,0.4871087903277966,4.9232673701523035
B3,19,reactive,4,True,-0.23333862373880512,0.8002312128772426,24.055107816513004
B3,19,world_model_target,4,True,0.7000158712164154,1.1224926456777564,31.585660238110513
B3,19,learned_policy,4,False,nan,0.9338059051749314,4.307582165561438
B3,19,learned_policy_noise,4,True,0.16667044552771795,0.797758260130713,7.236748834299187
B3,19,human_path,4,False,nan,1.1586724126725416,17.665727944694243
