take,card,method,seed,gap,success,grasp_minus_contact_s,path_length_m,rms_jerk
A3,1,reactive,0,other_take,True,0.5000116726975604,0.6093323075482946,32.97050964201478
A3,1,world_model_target,0,other_take,True,0.06666822302634139,0.2068541347845978,23.784477407478526
A3,1,learned_policy,0,other_take,False,nan,0.45896264358657474,4.169348195717444
A3,1,learned_policy_noise,0,other_take,False,nan,0.5043902981762614,6.406002495857521
A3,1,learned_policy_wm,0,other_take,False,nan,0.46892126505157483,5.55155166984239
A3,1,human_path,0,other_take,True,-0.10000233453951207,0.13687736524323874,22.593824432182334
A3,3,reactive,0,other_take,True,0.5000116726975604,0.6445997689642698,35.256214701087615
A3,3,world_model_target,0,other_take,True,0.10000233453951207,0.24881804233504434,24.33542696024462
A3,3,learned_policy,0,other_take,False,nan,0.4501480476576842,6.811243880563262
A3,3,learned_policy_noise,0,other_take,False,nan,0.5653053524877207,9.369240469471286
A3,3,learned_policy_wm,0,other_take,False,nan,0.4719778046369601,7.832366968778028
A3,3,human_path,0,other_take,True,0.10000233453951207,0.2323059022678971,11.215546089589113
A3,5,reactive,0,other_take,False,nan,1.4272724733318478,28.22225309339637
A3,5,world_model_target,0,other_take,True,0.5333457842107311,0.6567089702161628,19.467963579562923
A3,5,learned_policy,0,other_take,False,nan,0.817124917810343,67.32360309578412
A3,5,learned_policy_noise,0,other_take,False,nan,1.0285827101195582,17.164554677131434
A3,5,learned_policy_wm,0,other_take,False,nan,0.9942322009240832,11.441933759400367
A3,5,human_path,0,other_take,False,nan,0.9363090682171554,7.991518500207157
A3,7,reactive,0,other_take,True,0.7333504532897552,0.7957696810503485,33.74473789073864
A3,7,world_model_target,0,other_take,True,0.03333411151317069,0.2617170545622091,28.027993009254523
A3,7,learned_policy,0,other_take,False,nan,0.4253418413646592,19.317147548095793
A3,7,learned_policy_noise,0,other_take,False,nan,0.5088263430292003,5.210568554344873
A3,7,learned_policy_wm,0,other_take,True,0.433343449671219,0.33181248804201224,15.635498416393796
A3,7,human_path,0,other_take,True,-0.03333411151317069,0.2325445404804639,20.52447830059086
A3,9,reactive,0,other_take,False,nan,1.4593557305769784,24.55153234283196
A3,9,world_model_target,0,other_take,True,0.3000070036185362,0.6374942477907858,18.43913969818373
A3,9,learned_policy,0,other_take,False,nan,1.067919914740549,22.80102557833744
A3,9,learned_policy_noise,0,other_take,False,nan,1.0071991159850386,19.283195139367585
A3,9,learned_policy_wm,0,other_take,False,nan,1.1436752652996907,7.235219005449543
A3,9,human_path,0,other_take,True,0.433343449671219,0.6518627209241685,7.5148393761427
A3,11,reactive,0,other_take,False,nan,1.1017835647694447,27.63672161231725
A3,11,world_model_target,0,other_take,True,0.3666752266448776,0.598394903194625,26.7839127726479
A3,11,learned_policy,0,other_take,False,nan,0.7543343828697125,28.715555518842308
A3,11,learned_policy_noise,0,other_take,False,nan,0.7314971016678808,5.43334644026319
A3,11,learned_policy_wm,0,other_take,False,nan,0.8108818268091837,6.772969094283457
A3,11,human_path,0,other_take,True,0.03333411151317069,0.3133939871022094,7.073230281649092
A3,13,reactive,0,other_take,True,-0.23333878059219484,0.39192290385489614,32.05265062526619
A3,13,world_model_target,0,other_take,True,0.20000466907902414,0.4829487686803677,34.79078482375652
A3,13,learned_policy,0,other_take,False,nan,0.5476640891354808,4.221625534274041
A3,13,learned_policy_noise,0,other_take,False,nan,0.5609769596398962,16.40846504772684
A3,13,learned_policy_wm,0,other_take,False,nan,0.5900242297296694,5.580137275724737
A3,13,human_path,0,other_take,True,1.1333597914478035,0.4899365989325363,19.502096545576503
A3,15,reactive,0,other_take,True,-0.33334111513170694,0.9533498270964071,60.726389433621335
A3,15,world_model_target,0,other_take,True,0.0,1.2013971068367033,36.833481600179624
A3,15,learned_policy,0,other_take,True,0.9000210108556087,1.2700389965926118,20.471483122923107
A3,15,learned_policy_noise,0,other_take,False,nan,0.7933584046451008,19.72348269766222
A3,15,learned_policy_wm,0,other_take,False,nan,0.8091107358244966,4.623311993724144
A3,15,human_path,0,other_take,True,0.03333411151317069,0.7337557958275441,23.34967811281619
A3,17,reactive,0,other_take,False,nan,1.0146834158828455,35.92296020807185
A3,17,world_model_target,0,other_take,True,0.5333457842107311,0.6877278460542787,41.02162419292616
A3,17,learned_policy,0,other_take,False,nan,0.5694771274233054,19.967638015375087
A3,17,learned_policy_noise,0,other_take,True,0.7333504532897552,0.672573701031058,9.658942183829565
A3,17,learned_policy_wm,0,other_take,False,nan,0.6048105595071563,8.27419311351725
A3,17,human_path,0,other_take,True,0.13333644605268277,0.40160585033074603,11.650308427926728
A3,19,reactive,0,other_take,True,-0.3000070036185362,0.9735715710292343,59.43025963842683
A3,19,world_model_target,0,other_take,True,0.26667289210536554,1.2015123492919657,46.725861321392
A3,19,learned_policy,0,other_take,False,nan,1.1691533854948455,33.32528304750723
A3,19,learned_policy_noise,0,other_take,True,0.8000186763160966,0.8832942496898551,10.160124682019756
A3,19,learned_policy_wm,0,other_take,False,nan,0.9993376803767495,9.837513901490963
A3,19,human_path,0,other_take,True,0.10000233453951207,0.9196596496210954,23.04212346529703
B3,1,reactive,0,other_take,True,-0.8333522276385897,0.14070934890025455,44.30424793052641
B3,1,world_model_target,0,other_take,True,0.0,0.4758732610985346,43.67656961641216
B3,1,learned_policy,0,other_take,False,nan,0.23816332341482443,3.77733621036535
B3,1,learned_policy_noise,0,other_take,False,nan,0.42590135668922113,5.073886984398513
B3,1,learned_policy_wm,0,other_take,False,nan,0.4645293007202378,5.881819126376029
B3,1,human_path,0,other_take,True,-0.4000090692665231,0.1448123745888289,24.458995867750797
B3,3,reactive,0,other_take,True,0.3333408910554359,0.5971101690275268,44.480369595132764
B3,3,world_model_target,0,other_take,True,0.0,0.2758183341008226,25.55866364080883
B3,3,learned_policy,0,other_take,False,nan,0.7069227801704369,63.45813429768328
B3,3,learned_policy_noise,0,other_take,False,nan,0.7805344981212204,6.850717621722343
B3,3,learned_policy_wm,0,other_take,False,nan,0.7019552197354267,6.326072925440149
B3,3,human_path,0,other_take,False,nan,0.4290139681734673,22.387585600217186
B3,5,reactive,0,other_take,True,0.43334315837206666,1.7456810208764884,33.345017154175
B3,5,world_model_target,0,other_take,True,0.0,1.1458570747336556,27.662958487086215
B3,5,learned_policy,0,other_take,False,nan,1.5646321199427122,48.19453156200887
B3,5,learned_policy_noise,0,other_take,True,1.4000317424328308,1.080921422200848,21.694889545888763
B3,5,learned_policy_wm,0,other_take,False,nan,1.0838182187678964,21.37508161077656
B3,5,human_path,0,other_take,True,-0.06666817821108718,1.0668171327250255,24.296110153602488
B3,7,reactive,0,other_take,True,-0.5000113365831539,0.21794581682925043,34.021673879802705
B3,7,world_model_target,0,other_take,True,-0.13333635642217437,0.258283948555649,28.116646129756756
B3,7,learned_policy,0,other_take,False,nan,0.34859714254430785,3.554981083621433
B3,7,learned_policy_noise,0,other_take,False,nan,0.5617394008571429,6.588836424065855
B3,7,learned_policy_wm,0,other_take,False,nan,0.5137335591657454,4.255669837848939
B3,7,human_path,0,other_take,True,-0.16667044552771795,0.17630168763823234,20.182534201059738
B3,9,reactive,0,other_take,False,nan,1.812593549364047,26.65558157191249
B3,9,world_model_target,0,other_take,False,nan,1.1012884730178754,19.23746627469816
B3,9,learned_policy,0,other_take,False,nan,0.9520144886202129,40.90760888193552
B3,9,learned_policy_noise,0,other_take,False,nan,1.0966678191134387,10.14491577764919
B3,9,learned_policy_wm,0,other_take,False,nan,1.148439593947926,30.481314556507634
B3,9,human_path,0,other_take,True,0.23333862373880512,0.7256617861272183,6.664908928622086
B3,11,reactive,0,other_take,False,nan,1.1458586614874797,30.552299213289345
B3,11,world_model_target,0,other_take,False,nan,0.8923481667460406,31.059543542292758
B3,11,learned_policy,0,other_take,False,nan,0.7473060158865004,30.632210929018854
B3,11,learned_policy_noise,0,other_take,False,nan,0.7256259915966928,5.979070928223135
B3,11,learned_policy_wm,0,other_take,False,nan,0.7415452948437794,8.396356974344828
B3,11,human_path,0,other_take,True,-0.16667044552771795,0.3084802750942773,28.19096878864971
B3,13,reactive,0,other_take,True,-0.23333862373880512,0.40241621527918914,36.26097893524852
B3,13,world_model_target,0,other_take,True,0.43334315837206666,0.4255694237137074,36.67287345807625
B3,13,learned_policy,0,other_take,False,nan,0.44112150742595724,4.438922427643435
B3,13,learned_policy_noise,0,other_take,False,nan,0.568673257762696,8.571108189455588
B3,13,learned_policy_wm,0,other_take,False,nan,0.5900911255104505,4.5735726122047105
B3,13,human_path,0,other_take,True,-0.06666817821108718,0.3369954298238684,15.106372698855228
B3,15,reactive,0,other_take,True,-0.3666749801609795,0.9856156317236084,61.92037477408884
B3,15,world_model_target,0,other_take,True,0.3000068019498923,1.2403302743731754,35.57611679764625
B3,15,learned_policy,0,other_take,True,0.7000158712164154,1.0754093039785975,15.66927434934088
B3,15,learned_policy_noise,0,other_take,False,nan,0.9348118055528398,7.593494676713316
B3,15,learned_policy_wm,0,other_take,False,nan,1.196217688949428,5.883064260566791
B3,15,human_path,0,other_take,True,-0.06666817821108718,0.6163351919310521,16.449971050530927
B3,17,reactive,0,other_take,True,0.8666863167441333,1.276076591927667,33.07043394531665
B3,17,world_model_target,0,other_take,True,0.5000113365831539,0.9433744116161198,34.99938193961563
B3,17,learned_policy,0,other_take,False,nan,0.8374111507279467,23.36530453317131
B3,17,learned_policy_noise,0,other_take,False,nan,0.8534816529201291,16.485100516699966
B3,17,learned_policy_wm,0,other_take,False,nan,0.7722793776160779,7.544107078444156
B3,17,human_path,0,other_take,True,0.03333408910554359,0.421942110039023,15.693938278299445
B3,19,reactive,0,other_take,True,-0.6333476930053282,0.7027762210963946,45.87037598105942
B3,19,world_model_target,0,other_take,True,0.03333408910554359,1.0958462894857224,32.43968424256258
B3,19,learned_policy,0,other_take,False,nan,1.7082463862693684,31.43971509854994
B3,19,learned_policy_noise,0,other_take,True,1.6667044552771795,1.036258958954165,26.492921739907054
B3,19,learned_policy_wm,0,other_take,False,nan,0.991899657818532,19.75622733170051
B3,19,human_path,0,other_take,True,0.06666817821108718,0.6762627739567892,26.125738816550097
A3,1,reactive,1,other_take,True,0.5000116726975604,0.6093323075482946,32.97050964201478
A3,1,world_model_target,1,other_take,True,0.0,0.19678445361685942,23.513388631112168
A3,1,learned_policy,1,other_take,True,0.8000186763160966,0.4341936385000402,5.190621764870591
A3,1,learned_policy_noise,1,other_take,False,nan,0.4208555788234261,6.307823188274357
A3,1,learned_policy_wm,1,other_take,False,nan,0.44456428075747584,3.9565386047214126
A3,1,human_path,1,other_take,True,-0.10000233453951207,0.13687736524323874,22.593824432182334
A3,3,reactive,1,other_take,True,0.5000116726975604,0.6445997689642698,35.256214701087615
A3,3,world_model_target,1,other_take,True,0.06666822302634139,0.2355266179986135,25.291772673708934
A3,3,learned_policy,1,other_take,False,nan,0.4192271173177167,7.8187480813739105
A3,3,learned_policy_noise,1,other_take,False,nan,0.4865104247999518,9.423726185525489
A3,3,learned_policy_wm,1,other_take,False,nan,0.45267991380919603,7.710149934035993
A3,3,human_path,1,other_take,True,0.10000233453951207,0.2323059022678971,11.215546089589113
A3,5,reactive,1,other_take,False,nan,1.4272724733318478,28.22225309339637
A3,5,world_model_target,1,other_take,True,0.5333457842107311,0.6458374975203985,19.51172126125604
A3,5,learned_policy,1,other_take,False,nan,0.9145998901370906,17.714631290090548
A3,5,learned_policy_noise,1,other_take,False,nan,0.9645233085238469,8.652112685077773
A3,5,learned_policy_wm,1,other_take,False,nan,1.005765330058545,11.533906646960087
A3,5,human_path,1,other_take,False,nan,0.9363090682171554,7.991518500207157
A3,7,reactive,1,other_take,True,0.7333504532897552,0.7957696810503485,33.74473789073864
A3,7,world_model_target,1,other_take,True,-0.03333411151317069,0.2631174034920262,30.706053353387016
A3,7,learned_policy,1,other_take,False,nan,0.34964546990265727,4.098414279343938
A3,7,learned_policy_noise,1,other_take,True,0.5666798957239018,0.37695057359631606,13.685071027501971
A3,7,learned_policy_wm,1,other_take,True,0.5000116726975604,0.30531137307714507,13.165475713421433
A3,7,human_path,1,other_take,True,-0.03333411151317069,0.2325445404804639,20.52447830059086
A3,9,reactive,1,other_take,False,nan,1.4593557305769784,24.55153234283196
A3,9,world_model_target,1,other_take,True,0.20000466907902414,0.6022639397125544,18.677167223404272
A3,9,learned_policy,1,other_take,False,nan,0.9650649601363538,7.439273904289253
A3,9,learned_policy_noise,1,other_take,False,nan,1.006832007263078,10.724279713039683
A3,9,learned_policy_wm,1,other_take,False,nan,0.9116728217731918,10.117372367625592
A3,9,human_path,1,other_take,True,0.433343449671219,0.6518627209241685,7.5148393761427
A3,11,reactive,1,other_take,False,nan,1.1017835647694447,27.63672161231725
A3,11,world_model_target,1,other_take,True,0.13333644605268277,0.49337147611676646,28.549325835212528
A3,11,learned_policy,1,other_take,False,nan,0.6853079876414659,5.04875504863697
A3,11,learned_policy_noise,1,other_take,True,0.3000070036185362,0.5711522778572514,15.371055748326787
A3,11,learned_policy_wm,1,other_take,True,0.33334111513170694,0.49316549097678974,13.653758235593504
A3,11,human_path,1,other_take,True,0.03333411151317069,0.3133939871022094,7.073230281649092
A3,13,reactive,1,other_take,True,-0.23333878059219484,0.39192290385489614,32.05265062526619
A3,13,world_model_target,1,other_take,True,0.33334111513170694,0.4106588100902206,34.660125174437674
A3,13,learned_policy,1,other_take,True,0.9333551223687794,0.5139598340852979,5.125527769465387
A3,13,learned_policy_noise,1,other_take,False,nan,0.6442402249555521,5.797111467079725
A3,13,learned_policy_wm,1,other_take,True,0.26667289210536554,0.3885561121972102,12.339034262692028
A3,13,human_path,1,other_take,True,1.1333597914478035,0.4899365989325363,19.502096545576503
A3,15,reactive,1,other_take,True,-0.33334111513170694,0.9533498270964071,60.726389433621335
A3,15,world_model_target,1,other_take,True,0.5000116726975604,1.6097388952397287,35.96552737747453
A3,15,learned_policy,1,other_take,True,0.3666752266448776,0.7192000352886387,8.344552193210824
A3,15,learned_policy_noise,1,other_take,True,0.4666775611843897,0.693968528079126,9.643167537116353
A3,15,learned_policy_wm,1,other_take,True,0.16667055756585347,0.7097205974815625,9.395987966222885
A3,15,human_path,1,other_take,True,0.03333411151317069,0.7337557958275441,23.34967811281619
A3,17,reactive,1,other_take,False,nan,1.0146834158828455,35.92296020807185
A3,17,world_model_target,1,other_take,True,0.10000233453951207,0.4599455220573425,30.785773072244517
A3,17,learned_policy,1,other_take,True,0.4000093381580483,0.456888383613895,17.584152411439455
A3,17,learned_policy_noise,1,other_take,True,0.3000070036185362,0.44705155094222093,19.286758469110513
A3,17,learned_policy_wm,1,other_take,True,0.7333504532897552,0.5763265453898984,7.506024372950434
A3,17,human_path,1,other_take,True,0.13333644605268277,0.40160585033074603,11.650308427926728
A3,19,reactive,1,other_take,True,-0.3000070036185362,0.9735715710292343,59.43025963842683
A3,19,world_model_target,1,other_take,True,0.16667055756585347,1.1271615406676132,48.51137491780682
A3,19,learned_policy,1,other_take,False,nan,0.9491735788253628,10.074084124876302
A3,19,learned_policy_noise,1,other_take,True,0.3666752266448776,0.884356641596312,10.409905189954376
A3,19,learned_policy_wm,1,other_take,True,0.5333457842107311,0.9307193865559772,9.38761903523337
A3,19,human_path,1,other_take,True,0.10000233453951207,0.9196596496210954,23.04212346529703
B3,1,reactive,1,other_take,True,-0.8333522276385897,0.14070934890025455,44.30424793052641
B3,1,world_model_target,1,other_take,True,0.0,0.44607615356841923,50.00485937350621
B3,1,learned_policy,1,other_take,False,nan,0.4102667197141942,6.394472830380639
B3,1,learned_policy_noise,1,other_take,False,nan,0.3789400300499486,6.327487342114813
B3,1,learned_policy_wm,1,other_take,False,nan,0.37309236386157235,4.011089544519362
B3,1,human_path,1,other_take,True,-0.4000090692665231,0.1448123745888289,24.458995867750797
B3,3,reactive,1,other_take,True,0.3333408910554359,0.5971101690275268,44.480369595132764
B3,3,world_model_target,1,other_take,True,0.0,0.2741727484954471,29.767473717977726
B3,3,learned_policy,1,other_take,False,nan,0.7859620435396893,22.704465998398664
B3,3,learned_policy_noise,1,other_take,False,nan,0.8211822665112585,26.573301648445206
B3,3,learned_policy_wm,1,other_take,False,nan,0.6348188067233553,6.233340662012331
B3,3,human_path,1,other_take,False,nan,0.4290139681734673,22.387585600217186
B3,5,reactive,1,other_take,True,0.43334315837206666,1.7456810208764884,33.345017154175
B3,5,world_model_target,1,other_take,True,0.13333635642217437,1.2100393405516172,29.223755128852833
B3,5,learned_policy,1,other_take,False,nan,1.31942248040808,15.051852425169928
B3,5,learned_policy_noise,1,other_take,True,0.6666817821108718,0.8125424253393295,20.81846710430788
B3,5,learned_policy_wm,1,other_take,False,nan,1.0776099070477594,16.829212585375387
B3,5,human_path,1,other_take,True,-0.06666817821108718,1.0668171327250255,24.296110153602488
B3,7,reactive,1,other_take,True,-0.5000113365831539,0.21794581682925043,34.021673879802705
B3,7,world_model_target,1,other_take,True,-0.26667271284434874,0.2340648788785771,29.17302078129528
B3,7,learned_policy,1,other_take,True,0.733349960321959,0.46910156408588083,6.968066002789207
B3,7,learned_policy_noise,1,other_take,False,nan,0.5029287761846682,5.298483741254761
B3,7,learned_policy_wm,1,other_take,False,nan,0.4994876879500716,2.9825784950601473
B3,7,human_path,1,other_take,True,-0.16667044552771795,0.17630168763823234,20.182534201059738
B3,9,reactive,1,other_take,False,nan,1.812593549364047,26.65558157191249
B3,9,world_model_target,1,other_take,True,0.26667271284434874,0.6902102400433029,19.126113830905847
B3,9,learned_policy,1,other_take,False,nan,1.002728819187922,14.034873672169166
B3,9,learned_policy_noise,1,other_take,False,nan,1.068717355159193,11.030789547200849
B3,9,learned_policy_wm,1,other_take,False,nan,1.040055852217416,11.008678438092655
B3,9,human_path,1,other_take,True,0.23333862373880512,0.7256617861272183,6.664908928622086
B3,11,reactive,1,other_take,False,nan,1.1458586614874797,30.552299213289345
B3,11,world_model_target,1,other_take,True,0.6000136038997846,0.7254444494238274,31.951986162090144
B3,11,learned_policy,1,other_take,False,nan,0.6507807719947609,6.354034482178482
B3,11,learned_policy_noise,1,other_take,False,nan,0.6982949604974288,7.100507025210557
B3,11,learned_policy_wm,1,other_take,False,nan,0.6645565924181512,6.529132784512611
B3,11,human_path,1,other_take,True,-0.16667044552771795,0.3084802750942773,28.19096878864971
B3,13,reactive,1,other_take,True,-0.23333862373880512,0.40241621527918914,36.26097893524852
B3,13,world_model_target,1,other_take,True,0.5333454256886975,0.5029518030388263,33.57655491960707
B3,13,learned_policy,1,other_take,False,nan,0.5703602854367426,7.0088452404837325
B3,13,learned_policy_noise,1,other_take,False,nan,0.5719849300748673,6.403948596460291
B3,13,learned_policy_wm,1,other_take,False,nan,0.5879009874117417,3.920944338834515
B3,13,human_path,1,other_take,True,-0.06666817821108718,0.3369954298238684,15.106372698855228
B3,15,reactive,1,other_take,True,-0.3666749801609795,0.9856156317236084,61.92037477408884
B3,15,world_model_target,1,other_take,True,0.3000068019498923,1.1408341717562518,40.336758111882425
B3,15,learned_policy,1,other_take,False,nan,0.6831107097697744,4.359878739963528
B3,15,learned_policy_noise,1,other_take,True,0.7666840494275026,0.8218668940105192,10.558002973849447
B3,15,learned_policy_wm,1,other_take,True,0.9000204058496769,0.806514565201857,3.8978591922645873
B3,15,human_path,1,other_take,True,-0.06666817821108718,0.6163351919310521,16.449971050530927
B3,17,reactive,1,other_take,True,0.8666863167441333,1.276076591927667,33.07043394531665
B3,17,world_model_target,1,other_take,True,0.5333454256886975,0.9100271468295644,31.271902939818776
B3,17,learned_policy,1,other_take,True,0.8000181385330462,0.7207150827865847,9.752175600044898
B3,17,learned_policy_noise,1,other_take,True,0.10000226731663077,0.5661176741396954,19.247054055673782
B3,17,learned_policy_wm,1,other_take,False,nan,0.7899567793933325,7.608454549211776
B3,17,human_path,1,other_take,True,0.03333408910554359,0.421942110039023,15.693938278299445
B3,19,reactive,1,other_take,True,-0.6333476930053282,0.7027762210963946,45.87037598105942
B3,19,world_model_target,1,other_take,True,0.3333408910554359,1.1593839660596157,36.66330229073554
B3,19,learned_policy,1,other_take,True,0.8666863167441333,0.8935317257441818,18.894761540000275
B3,19,learned_policy_noise,1,other_take,True,0.8333522276385897,0.9107798660057135,16.75834343633193
B3,19,learned_policy_wm,1,other_take,False,nan,1.2236143223899818,23.066433019774774
B3,19,human_path,1,other_take,True,0.06666817821108718,0.6762627739567892,26.125738816550097
A3,1,reactive,2,other_take,True,0.5000116726975604,0.6093323075482946,32.97050964201478
A3,1,world_model_target,2,other_take,True,0.3000070036185362,0.34906190168127094,36.3155760645333
A3,1,learned_policy,2,other_take,False,nan,0.46732578076019377,7.495682762455685
A3,1,learned_policy_noise,2,other_take,False,nan,0.5709627009704329,10.480687232252228
A3,1,learned_policy_wm,2,other_take,False,nan,0.33832830509692974,4.484840266837765
A3,1,human_path,2,other_take,True,-0.10000233453951207,0.13687736524323874,22.593824432182334
A3,3,reactive,2,other_take,True,0.5000116726975604,0.6445997689642698,35.256214701087615
A3,3,world_model_target,2,other_take,True,0.03333411151317069,0.21759391125602603,24.627507290465676
A3,3,learned_policy,2,other_take,False,nan,0.5870192859350646,12.581565145567579
A3,3,learned_policy_noise,2,other_take,False,nan,0.6625588334537802,23.568050936577084
A3,3,learned_policy_wm,2,other_take,False,nan,0.405798304583485,7.520306028773783
A3,3,human_path,2,other_take,True,0.10000233453951207,0.2323059022678971,11.215546089589113
A3,5,reactive,2,other_take,False,nan,1.4272724733318478,28.22225309339637
A3,5,world_model_target,2,other_take,True,0.5000116726975604,0.6374972491890899,19.4898666453434
A3,5,learned_policy,2,other_take,False,nan,1.0446056392204386,11.885093365640897
A3,5,learned_policy_noise,2,other_take,False,nan,1.0369237141553442,153.79443048063402
A3,5,learned_policy_wm,2,other_take,False,nan,0.9359899512030819,13.011598618339297
A3,5,human_path,2,other_take,False,nan,0.9363090682171554,7.991518500207157
A3,7,reactive,2,other_take,True,0.7333504532897552,0.7957696810503485,33.74473789073864
A3,7,world_model_target,2,other_take,True,0.23333878059219484,0.4327509548759966,33.52409831400628
A3,7,learned_policy,2,other_take,False,nan,0.46664203660136816,6.583413098213382
A3,7,learned_policy_noise,2,other_take,False,nan,0.5035448606571118,9.43993233851708
A3,7,learned_policy_wm,2,other_take,False,nan,0.3523643902722788,3.2636131239897135
A3,7,human_path,2,other_take,True,-0.03333411151317069,0.2325445404804639,20.52447830059086
A3,9,reactive,2,other_take,False,nan,1.4593557305769784,24.55153234283196
A3,9,world_model_target,2,other_take,True,0.23333878059219484,0.6173285859877411,18.489032650446415
A3,9,learned_policy,2,other_take,False,nan,1.1471413892358422,19.512130046146975
A3,9,learned_policy_noise,2,other_take,False,nan,1.1353709768887998,111.37149568190485
A3,9,learned_policy_wm,2,other_take,False,nan,1.0380193326925957,9.93935598371003
A3,9,human_path,2,other_take,True,0.433343449671219,0.6518627209241685,7.5148393761427
A3,11,reactive,2,other_take,False,nan,1.1017835647694447,27.63672161231725
A3,11,world_model_target,2,other_take,True,0.13333644605268277,0.627975293080649,37.39279714380619
A3,11,learned_policy,2,other_take,False,nan,0.8458324491321445,9.68493269842154
A3,11,learned_policy_noise,2,other_take,False,nan,0.9885286531316921,54.148574879605015
A3,11,learned_policy_wm,2,other_take,False,nan,0.6917886285512957,4.856555847108835
A3,11,human_path,2,other_take,True,0.03333411151317069,0.3133939871022094,7.073230281649092
A3,13,reactive,2,other_take,True,-0.23333878059219484,0.39192290385489614,32.05265062526619
A3,13,world_model_target,2,other_take,True,0.433343449671219,0.9912728185410309,49.54346885374622
A3,13,learned_policy,2,other_take,False,nan,0.6078912522519593,9.903066216865973
A3,13,learned_policy_noise,2,other_take,False,nan,0.5622603006551484,6.459088964229084
A3,13,learned_policy_wm,2,other_take,True,0.4666775611843897,0.38244229370633154,13.290748357156291
A3,13,human_path,2,other_take,True,1.1333597914478035,0.4899365989325363,19.502096545576503
A3,15,reactive,2,other_take,True,-0.33334111513170694,0.9533498270964071,60.726389433621335
A3,15,world_model_target,2,other_take,True,-0.33334111513170694,0.774233527234562,33.39486602482666
A3,15,learned_policy,2,other_take,False,nan,0.8680984828343361,15.22628780050661
A3,15,learned_policy_noise,2,other_take,False,nan,0.7362494900309761,7.040371252289869
A3,15,learned_policy_wm,2,other_take,False,nan,0.7121539638124617,20.557252860884645
A3,15,human_path,2,other_take,True,0.03333411151317069,0.7337557958275441,23.34967811281619
A3,17,reactive,2,other_take,False,nan,1.0146834158828455,35.92296020807185
A3,17,world_model_target,2,other_take,True,0.03333411151317069,0.4201045010887602,30.81153456609834
A3,17,learned_policy,2,other_take,False,nan,0.7282215244526734,20.834385284214623
A3,17,learned_policy_noise,2,other_take,False,nan,0.6484523381185554,8.869592059612806
A3,17,learned_policy_wm,2,other_take,True,0.3000070036185362,0.44066694395944356,21.08010207116883
A3,17,human_path,2,other_take,True,0.13333644605268277,0.40160585033074603,11.650308427926728
A3,19,reactive,2,other_take,True,-0.3000070036185362,0.9735715710292343,59.43025963842683
A3,19,world_model_target,2,other_take,True,0.03333411151317069,1.0997886817421172,42.45853697606371
A3,19,learned_policy,2,other_take,True,0.96668923388195,0.9104958116408309,12.116552672372586
A3,19,learned_policy_noise,2,other_take,False,nan,1.159764368008832,12.066797470399468
A3,19,learned_policy_wm,2,other_take,True,0.6000140072370724,0.886327342435179,7.909843708426935
A3,19,human_path,2,other_take,True,0.10000233453951207,0.9196596496210954,23.04212346529703
B3,1,reactive,2,other_take,True,-0.8333522276385897,0.14070934890025455,44.30424793052641
B3,1,world_model_target,2,other_take,True,0.16667044552771795,0.5184895563362799,30.24543137913091
B3,1,learned_policy,2,other_take,False,nan,0.3120433308868597,8.858964542401196
B3,1,learned_policy_noise,2,other_take,False,nan,0.3485001372907904,5.893419611682783
B3,1,learned_policy_wm,2,other_take,False,nan,0.4170376271165491,4.597191934371238
B3,1,human_path,2,other_take,True,-0.4000090692665231,0.1448123745888289,24.458995867750797
B3,3,reactive,2,other_take,True,0.3333408910554359,0.5971101690275268,44.480369595132764
B3,3,world_model_target,2,other_take,True,-0.03333408910554359,0.26184936100045597,26.27583092783442
B3,3,learned_policy,2,other_take,False,nan,0.8820000032729693,23.824580631786752
B3,3,learned_policy_noise,2,other_take,False,nan,0.8355655915456777,59.72476656832009
B3,3,learned_policy_wm,2,other_take,False,nan,0.5126744764611971,6.631560693797184
B3,3,human_path,2,other_take,False,nan,0.4290139681734673,22.387585600217186
B3,5,reactive,2,other_take,True,0.43334315837206666,1.7456810208764884,33.345017154175
B3,5,world_model_target,2,other_take,False,nan,1.6801033337998301,39.46319095576724
B3,5,learned_policy,2,other_take,False,nan,1.222147247870586,16.09182393772587
B3,5,learned_policy_noise,2,other_take,True,0.6000136038997846,1.0450390516121613,76.04835134603901
B3,5,learned_policy_wm,2,other_take,False,nan,0.9304041858621408,15.35277984079267
B3,5,human_path,2,other_take,True,-0.06666817821108718,1.0668171327250255,24.296110153602488
B3,7,reactive,2,other_take,True,-0.5000113365831539,0.21794581682925043,34.021673879802705
B3,7,world_model_target,2,other_take,True,-0.26667271284434874,0.3169154204624679,39.03718600406089
B3,7,learned_policy,2,other_take,False,nan,0.40992344292784577,6.386454756294598
B3,7,learned_policy_noise,2,other_take,False,nan,0.4800369092267887,7.432794890552249
B3,7,learned_policy_wm,2,other_take,False,nan,0.4011281950856761,3.504401811869452
B3,7,human_path,2,other_take,True,-0.16667044552771795,0.17630168763823234,20.182534201059738
B3,9,reactive,2,other_take,False,nan,1.812593549364047,26.65558157191249
B3,9,world_model_target,2,other_take,True,0.26667271284434874,0.6761155706893703,18.87613237423519
B3,9,learned_policy,2,other_take,True,0.5333454256886975,0.9106655180797221,12.496914954287478
B3,9,learned_policy_noise,2,other_take,False,nan,1.2268504658710402,126.06544036982841
B3,9,learned_policy_wm,2,other_take,False,nan,1.0632481797803996,26.46392824243286
B3,9,human_path,2,other_take,True,0.23333862373880512,0.7256617861272183,6.664908928622086
B3,11,reactive,2,other_take,False,nan,1.1458586614874797,30.552299213289345
B3,11,world_model_target,2,other_take,False,nan,1.0118576976959401,29.713018980441223
B3,11,learned_policy,2,other_take,False,nan,0.6959000289167258,7.777842682757089
B3,11,learned_policy_noise,2,other_take,False,nan,0.8433295694033868,64.73856357268227
B3,11,learned_policy_wm,2,other_take,False,nan,0.6885753704289852,6.515074591395558
B3,11,human_path,2,other_take,True,-0.16667044552771795,0.3084802750942773,28.19096878864971
B3,13,reactive,2,other_take,True,-0.23333862373880512,0.40241621527918914,36.26097893524852
B3,13,world_model_target,2,other_take,False,nan,1.2178770168706363,39.026244656684135
B3,13,learned_policy,2,other_take,False,nan,0.5653159510527094,7.535596734788238
B3,13,learned_policy_noise,2,other_take,False,nan,0.5035962930066752,10.032436572958348
B3,13,learned_policy_wm,2,other_take,False,nan,0.4857015245761508,4.115009358428432
B3,13,human_path,2,other_take,True,-0.06666817821108718,0.3369954298238684,15.106372698855228
B3,15,reactive,2,other_take,True,-0.3666749801609795,0.9856156317236084,61.92037477408884
B3,15,world_model_target,2,other_take,True,0.13333635642217437,1.5952352251175368,59.54662690265685
B3,15,learned_policy,2,other_take,False,nan,0.776677531688479,6.590788552765776
B3,15,learned_policy_noise,2,other_take,False,nan,0.7669285692916332,14.257879787396401
B3,15,learned_policy_wm,2,other_take,False,nan,0.7242228995809465,3.790982849150272
B3,15,human_path,2,other_take,True,-0.06666817821108718,0.6163351919310521,16.449971050530927
B3,17,reactive,2,other_take,True,0.8666863167441333,1.276076591927667,33.07043394531665
B3,17,world_model_target,2,other_take,True,0.26667271284434874,0.8744342112725831,35.54732518819783
B3,17,learned_policy,2,other_take,False,nan,0.906940953863351,12.084536734793492
B3,17,learned_policy_noise,2,other_take,False,nan,0.9034824523390143,24.94117966019842
B3,17,learned_policy_wm,2,other_take,False,nan,0.6892160649653464,6.297908183331595
B3,17,human_path,2,other_take,True,0.03333408910554359,0.421942110039023,15.693938278299445
B3,19,reactive,2,other_take,True,-0.6333476930053282,0.7027762210963946,45.87037598105942
B3,19,world_model_target,2,other_take,True,0.10000226731663077,1.4518633767767146,45.957571946886056
B3,19,learned_policy,2,other_take,False,nan,1.337774115049841,15.84133653611258
B3,19,learned_policy_noise,2,other_take,False,nan,1.282691347566471,41.269695013824396
B3,19,learned_policy_wm,2,other_take,False,nan,0.8785258975157492,19.819368188346477
B3,19,human_path,2,other_take,True,0.06666817821108718,0.6762627739567892,26.125738816550097
A3,1,reactive,3,other_take,True,0.5000116726975604,0.6093323075482946,32.97050964201478
A3,1,world_model_target,3,other_take,True,-0.03333411151317069,0.17786943883483267,23.176219107788057
A3,1,learned_policy,3,other_take,False,nan,0.3521768622185195,4.3706369530162625
A3,1,learned_policy_noise,3,other_take,False,nan,0.3802393909141392,5.912923962340816
A3,1,learned_policy_wm,3,other_take,False,nan,0.3838034257593875,4.659205957635942
A3,1,human_path,3,other_take,True,-0.10000233453951207,0.13687736524323874,22.593824432182334
A3,3,reactive,3,other_take,True,0.5000116726975604,0.6445997689642698,35.256214701087615
A3,3,world_model_target,3,other_take,True,0.06666822302634139,0.23232124828145223,24.942720879991693
A3,3,learned_policy,3,other_take,False,nan,0.4337450991075487,7.493213472459757
A3,3,learned_policy_noise,3,other_take,False,nan,0.5078322231750384,10.840064516243924
A3,3,learned_policy_wm,3,other_take,False,nan,0.49709755558341,8.224990891153022
A3,3,human_path,3,other_take,True,0.10000233453951207,0.2323059022678971,11.215546089589113
A3,5,reactive,3,other_take,False,nan,1.4272724733318478,28.22225309339637
A3,5,world_model_target,3,other_take,True,0.5333457842107311,0.6521824848301033,19.28028060541178
A3,5,learned_policy,3,other_take,False,nan,0.847611606481653,17.10722249952346
A3,5,learned_policy_noise,3,other_take,False,nan,0.9330190426830789,30.393422045755347
A3,5,learned_policy_wm,3,other_take,False,nan,1.0089399061546642,7.595725915937535
A3,5,human_path,3,other_take,False,nan,0.9363090682171554,7.991518500207157
A3,7,reactive,3,other_take,True,0.7333504532897552,0.7957696810503485,33.74473789073864
A3,7,world_model_target,3,other_take,True,-0.03333411151317069,0.2548686267571427,29.674113557449104
A3,7,learned_policy,3,other_take,True,0.6000140072370724,0.3171739331326382,10.257241455645037
A3,7,learned_policy_noise,3,other_take,False,nan,0.4051992356893762,4.270418297409214
A3,7,learned_policy_wm,3,other_take,False,nan,0.4039077643145353,4.38985233699498
A3,7,human_path,3,other_take,True,-0.03333411151317069,0.2325445404804639,20.52447830059086
A3,9,reactive,3,other_take,False,nan,1.4593557305769784,24.55153234283196
A3,9,world_model_target,3,other_take,True,0.20000466907902414,0.5997257378432514,18.523415389363112
A3,9,learned_policy,3,other_take,False,nan,0.8597635483887157,14.819270818148363
A3,9,learned_policy_noise,3,other_take,True,0.3000070036185362,0.7093060116463695,7.028094159676956
A3,9,learned_policy_wm,3,other_take,False,nan,1.0618804834451425,10.56331461385951
A3,9,human_path,3,other_take,True,0.433343449671219,0.6518627209241685,7.5148393761427
A3,11,reactive,3,other_take,False,nan,1.1017835647694447,27.63672161231725
A3,11,world_model_target,3,other_take,True,0.13333644605268277,0.5024316406210911,27.981242523778448
A3,11,learned_policy,3,other_take,False,nan,0.5326013891006087,4.442747793279778
A3,11,learned_policy_noise,3,other_take,False,nan,0.6163298851862926,6.879457722076001
A3,11,learned_policy_wm,3,other_take,False,nan,0.866139366216322,7.2590086570447045
A3,11,human_path,3,other_take,True,0.03333411151317069,0.3133939871022094,7.073230281649092
A3,13,reactive,3,other_take,True,-0.23333878059219484,0.39192290385489614,32.05265062526619
A3,13,world_model_target,3,other_take,True,0.10000233453951207,0.4898638777686174,35.61545166863205
A3,13,learned_policy,3,other_take,False,nan,0.3988663942824745,4.396770045456259
A3,13,learned_policy_noise,3,other_take,False,nan,0.521935836632928,5.7059451852980505
A3,13,learned_policy_wm,3,other_take,False,nan,0.6636477589081576,4.283210102008632
A3,13,human_path,3,other_take,True,1.1333597914478035,0.4899365989325363,19.502096545576503
A3,15,reactive,3,other_take,True,-0.33334111513170694,0.9533498270964071,60.726389433621335
A3,15,world_model_target,3,other_take,True,0.4000093381580483,1.3235321723668045,35.15983041855168
A3,15,learned_policy,3,other_take,False,nan,0.6461500529153263,4.384263872732447
A3,15,learned_policy_noise,3,other_take,False,nan,0.7630326615474924,5.384564025788753
A3,15,learned_policy_wm,3,other_take,False,nan,1.0801188759155629,19.03630235700135
A3,15,human_path,3,other_take,True,0.03333411151317069,0.7337557958275441,23.34967811281619
A3,17,reactive,3,other_take,False,nan,1.0146834158828455,35.92296020807185
A3,17,world_model_target,3,other_take,True,0.03333411151317069,0.428721140142393,32.65106268009165
A3,17,learned_policy,3,other_take,True,0.433343449671219,0.4608621783612799,16.834872503186347
A3,17,learned_policy_noise,3,other_take,True,0.13333644605268277,0.46802660650857475,25.442037604110382
A3,17,learned_policy_wm,3,other_take,True,0.6666822302634139,0.5803902350941593,18.35635631968267
A3,17,human_path,3,other_take,True,0.13333644605268277,0.40160585033074603,11.650308427926728
A3,19,reactive,3,other_take,True,-0.3000070036185362,0.9735715710292343,59.43025963842683
A3,19,world_model_target,3,other_take,True,0.23333878059219484,1.162434420284185,49.48302355173301
A3,19,learned_policy,3,other_take,False,nan,0.9059712427826192,9.995622522394063
A3,19,learned_policy_noise,3,other_take,False,nan,0.9485544695881466,8.930716894390565
A3,19,learned_policy_wm,3,other_take,False,nan,1.0056537724225585,6.866297083945997
A3,19,human_path,3,other_take,True,0.10000233453951207,0.9196596496210954,23.04212346529703
B3,1,reactive,3,other_take,True,-0.8333522276385897,0.14070934890025455,44.30424793052641
B3,1,world_model_target,3,other_take,True,0.0,0.4925734905441835,48.35977428873271
B3,1,learned_policy,3,other_take,False,nan,0.32916837909914765,4.230497603648444
B3,1,learned_policy_noise,3,other_take,False,nan,0.3847117670366686,4.713025627026108
B3,1,learned_policy_wm,3,other_take,False,nan,0.4026374682494094,5.107494782360642
B3,1,human_path,3,other_take,True,-0.4000090692665231,0.1448123745888289,24.458995867750797
B3,3,reactive,3,other_take,True,0.3333408910554359,0.5971101690275268,44.480369595132764
B3,3,world_model_target,3,other_take,True,0.0,0.276326682581518,27.261975803254106
B3,3,learned_policy,3,other_take,False,nan,0.6291088624673375,6.241658595649317
B3,3,learned_policy_noise,3,other_take,False,nan,0.7158566823706791,7.544106516298288
B3,3,learned_policy_wm,3,other_take,False,nan,0.7614048538097192,6.8884678407618205
B3,3,human_path,3,other_take,False,nan,0.4290139681734673,22.387585600217186
B3,5,reactive,3,other_take,True,0.43334315837206666,1.7456810208764884,33.345017154175
B3,5,world_model_target,3,other_take,True,0.6666817821108718,1.4985682806624023,28.79708845790135
B3,5,learned_policy,3,other_take,False,nan,0.8441960883880452,4.566699386408843
B3,5,learned_policy_noise,3,other_take,False,nan,1.0277987229268755,15.96287419408021
B3,5,learned_policy_wm,3,other_take,False,nan,1.3746023293241079,36.650650259497944
B3,5,human_path,3,other_take,True,-0.06666817821108718,1.0668171327250255,24.296110153602488
B3,7,reactive,3,other_take,True,-0.5000113365831539,0.21794581682925043,34.021673879802705
B3,7,world_model_target,3,other_take,True,-0.23333862373880512,0.23638394610259408,28.82358201926555
B3,7,learned_policy,3,other_take,False,nan,0.3840448009681037,3.525702381857615
B3,7,learned_policy_noise,3,other_take,False,nan,0.443027897144177,4.313872138794079
B3,7,learned_policy_wm,3,other_take,False,nan,0.45760011362007846,4.34007256245207
B3,7,human_path,3,other_take,True,-0.16667044552771795,0.17630168763823234,20.182534201059738
B3,9,reactive,3,other_take,False,nan,1.812593549364047,26.65558157191249
B3,9,world_model_target,3,other_take,False,nan,1.130022931023467,20.623031992517433
B3,9,learned_policy,3,other_take,False,nan,0.9680882894310625,9.942487904892067
B3,9,learned_policy_noise,3,other_take,False,nan,0.9731594817006942,29.98067618173176
B3,9,learned_policy_wm,3,other_take,False,nan,1.1999622158604148,7.924419325836384
B3,9,human_path,3,other_take,True,0.23333862373880512,0.7256617861272183,6.664908928622086
B3,11,reactive,3,other_take,False,nan,1.1458586614874797,30.552299213289345
B3,11,world_model_target,3,other_take,False,nan,0.8329112750031006,29.209566304222303
B3,11,learned_policy,3,other_take,False,nan,0.5739972694413175,5.171650405882173
B3,11,learned_policy_noise,3,other_take,False,nan,0.6653358575607008,6.637543406110603
B3,11,learned_policy_wm,3,other_take,False,nan,0.8240858592711983,16.96009376492449
B3,11,human_path,3,other_take,True,-0.16667044552771795,0.3084802750942773,28.19096878864971
B3,13,reactive,3,other_take,True,-0.23333862373880512,0.40241621527918914,36.26097893524852
B3,13,world_model_target,3,other_take,True,-0.03333408910554359,0.4172440150797675,40.7043139131523
B3,13,learned_policy,3,other_take,False,nan,0.4521175799401929,4.393179627478697
B3,13,learned_policy_noise,3,other_take,False,nan,0.5180759296923696,4.301938467389454
B3,13,learned_policy_wm,3,other_take,False,nan,0.5821243026456999,5.6146411595462435
B3,13,human_path,3,other_take,True,-0.06666817821108718,0.3369954298238684,15.106372698855228
B3,15,reactive,3,other_take,True,-0.3666749801609795,0.9856156317236084,61.92037477408884
B3,15,world_model_target,3,other_take,True,0.3333408910554359,1.1687702710661616,39.49795990823929
B3,15,learned_policy,3,other_take,False,nan,0.6206281737133292,4.239308289837732
B3,15,learned_policy_noise,3,other_take,False,nan,0.9227875146448385,4.922794133006306
B3,15,learned_policy_wm,3,other_take,True,0.9000204058496769,0.8758724178664998,4.703736458703664
B3,15,human_path,3,other_take,True,-0.06666817821108718,0.6163351919310521,16.449971050530927
B3,17,reactive,3,other_take,True,0.8666863167441333,1.276076591927667,33.07043394531665
B3,17,world_model_target,3,other_take,True,0.3000068019498923,0.7715172680472533,33.6504183062691
B3,17,learned_policy,3,other_take,False,nan,0.6371991256250984,5.937902804402203
B3,17,learned_policy_noise,3,other_take,False,nan,0.7769485937126528,9.733370652408633
B3,17,learned_policy_wm,3,other_take,False,nan,0.9390724738300266,11.596647876647843
B3,17,human_path,3,other_take,True,0.03333408910554359,0.421942110039023,15.693938278299445
B3,19,reactive,3,other_take,True,-0.6333476930053282,0.7027762210963946,45.87037598105942
B3,19,world_model_target,3,other_take,True,0.43334315837206666,1.2603027077986027,34.68407771631024
B3,19,learned_policy,3,other_take,True,2.3667203264935948,0.8623001419106293,6.336427002365741
B3,19,learned_policy_noise,3,other_take,False,nan,1.1479334604584328,24.236198693607758
B3,19,learned_policy_wm,3,other_take,False,nan,1.5529126312413593,26.3334336892595
B3,19,human_path,3,other_take,True,0.06666817821108718,0.6762627739567892,26.125738816550097
A3,1,reactive,4,other_take,True,0.5000116726975604,0.6093323075482946,32.97050964201478
A3,1,world_model_target,4,other_take,True,0.10000233453951207,0.23954226139716178,27.65543323276621
A3,1,learned_policy,4,other_take,False,nan,0.35429100326856583,4.451177944634792
A3,1,learned_policy_noise,4,other_take,False,nan,0.4421040173055705,5.538823265597265
A3,1,learned_policy_wm,4,other_take,False,nan,0.48650848334416447,6.649689631807447
A3,1,human_path,4,other_take,True,-0.10000233453951207,0.13687736524323874,22.593824432182334
A3,3,reactive,4,other_take,True,0.5000116726975604,0.6445997689642698,35.256214701087615
A3,3,world_model_target,4,other_take,True,0.06666822302634139,0.23429057219546648,24.326599318944652
A3,3,learned_policy,4,other_take,False,nan,0.3745593155314349,7.598660968857071
A3,3,learned_policy_noise,4,other_take,False,nan,0.526252260067312,9.140535787433544
A3,3,learned_policy_wm,4,other_take,False,nan,0.5635867036159377,15.328720368896048
A3,3,human_path,4,other_take,True,0.10000233453951207,0.2323059022678971,11.215546089589113
A3,5,reactive,4,other_take,False,nan,1.4272724733318478,28.22225309339637
A3,5,world_model_target,4,other_take,True,0.5000116726975604,0.6847756413086493,19.340259886523302
A3,5,learned_policy,4,other_take,False,nan,0.7896929400531456,7.145443558750719
A3,5,learned_policy_noise,4,other_take,False,nan,0.9151017872259218,12.956837745441918
A3,5,learned_policy_wm,4,other_take,False,nan,1.0332667171896717,14.890364561220878
A3,5,human_path,4,other_take,False,nan,0.9363090682171554,7.991518500207157
A3,7,reactive,4,other_take,True,0.7333504532897552,0.7957696810503485,33.74473789073864
A3,7,world_model_target,4,other_take,True,-0.03333411151317069,0.25715620612930234,30.617777163537852
A3,7,learned_policy,4,other_take,False,nan,0.37900490619198757,4.074171810005365
A3,7,learned_policy_noise,4,other_take,False,nan,0.4596549258157887,4.5259701595259685
A3,7,learned_policy_wm,4,other_take,False,nan,0.4331524348220776,7.120131419538566
A3,7,human_path,4,other_take,True,-0.03333411151317069,0.2325445404804639,20.52447830059086
A3,9,reactive,4,other_take,False,nan,1.4593557305769784,24.55153234283196
A3,9,world_model_target,4,other_take,True,0.20000466907902414,0.6057526216891755,18.643989403012135
A3,9,learned_policy,4,other_take,False,nan,0.9116631423364429,14.889481436614314
A3,9,learned_policy_noise,4,other_take,True,0.26667289210536554,0.6939053011589927,7.428216470808748
A3,9,learned_policy_wm,4,other_take,False,nan,1.091358498882902,13.921636395339677
A3,9,human_path,4,other_take,True,0.433343449671219,0.6518627209241685,7.5148393761427
A3,11,reactive,4,other_take,False,nan,1.1017835647694447,27.63672161231725
A3,11,world_model_target,4,other_take,True,0.23333878059219484,0.5383923805666371,26.766145059198845
A3,11,learned_policy,4,other_take,True,0.433343449671219,0.5161076576960688,13.182387211140844
A3,11,learned_policy_noise,4,other_take,False,nan,0.6911666405651967,5.953120922073405
A3,11,learned_policy_wm,4,other_take,False,nan,0.7639572154314603,10.727846296490382
A3,11,human_path,4,other_take,True,0.03333411151317069,0.3133939871022094,7.073230281649092
A3,13,reactive,4,other_take,True,-0.23333878059219484,0.39192290385489614,32.05265062526619
A3,13,world_model_target,4,other_take,True,0.06666822302634139,0.4509724324088589,34.85155736215133
A3,13,learned_policy,4,other_take,True,1.0666915684214622,0.5170472712658734,6.209714243061977
A3,13,learned_policy_noise,4,other_take,False,nan,0.7206843809654853,4.712892381268463
A3,13,learned_policy_wm,4,other_take,False,nan,0.6813013901449844,6.765404526601755
A3,13,human_path,4,other_take,True,1.1333597914478035,0.4899365989325363,19.502096545576503
A3,15,reactive,4,other_take,True,-0.33334111513170694,0.9533498270964071,60.726389433621335
A3,15,world_model_target,4,other_take,True,0.3000070036185362,1.3632024480789127,36.63819883411714
A3,15,learned_policy,4,other_take,True,0.96668923388195,0.7596628946466821,4.551851790696667
A3,15,learned_policy_noise,4,other_take,False,nan,0.8391573965087119,4.982474107876471
A3,15,learned_policy_wm,4,other_take,False,nan,0.9864928648898024,5.393426901198992
A3,15,human_path,4,other_take,True,0.03333411151317069,0.7337557958275441,23.34967811281619
A3,17,reactive,4,other_take,False,nan,1.0146834158828455,35.92296020807185
A3,17,world_model_target,4,other_take,True,0.06666822302634139,0.43030415725098037,32.02410690535535
A3,17,learned_policy,4,other_take,True,0.3000070036185362,0.40996162214913673,18.291551840560494
A3,17,learned_policy_noise,4,other_take,True,0.13333644605268277,0.4639950354743109,29.659362719087003
A3,17,learned_policy_wm,4,other_take,False,nan,0.625895325947838,8.014534687002977
A3,17,human_path,4,other_take,True,0.13333644605268277,0.40160585033074603,11.650308427926728
A3,19,reactive,4,other_take,True,-0.3000070036185362,0.9735715710292343,59.43025963842683
A3,19,world_model_target,4,other_take,True,0.20000466907902414,1.13912839157299,41.57296890381956
A3,19,learned_policy,4,other_take,True,1.0000233453951208,0.9251875126578936,32.46924837515557
A3,19,learned_policy_noise,4,other_take,True,0.3000070036185362,0.8738425685115966,9.206045929386002
A3,19,learned_policy_wm,4,other_take,True,0.8333527878292672,1.0769965811471698,8.980883142502583
A3,19,human_path,4,other_take,True,0.10000233453951207,0.9196596496210954,23.04212346529703
B3,1,reactive,4,other_take,True,-0.8333522276385897,0.14070934890025455,44.30424793052641
B3,1,world_model_target,4,other_take,True,0.06666817821108718,0.5077668408983554,49.57556413419159
B3,1,learned_policy,4,other_take,False,nan,0.3886769672186029,4.839598042118662
B3,1,learned_policy_noise,4,other_take,False,nan,0.4431066084679023,5.416373473215969
B3,1,learned_policy_wm,4,other_take,False,nan,0.33304271975045396,5.490648745702989
B3,1,human_path,4,other_take,True,-0.4000090692665231,0.1448123745888289,24.458995867750797
B3,3,reactive,4,other_take,True,0.3333408910554359,0.5971101690275268,44.480369595132764
B3,3,world_model_target,4,other_take,True,0.0,0.2764228352341934,23.10506735595732
B3,3,learned_policy,4,other_take,False,nan,0.6423441180674423,6.391657880056205
B3,3,learned_policy_noise,4,other_take,True,0.8333522276385897,0.713497672104567,11.374071324750926
B3,3,learned_policy_wm,4,other_take,False,nan,0.7322165592721388,9.788189998555877
B3,3,human_path,4,other_take,False,nan,0.4290139681734673,22.387585600217186
B3,5,reactive,4,other_take,True,0.43334315837206666,1.7456810208764884,33.345017154175
B3,5,world_model_target,4,other_take,True,0.06666817821108718,1.2090086518427283,25.057504025866923
B3,5,learned_policy,4,other_take,True,1.0333567622718514,0.9496801532553617,7.861175743156663
B3,5,learned_policy_noise,4,other_take,False,nan,1.3427934188373458,31.533209493425886
B3,5,learned_policy_wm,4,other_take,False,nan,1.234725245037615,26.35237544285829
B3,5,human_path,4,other_take,True,-0.06666817821108718,1.0668171327250255,24.296110153602488
B3,7,reactive,4,other_take,True,-0.5000113365831539,0.21794581682925043,34.021673879802705
B3,7,world_model_target,4,other_take,True,-0.16667044552771795,0.24825727665047867,26.94239466833277
B3,7,learned_policy,4,other_take,False,nan,0.43758118718366334,3.628700379678307
B3,7,learned_policy_noise,4,other_take,True,0.8000181385330462,0.5433733539610812,7.650437607718645
B3,7,learned_policy_wm,4,other_take,False,nan,0.526977272431697,5.449854840148614
B3,7,human_path,4,other_take,True,-0.16667044552771795,0.17630168763823234,20.182534201059738
B3,9,reactive,4,other_take,False,nan,1.812593549364047,26.65558157191249
B3,9,world_model_target,4,other_take,True,0.20000453463326154,0.6713116333318365,18.738379321416105
B3,9,learned_policy,4,other_take,False,nan,0.9382013005746167,12.665500812204177
B3,9,learned_policy_noise,4,other_take,False,nan,0.960904489467924,19.152336353361896
B3,9,learned_policy_wm,4,other_take,False,nan,1.1835781593780925,42.39306937031868
B3,9,human_path,4,other_take,True,0.23333862373880512,0.7256617861272183,6.664908928622086
B3,11,reactive,4,other_take,False,nan,1.1458586614874797,30.552299213289345
B3,11,world_model_target,4,other_take,True,0.7000158712164154,0.8579577236183454,29.162585459674048
B3,11,learned_policy,4,other_take,False,nan,0.602423233368861,5.290837474780813
B3,11,learned_policy_noise,4,other_take,False,nan,0.7006106650289026,6.503584838357991
B3,11,learned_policy_wm,4,other_take,False,nan,0.8153760833694941,19.1009043096101
B3,11,human_path,4,other_take,True,-0.16667044552771795,0.3084802750942773,28.19096878864971
B3,13,reactive,4,other_take,True,-0.23333862373880512,0.40241621527918914,36.26097893524852
B3,13,world_model_target,4,other_take,False,nan,0.6510612836703938,37.72742286047986
B3,13,learned_policy,4,other_take,False,nan,0.5438774222947551,4.5829655624619745
B3,13,learned_policy_noise,4,other_take,False,nan,0.6357807734267802,5.058732411140423
B3,13,learned_policy_wm,4,other_take,False,nan,0.595545255329848,3.9581488115209007
B3,13,human_path,4,other_take,True,-0.06666817821108718,0.3369954298238684,15.106372698855228
B3,15,reactive,4,other_take,True,-0.3666749801609795,0.9856156317236084,61.92037477408884
B3,15,world_model_target,4,other_take,True,0.06666817821108718,1.099730005359974,36.43751390323224
B3,15,learned_policy,4,other_take,False,nan,0.6950622092777545,4.334451021099751
B3,15,learned_policy_noise,4,other_take,True,0.733349960321959,0.9893061505760804,9.591141905095586
B3,15,learned_policy_wm,4,other_take,False,nan,0.8521093905623223,4.265547840396265
B3,15,human_path,4,other_take,True,-0.06666817821108718,0.6163351919310521,16.449971050530927
B3,17,reactive,4,other_take,True,0.8666863167441333,1.276076591927667,33.07043394531665
B3,17,world_model_target,4,other_take,True,0.5000113365831539,0.8946837433016688,33.02564933130631
B3,17,learned_policy,4,other_take,True,0.23333862373880512,0.5569215896252173,16.46472229017008
B3,17,learned_policy_noise,4,other_take,True,0.733349960321959,0.8041144245096988,18.082989632138034
B3,17,learned_policy_wm,4,other_take,False,nan,0.9080310396748613,10.104953253649407
B3,17,human_path,4,other_take,True,0.03333408910554359,0.421942110039023,15.693938278299445
B3,19,reactive,4,other_take,True,-0.6333476930053282,0.7027762210963946,45.87037598105942
B3,19,world_model_target,4,other_take,True,0.03333408910554359,1.0729056150595604,32.29214566952345
B3,19,learned_policy,4,other_take,True,1.0000226731663078,0.8746649835877689,14.792690680777708
B3,19,learned_policy_noise,4,other_take,True,0.7000158712164154,0.886501080053941,23.5067460653408
B3,19,learned_policy_wm,4,other_take,False,nan,1.1421921410870666,28.456365924773664
B3,19,human_path,4,other_take,True,0.06666817821108718,0.6762627739567892,26.125738816550097
