split,take,card,method,ade_cm,seed
main,A3,1,stay,7.711846914044627,
main,A3,1,const_velocity,5.354838477279508,
main,A3,1,kalman,5.398310751570147,
main,A3,1,min_jerk,5.447293792362073,
main,A3,1,gru,3.306921537175964,0
main,A3,1,gru,3.0263848237439928,1
main,A3,1,gru,3.3364999790494143,2
main,A3,1,gru,3.5693261387442194,3
main,A3,1,gru,3.2122284231251954,4
main,A3,3,stay,12.13855328660208,
main,A3,3,const_velocity,14.651509264724902,
main,A3,3,kalman,16.27896303813406,
main,A3,3,min_jerk,14.625118495155967,
main,A3,3,gru,6.216778364440927,0
main,A3,3,gru,6.90324055057098,1
main,A3,3,gru,6.543136693994776,2
main,A3,3,gru,7.831456697595031,3
main,A3,3,gru,6.183846223493664,4
main,A3,5,stay,15.880077481496425,
main,A3,5,const_velocity,11.027759994376932,
main,A3,5,kalman,12.2830241704232,
main,A3,5,min_jerk,9.722806976373844,
main,A3,5,gru,4.95212639131246,0
main,A3,5,gru,4.442499307243911,1
main,A3,5,gru,4.370981289203037,2
main,A3,5,gru,4.269450714018922,3
main,A3,5,gru,5.4675722674837095,4
main,A3,7,stay,8.897731609040385,
main,A3,7,const_velocity,5.227879605158863,
main,A3,7,kalman,5.320348371678526,
main,A3,7,min_jerk,7.298116971819871,
main,A3,7,gru,3.617423191605672,0
main,A3,7,gru,2.6698713072422486,1
main,A3,7,gru,2.776526291300023,2
main,A3,7,gru,2.3078012743460987,3
main,A3,7,gru,3.145695839635744,4
main,A3,9,stay,14.720634258960533,
main,A3,9,const_velocity,9.238545882068166,
main,A3,9,kalman,10.21955739921001,
main,A3,9,min_jerk,7.850570194943993,
main,A3,9,gru,3.866907171514792,0
main,A3,9,gru,3.0792464648650704,1
main,A3,9,gru,3.061532727139382,2
main,A3,9,gru,3.1053500229052453,3
main,A3,9,gru,3.8388931959890877,4
main,A3,11,stay,10.461286701872602,
main,A3,11,const_velocity,5.620005207310963,
main,A3,11,kalman,6.0340995548359615,
main,A3,11,min_jerk,4.113247666690191,
main,A3,11,gru,2.2645856658643226,0
main,A3,11,gru,1.9988437951486633,1
main,A3,11,gru,2.241871423851848,2
main,A3,11,gru,2.3179668262632878,3
main,A3,11,gru,2.658925608277614,4
main,A3,13,stay,7.3234358110686015,
main,A3,13,const_velocity,2.460346290564789,
main,A3,13,kalman,1.9604413131844838,
main,A3,13,min_jerk,3.762301663822623,
main,A3,13,gru,2.661843996521141,0
main,A3,13,gru,2.725155494982129,1
main,A3,13,gru,2.5655315875298026,2
main,A3,13,gru,2.9736210371985696,3
main,A3,13,gru,3.4118649013646576,4
main,A3,15,stay,6.273099621851673,
main,A3,15,const_velocity,4.151654596404881,
main,A3,15,kalman,4.256784404316583,
main,A3,15,min_jerk,7.406430237480108,
main,A3,15,gru,4.273353170179986,0
main,A3,15,gru,4.08691646581227,1
main,A3,15,gru,4.870593496790344,2
main,A3,15,gru,5.806373020026554,3
main,A3,15,gru,5.580050927333023,4
main,A3,17,stay,17.61776343258028,
main,A3,17,const_velocity,13.720912131871621,
main,A3,17,kalman,15.241159346660513,
main,A3,17,min_jerk,20.181911738684832,
main,A3,17,gru,3.8979385507265643,0
main,A3,17,gru,5.217004866982028,1
main,A3,17,gru,3.728051949061589,2
main,A3,17,gru,4.563154890149866,3
main,A3,17,gru,4.684873478979094,4
main,A3,19,stay,9.497495856927458,
main,A3,19,const_velocity,2.6797783486350575,
main,A3,19,kalman,2.424533585729889,
main,A3,19,min_jerk,5.54483977445783,
main,A3,19,gru,2.7385906601185668,0
main,A3,19,gru,3.6036902379421263,1
main,A3,19,gru,2.864363918456581,2
main,A3,19,gru,3.284691397147616,3
main,A3,19,gru,3.2149121176452877,4
main,B3,1,stay,3.7247907182680486,
main,B3,1,const_velocity,3.092562810674038,
main,B3,1,kalman,2.800520187464522,
main,B3,1,min_jerk,3.1868651709776525,
main,B3,1,gru,3.265547877509637,0
main,B3,1,gru,2.95532792834229,1
main,B3,1,gru,3.296778420006822,2
main,B3,1,gru,2.9966277020105307,3
main,B3,1,gru,2.921007339867358,4
main,B3,3,stay,8.82931925416287,
main,B3,3,const_velocity,8.176413864470462,
main,B3,3,kalman,8.97494429401337,
main,B3,3,min_jerk,11.847210442092283,
main,B3,3,gru,3.5807566705218536,0
main,B3,3,gru,4.3010151912801415,1
main,B3,3,gru,3.9139785240593223,2
main,B3,3,gru,3.466107305688936,3
main,B3,3,gru,4.345253039162696,4
main,B3,5,stay,4.970833877341764,
main,B3,5,const_velocity,3.038032134205797,
main,B3,5,kalman,3.2244661986046417,
main,B3,5,min_jerk,6.920804062148854,
main,B3,5,gru,2.31556205830046,0
main,B3,5,gru,2.0748516203568865,1
main,B3,5,gru,2.4369718879596114,2
main,B3,5,gru,3.1590269066678514,3
main,B3,5,gru,2.514648292444731,4
main,B3,7,stay,5.334123313430912,
main,B3,7,const_velocity,2.5675796199014123,
main,B3,7,kalman,2.550982033199155,
main,B3,7,min_jerk,3.1021087311028412,
main,B3,7,gru,1.8215247017979515,0
main,B3,7,gru,1.5779564599595244,1
main,B3,7,gru,1.8095833712851075,2
main,B3,7,gru,1.7584858439503521,3
main,B3,7,gru,2.408284473461008,4
main,B3,9,stay,12.33741482971333,
main,B3,9,const_velocity,4.926589319753213,
main,B3,9,kalman,5.463045957482845,
main,B3,9,min_jerk,8.411420474408846,
main,B3,9,gru,2.0679136711367323,0
main,B3,9,gru,2.3548706450374404,1
main,B3,9,gru,2.4981767115385334,2
main,B3,9,gru,2.389229646821665,3
main,B3,9,gru,3.149717600966405,4
main,B3,11,stay,9.75809816078622,
main,B3,11,const_velocity,5.824290554613425,
main,B3,11,kalman,6.305873412932833,
main,B3,11,min_jerk,6.597568940777708,
main,B3,11,gru,2.5680597183512153,0
main,B3,11,gru,2.6653257385182316,1
main,B3,11,gru,3.2152538301303624,2
main,B3,11,gru,2.6735832722129604,3
main,B3,11,gru,3.0496496754977054,4
main,B3,13,stay,7.767765903946764,
main,B3,13,const_velocity,3.8191170053493346,
main,B3,13,kalman,3.817681316350099,
main,B3,13,min_jerk,6.6589172356529405,
main,B3,13,gru,2.516227974196398,0
main,B3,13,gru,4.313014087594023,1
main,B3,13,gru,2.727627352090299,2
main,B3,13,gru,2.551752495539049,3
main,B3,13,gru,3.073968025335573,4
main,B3,15,stay,5.0641833948037664,
main,B3,15,const_velocity,2.8975280849177643,
main,B3,15,kalman,2.9062086613817772,
main,B3,15,min_jerk,7.919146022946437,
main,B3,15,gru,4.191606199766834,0
main,B3,15,gru,5.0002538013576325,1
main,B3,15,gru,5.08161126580966,2
main,B3,15,gru,5.723063547441522,3
main,B3,15,gru,5.809840080222397,4
main,B3,17,stay,11.151332746547675,
main,B3,17,const_velocity,6.898203573575122,
main,B3,17,kalman,7.546090985862623,
main,B3,17,min_jerk,7.012140502529442,
main,B3,17,gru,2.450377944065949,0
main,B3,17,gru,2.411422942213092,1
main,B3,17,gru,2.7830230254918513,2
main,B3,17,gru,2.578777651550097,3
main,B3,17,gru,3.158926561383123,4
main,B3,19,stay,7.95537632541716,
main,B3,19,const_velocity,2.706568863851806,
main,B3,19,kalman,2.517620271124977,
main,B3,19,min_jerk,4.914013488137137,
main,B3,19,gru,2.8093885981630176,0
main,B3,19,gru,3.0602054279374675,1
main,B3,19,gru,2.681197143059007,2
main,B3,19,gru,2.9530960530994825,3
main,B3,19,gru,3.4171128006160933,4
cross_person,B1,1,stay,3.501920440182164,
cross_person,B1,1,const_velocity,2.710343878267391,
cross_person,B1,1,kalman,2.4607024687548735,
cross_person,B1,1,min_jerk,3.253340681441011,
cross_person,B1,1,gru,2.125911476658784,0
cross_person,B1,1,gru,2.176901075703221,1
cross_person,B1,1,gru,2.1049534562274217,2
cross_person,B1,1,gru,2.6923940102304376,3
cross_person,B1,1,gru,1.8682161812368234,4
cross_person,B1,3,stay,15.670734502376513,
cross_person,B1,3,const_velocity,14.11007933206198,
cross_person,B1,3,kalman,15.56563813536388,
cross_person,B1,3,min_jerk,18.087024361470103,
cross_person,B1,3,gru,4.89309164296805,0
cross_person,B1,3,gru,5.544043024968447,1
cross_person,B1,3,gru,6.440025539204407,2
cross_person,B1,3,gru,5.59259875809063,3
cross_person,B1,3,gru,5.659089622679892,4
cross_person,B1,5,stay,6.071709159179424,
cross_person,B1,5,const_velocity,4.077206994982503,
cross_person,B1,5,kalman,4.341700568066555,
cross_person,B1,5,min_jerk,4.2445733609878635,
cross_person,B1,5,gru,2.84917653426773,0
cross_person,B1,5,gru,3.06182523891354,1
cross_person,B1,5,gru,2.758398858420311,2
cross_person,B1,5,gru,3.001748647008325,3
cross_person,B1,5,gru,2.4841780729243657,4
cross_person,B1,7,stay,4.925188497245084,
cross_person,B1,7,const_velocity,3.750869732534919,
cross_person,B1,7,kalman,3.9825082153109514,
cross_person,B1,7,min_jerk,4.977284085719622,
cross_person,B1,7,gru,2.132669327527401,0
cross_person,B1,7,gru,1.656693355017428,1
cross_person,B1,7,gru,2.0495797244825176,2
cross_person,B1,7,gru,2.707315417131294,3
cross_person,B1,7,gru,2.505726916632307,4
cross_person,B1,9,stay,4.9128237534134085,
cross_person,B1,9,const_velocity,4.061988746984441,
cross_person,B1,9,kalman,4.251830803326973,
cross_person,B1,9,min_jerk,7.165227265616456,
cross_person,B1,9,gru,3.439353509282513,0
cross_person,B1,9,gru,3.452148678990657,1
cross_person,B1,9,gru,3.0625978393166093,2
cross_person,B1,9,gru,3.795774578815097,3
cross_person,B1,9,gru,3.3488223179027568,4
cross_person,B1,11,stay,7.763934988316826,
cross_person,B1,11,const_velocity,2.975089566492384,
cross_person,B1,11,kalman,2.9783984981333136,
cross_person,B1,11,min_jerk,4.749768049691554,
cross_person,B1,11,gru,2.9444090029151324,0
cross_person,B1,11,gru,2.7741278651655144,1
cross_person,B1,11,gru,2.560082424566813,2
cross_person,B1,11,gru,2.787386188467713,3
cross_person,B1,11,gru,2.307034029654007,4
cross_person,B1,13,stay,6.674510426746105,
cross_person,B1,13,const_velocity,3.497933529959181,
cross_person,B1,13,kalman,3.557842158534197,
cross_person,B1,13,min_jerk,5.467771994363408,
cross_person,B1,13,gru,2.130552382802408,0
cross_person,B1,13,gru,2.246651352709062,1
cross_person,B1,13,gru,2.3081211090375757,2
cross_person,B1,13,gru,2.646930855030254,3
cross_person,B1,13,gru,2.52186817811851,4
cross_person,B1,15,stay,12.305830646422093,
cross_person,B1,15,const_velocity,10.403563494665026,
cross_person,B1,15,kalman,11.87068771406043,
cross_person,B1,15,min_jerk,12.427057940332764,
cross_person,B1,15,gru,2.823945044297355,0
cross_person,B1,15,gru,2.520297780470247,1
cross_person,B1,15,gru,3.5781006981616486,2
cross_person,B1,15,gru,2.746936740442825,3
cross_person,B1,15,gru,2.36543591052137,4
cross_person,B1,17,stay,10.820179823040176,
cross_person,B1,17,const_velocity,9.496441210113977,
cross_person,B1,17,kalman,10.595065210318403,
cross_person,B1,17,min_jerk,14.81864438108923,
cross_person,B1,17,gru,6.729116148179767,0
cross_person,B1,17,gru,6.78071328922913,1
cross_person,B1,17,gru,6.29412284269242,2
cross_person,B1,17,gru,6.619338175413503,3
cross_person,B1,17,gru,6.048940561240268,4
cross_person,B1,19,stay,14.645637398511782,
cross_person,B1,19,const_velocity,6.282332557953209,
cross_person,B1,19,kalman,6.92440151551642,
cross_person,B1,19,min_jerk,4.482376121558668,
cross_person,B1,19,gru,3.922646629826644,0
cross_person,B1,19,gru,3.2144430445619507,1
cross_person,B1,19,gru,3.2120213745180752,2
cross_person,B1,19,gru,3.8746959812630077,3
cross_person,B1,19,gru,4.064495873808425,4
cross_person,B2,1,stay,3.878355415735534,
cross_person,B2,1,const_velocity,2.9372256368883276,
cross_person,B2,1,kalman,2.9065449072398337,
cross_person,B2,1,min_jerk,6.026830169606648,
cross_person,B2,1,gru,3.3340562754570495,0
cross_person,B2,1,gru,3.1902260986123405,1
cross_person,B2,1,gru,2.9791114953593643,2
cross_person,B2,1,gru,3.6106640166683266,3
cross_person,B2,1,gru,3.4367958618186383,4
cross_person,B2,3,stay,10.846955848068413,
cross_person,B2,3,const_velocity,10.229052532023164,
cross_person,B2,3,kalman,11.377746595450654,
cross_person,B2,3,min_jerk,10.874013600768711,
cross_person,B2,3,gru,3.7944569105272294,0
cross_person,B2,3,gru,4.589907423304255,1
cross_person,B2,3,gru,4.672315269037789,2
cross_person,B2,3,gru,4.2068164368950525,3
cross_person,B2,3,gru,4.273445268483713,4
cross_person,B2,5,stay,4.576832496498378,
cross_person,B2,5,const_velocity,3.7825327618038527,
cross_person,B2,5,kalman,3.772223662328955,
cross_person,B2,5,min_jerk,4.784745542072541,
cross_person,B2,5,gru,2.7730294235844055,0
cross_person,B2,5,gru,2.3894718520941143,1
cross_person,B2,5,gru,2.558838364402628,2
cross_person,B2,5,gru,2.561624544736209,3
cross_person,B2,5,gru,2.664101507459623,4
cross_person,B2,7,stay,7.2387517989876375,
cross_person,B2,7,const_velocity,3.9672350715875293,
cross_person,B2,7,kalman,4.007481042781732,
cross_person,B2,7,min_jerk,6.674028422001527,
cross_person,B2,7,gru,2.4703430627859824,0
cross_person,B2,7,gru,3.2021772259843027,1
cross_person,B2,7,gru,2.653665214638235,2
cross_person,B2,7,gru,2.891505863626102,3
cross_person,B2,7,gru,3.00118899257668,4
cross_person,B2,9,stay,11.684787769645306,
cross_person,B2,9,const_velocity,7.501616044719079,
cross_person,B2,9,kalman,8.476726746784776,
cross_person,B2,9,min_jerk,7.097166075036167,
cross_person,B2,9,gru,3.5250055352721104,0
cross_person,B2,9,gru,2.618992250144484,1
cross_person,B2,9,gru,2.669378328362998,2
cross_person,B2,9,gru,3.1383830232106216,3
cross_person,B2,9,gru,3.0117538616612416,4
cross_person,B2,11,stay,7.0677918241844395,
cross_person,B2,11,const_velocity,3.5843253657174916,
cross_person,B2,11,kalman,3.7121109353659794,
cross_person,B2,11,min_jerk,11.365595769233726,
cross_person,B2,11,gru,4.503554127249578,0
cross_person,B2,11,gru,4.596426879441453,1
cross_person,B2,11,gru,4.110467769022121,2
cross_person,B2,11,gru,4.708186413534391,3
cross_person,B2,11,gru,4.494472337612238,4
cross_person,B2,13,stay,11.948961762329748,
cross_person,B2,13,const_velocity,6.04614853384052,
cross_person,B2,13,kalman,6.67614010540928,
cross_person,B2,13,min_jerk,8.334149881236378,
cross_person,B2,13,gru,2.857738776045129,0
cross_person,B2,13,gru,2.415697988720734,1
cross_person,B2,13,gru,2.4994596682237447,2
cross_person,B2,13,gru,2.815774002107777,3
cross_person,B2,13,gru,2.3959273907867287,4
cross_person,B2,15,stay,6.13129424402596,
cross_person,B2,15,const_velocity,3.139822656380089,
cross_person,B2,15,kalman,3.1152364637410415,
cross_person,B2,15,min_jerk,4.575801311919802,
cross_person,B2,15,gru,2.1159316968715487,0
cross_person,B2,15,gru,1.7982431374374757,1
cross_person,B2,15,gru,1.9205967163845785,2
cross_person,B2,15,gru,1.8200587599784945,3
cross_person,B2,15,gru,1.7190830937237833,4
cross_person,B2,17,stay,9.460239782381647,
cross_person,B2,17,const_velocity,3.016239460429469,
cross_person,B2,17,kalman,3.082790393067091,
cross_person,B2,17,min_jerk,7.469900677683499,
cross_person,B2,17,gru,3.532300939319452,0
cross_person,B2,17,gru,3.0771452434211684,1
cross_person,B2,17,gru,2.663153167491692,2
cross_person,B2,17,gru,2.8521777242852044,3
cross_person,B2,17,gru,2.695656629266004,4
cross_person,B2,19,stay,6.03962134607613,
cross_person,B2,19,const_velocity,2.4909734115938695,
cross_person,B2,19,kalman,2.4465029035863135,
cross_person,B2,19,min_jerk,3.5706677146329446,
cross_person,B2,19,gru,1.9408189640565974,0
cross_person,B2,19,gru,1.8336976386055537,1
cross_person,B2,19,gru,1.8763810888272823,2
cross_person,B2,19,gru,2.1419115068804664,3
cross_person,B2,19,gru,1.6855150325106845,4
cross_person,B3,1,stay,3.7247907182680486,
cross_person,B3,1,const_velocity,3.092562810674038,
cross_person,B3,1,kalman,2.800520187464522,
cross_person,B3,1,min_jerk,3.1868651709776525,
cross_person,B3,1,gru,3.194558506738225,0
cross_person,B3,1,gru,2.723763674719322,1
cross_person,B3,1,gru,2.8270398473955196,2
cross_person,B3,1,gru,3.6884603331914,3
cross_person,B3,1,gru,3.201268736239139,4
cross_person,B3,3,stay,8.82931925416287,
cross_person,B3,3,const_velocity,8.176413864470462,
cross_person,B3,3,kalman,8.97494429401337,
cross_person,B3,3,min_jerk,11.847210442092283,
cross_person,B3,3,gru,3.380357129092403,0
cross_person,B3,3,gru,3.5652053452398134,1
cross_person,B3,3,gru,3.8105594980773754,2
cross_person,B3,3,gru,3.937656508914425,3
cross_person,B3,3,gru,3.4450290869274327,4
cross_person,B3,5,stay,4.970833877341764,
cross_person,B3,5,const_velocity,3.038032134205797,
cross_person,B3,5,kalman,3.2244661986046417,
cross_person,B3,5,min_jerk,6.920804062148854,
cross_person,B3,5,gru,3.3963242997847387,0
cross_person,B3,5,gru,3.3136928394727634,1
cross_person,B3,5,gru,2.914157960519087,2
cross_person,B3,5,gru,3.6201489129291344,3
cross_person,B3,5,gru,3.176953266852276,4
cross_person,B3,7,stay,5.334123313430912,
cross_person,B3,7,const_velocity,2.5675796199014123,
cross_person,B3,7,kalman,2.550982033199155,
cross_person,B3,7,min_jerk,3.1021087311028412,
cross_person,B3,7,gru,1.5903357214089875,0
cross_person,B3,7,gru,1.9049621550704738,1
cross_person,B3,7,gru,1.6728170830347289,2
cross_person,B3,7,gru,2.2783359126252454,3
cross_person,B3,7,gru,2.1104190172355017,4
cross_person,B3,9,stay,12.33741482971333,
cross_person,B3,9,const_velocity,4.926589319753213,
cross_person,B3,9,kalman,5.463045957482845,
cross_person,B3,9,min_jerk,8.411420474408846,
cross_person,B3,9,gru,2.361531103659529,0
cross_person,B3,9,gru,2.757884096754341,1
cross_person,B3,9,gru,2.664993775773573,2
cross_person,B3,9,gru,2.764365884058521,3
cross_person,B3,9,gru,1.922826511678178,4
cross_person,B3,11,stay,9.75809816078622,
cross_person,B3,11,const_velocity,5.824290554613425,
cross_person,B3,11,kalman,6.305873412932833,
cross_person,B3,11,min_jerk,6.597568940777708,
cross_person,B3,11,gru,2.7287090543143124,0
cross_person,B3,11,gru,3.2091845765143048,1
cross_person,B3,11,gru,2.9555338440479693,2
cross_person,B3,11,gru,2.915406639537268,3
cross_person,B3,11,gru,2.6395490826538484,4
cross_person,B3,13,stay,7.767765903946764,
cross_person,B3,13,const_velocity,3.8191170053493346,
cross_person,B3,13,kalman,3.817681316350099,
cross_person,B3,13,min_jerk,6.6589172356529405,
cross_person,B3,13,gru,2.7534495252309132,0
cross_person,B3,13,gru,4.2047745871507445,1
cross_person,B3,13,gru,2.604406645565639,2
cross_person,B3,13,gru,4.570575505162376,3
cross_person,B3,13,gru,3.729361688539321,4
cross_person,B3,15,stay,5.0641833948037664,
cross_person,B3,15,const_velocity,2.8975280849177643,
cross_person,B3,15,kalman,2.9062086613817772,
cross_person,B3,15,min_jerk,7.919146022946437,
cross_person,B3,15,gru,3.596490544614845,0
cross_person,B3,15,gru,4.421741493419459,1
cross_person,B3,15,gru,3.5371762545439824,2
cross_person,B3,15,gru,4.254231070472538,3
cross_person,B3,15,gru,3.3433933135226015,4
cross_person,B3,17,stay,11.151332746547675,
cross_person,B3,17,const_velocity,6.898203573575122,
cross_person,B3,17,kalman,7.546090985862623,
cross_person,B3,17,min_jerk,7.012140502529442,
cross_person,B3,17,gru,2.250342090331615,0
cross_person,B3,17,gru,2.697054156329269,1
cross_person,B3,17,gru,2.5044587928218847,2
cross_person,B3,17,gru,2.1024395672686143,3
cross_person,B3,17,gru,2.0896930981235933,4
cross_person,B3,19,stay,7.95537632541716,
cross_person,B3,19,const_velocity,2.706568863851806,
cross_person,B3,19,kalman,2.517620271124977,
cross_person,B3,19,min_jerk,4.914013488137137,
cross_person,B3,19,gru,2.7695090282454458,0
cross_person,B3,19,gru,3.2512307730302012,1
cross_person,B3,19,gru,2.6417754825396726,2
cross_person,B3,19,gru,2.798373960840588,3
cross_person,B3,19,gru,2.534599642720307,4
