split,take,card,fraction,method,point_err_cm,ttc_err_s,seed
main,A3,1,0.25,stay,15.706208187230693,nan,
main,A3,1,0.25,mean,17.57516741435462,0.31584233321183053,
main,A3,1,0.25,const_velocity,8.203325142465262,0.31584233321183053,
main,A3,1,0.25,kalman,7.167109585748613,0.31584233321183053,
main,A3,1,0.25,min_jerk,330.05856470682016,2.8499789891443905,
main,A3,1,0.25,gru,7.84058455587386,0.47469752619894634,0
main,A3,1,0.25,gru,4.770598725602299,0.4930821020427574,1
main,A3,1,0.25,gru,7.238083733816657,0.5876818854633201,2
main,A3,1,0.25,gru,5.749967867675643,0.2837869484248985,3
main,A3,1,0.25,gru,9.071022973491598,0.4210774857822288,4
main,A3,1,0.5,stay,10.914694057076506,nan,
main,A3,1,0.5,mean,17.57516741435462,0.2091726297528137,
main,A3,1,0.5,const_velocity,10.463562378080962,0.2091726297528137,
main,A3,1,0.5,kalman,7.95167062607351,0.2091726297528137,
main,A3,1,0.5,min_jerk,4.445557059495083,0.3666472121707323,
main,A3,1,0.5,gru,9.290615066900646,0.5232019595982782,0
main,A3,1,0.5,gru,8.97481602634911,0.3617859654309504,1
main,A3,1,0.5,gru,9.133391550396466,0.5670163206937067,2
main,A3,1,0.5,gru,7.758055493156779,0.25639529751560614,3
main,A3,1,0.5,gru,10.996960488050231,0.3848145775677912,4
main,A3,1,0.75,stay,4.501751084642048,nan,
main,A3,1,0.75,mean,17.57516741435462,0.10666970294137443,
main,A3,1,0.75,const_velocity,7.859009947013577,0.10666970294137443,
main,A3,1,0.75,kalman,6.502986645794451,0.10666970294137443,
main,A3,1,0.75,min_jerk,15.039895269158732,0.6333131006575615,
main,A3,1,0.75,gru,6.313623961642039,0.2747494068087216,0
main,A3,1,0.75,gru,7.105857040142245,0.2250351693571683,1
main,A3,1,0.75,gru,7.792659848614031,0.39025590681444366,2
main,A3,1,0.75,gru,3.868540185774637,0.14285019897829257,3
main,A3,1,0.75,gru,6.502599802616568,0.1885627891958829,4
main,A3,3,0.25,stay,26.572449587354534,nan,
main,A3,3,0.25,mean,10.781239198448771,0.3825105562381719,
main,A3,3,0.25,const_velocity,31.87256121070296,0.3825105562381719,
main,A3,3,0.25,kalman,22.105472243603845,0.3825105562381719,
main,A3,3,0.25,min_jerk,45.17022994206068,0.3499859927629272,
main,A3,3,0.25,gru,16.173785883511197,0.37148851810422445,0
main,A3,3,0.25,gru,15.02098052301121,0.2698367899509957,1
main,A3,3,0.25,gru,11.243579208240092,0.27002436576810385,2
main,A3,3,0.25,gru,13.015361934568004,0.24700952230420614,3
main,A3,3,0.25,gru,17.75768339438851,0.2621824210735848,4
main,A3,3,0.5,stay,13.122421424759029,nan,
main,A3,3,0.5,mean,10.781239198448771,0.2425067412659844,
main,A3,3,0.5,const_velocity,49.647298251633345,0.2425067412659844,
main,A3,3,0.5,kalman,44.226878242082925,0.2425067412659844,
main,A3,3,0.5,min_jerk,58.396315575668176,0.3999859927629271,
main,A3,3,0.5,gru,13.902599614257188,0.13935639720130796,0
main,A3,3,0.5,gru,8.54316699053667,0.005522645900956441,1
main,A3,3,0.5,gru,6.085237798252447,0.07202380161453123,2
main,A3,3,0.5,gru,8.721299847239823,0.11825626354385252,3
main,A3,3,0.5,gru,7.179838956267972,0.028820119689217855,4
main,A3,3,0.75,stay,2.584336057135855,nan,
main,A3,3,0.75,mean,10.781239198448771,0.14000381445454513,
main,A3,3,0.75,const_velocity,14.61456230491525,0.14000381445454513,
main,A3,3,0.75,kalman,18.47883691277913,0.14000381445454513,
main,A3,3,0.75,min_jerk,2.8112449006937266,0.016679895723901883,
main,A3,3,0.75,gru,7.209504244086837,0.2335964878157583,0
main,A3,3,0.75,gru,1.772540836819955,0.09993322091855678,1
main,A3,3,0.75,gru,2.293994793901642,0.1038881083086935,2
main,A3,3,0.75,gru,3.992435250383676,0.2619330425814596,3
main,A3,3,0.75,gru,3.0671762994659657,0.14612068134107264,4
main,A3,5,0.25,stay,37.87045023851843,nan,
main,A3,5,0.25,mean,22.369132716851066,0.24917411018548913,
main,A3,5,0.25,const_velocity,35.441144180432985,0.24917411018548913,
main,A3,5,0.25,kalman,28.57017431752712,0.24917411018548913,
main,A3,5,0.25,min_jerk,89.55552639186484,0.5166472121707326,
main,A3,5,0.25,gru,5.651934110906617,0.6441831441912818,0
main,A3,5,0.25,gru,6.758407945112764,0.5028189273867774,1
main,A3,5,0.25,gru,2.5928522866168304,0.6952686162982153,2
main,A3,5,0.25,gru,8.173818110035281,0.7404774280581641,3
main,A3,5,0.25,gru,2.0171340190101583,0.19058273754455318,4
main,A3,5,0.5,stay,19.914576393691654,nan,
main,A3,5,0.5,mean,22.369132716851066,0.17583851823964303,
main,A3,5,0.5,const_velocity,30.752554608771458,0.17583851823964303,
main,A3,5,0.5,kalman,31.884516029321862,0.17583851823964303,
main,A3,5,0.5,min_jerk,10.695905520011568,0.050018676316096744,
main,A3,5,0.5,gru,8.202276199084986,0.3934026777016542,0
main,A3,5,0.5,gru,8.343230487272804,0.13889087431305863,1
main,A3,5,0.5,gru,7.894586931724132,0.6844180642830751,2
main,A3,5,0.5,gru,9.755211386590188,0.764898759053888,3
main,A3,5,0.5,gru,4.071275035264601,0.033429908825216514,4
main,A3,5,0.75,stay,5.824285600658779,nan,
main,A3,5,0.75,mean,22.369132716851066,0.10666970294137443,
main,A3,5,0.75,const_velocity,12.559576065635685,0.10666970294137443,
main,A3,5,0.75,kalman,14.15123488160543,0.10666970294137443,
main,A3,5,0.75,min_jerk,2.5439995744902952,0.06664721217073258,
main,A3,5,0.75,gru,8.377781225942151,0.29030574225794037,0
main,A3,5,0.75,gru,4.568729908606995,0.1576089944780942,1
main,A3,5,0.75,gru,8.685664709712118,0.5260761167944547,2
main,A3,5,0.75,gru,8.15667577568164,0.8551795270384427,3
main,A3,5,0.75,gru,3.7319946658571412,0.07554537915598117,4
main,A3,7,0.25,stay,19.095973694685362,nan,
main,A3,7,0.25,mean,17.464793103568876,0.2825082216986598,
main,A3,7,0.25,const_velocity,5.32207179825988,0.2825082216986598,
main,A3,7,0.25,kalman,7.405978220858358,0.2825082216986598,
main,A3,7,0.25,min_jerk,16.765552840282254,0.2666845648029262,
main,A3,7,0.25,gru,10.355372544818788,0.42331846610789475,0
main,A3,7,0.25,gru,3.7132453819841627,0.21390833513026414,1
main,A3,7,0.25,gru,6.7571972403455245,0.20348235027079759,2
main,A3,7,0.25,gru,4.082750866051502,0.16799821511988816,3
main,A3,7,0.25,gru,6.764526717426713,0.2640393580604094,4
main,A3,7,0.5,stay,14.221380767355088,nan,
main,A3,7,0.5,mean,17.464793103568876,0.17583851823964303,
main,A3,7,0.5,const_velocity,4.837703774252488,0.17583851823964303,
main,A3,7,0.5,kalman,2.8092324605974617,0.17583851823964303,
main,A3,7,0.5,min_jerk,11.22699302637509,0.03335278782926715,
main,A3,7,0.5,gru,4.270247610658676,0.4255903183686159,0
main,A3,7,0.5,gru,0.6843140884814775,0.20389006726616837,1
main,A3,7,0.5,gru,0.9543016958798103,0.2246586500870607,2
main,A3,7,0.5,gru,0.39778367655078134,0.10617099397057511,3
main,A3,7,0.5,gru,3.469771269461953,0.2858453809487245,4
main,A3,7,0.75,stay,5.300248554400895,nan,
main,A3,7,0.75,mean,17.464793103568876,0.10666970294137443,
main,A3,7,0.75,const_velocity,6.5076374202217915,0.10666970294137443,
main,A3,7,0.75,kalman,7.0431576626899615,0.10666970294137443,
main,A3,7,0.75,min_jerk,12.474022025759778,0.549978989144391,
main,A3,7,0.75,gru,5.423151680022683,0.20586780571352206,0
main,A3,7,0.75,gru,2.7442792435598826,0.11800287031542026,1
main,A3,7,0.75,gru,1.7607650943660784,0.14627979063402377,2
main,A3,7,0.75,gru,2.9138005668167306,0.07744375728975497,3
main,A3,7,0.75,gru,1.7583118735008803,0.11434149109731875,4
main,A3,9,0.25,stay,37.794641683754655,nan,
main,A3,9,0.25,mean,20.098870808628043,0.18250588715914773,
main,A3,9,0.25,const_velocity,31.009049312551756,0.18250588715914773,
main,A3,9,0.25,kalman,28.368706360350593,0.18250588715914773,
main,A3,9,0.25,min_jerk,952.2603708094746,2.4499766546048782,
main,A3,9,0.25,gru,10.820134945988919,0.6317811355356678,0
main,A3,9,0.25,gru,4.537496213802884,0.14033326957268566,1
main,A3,9,0.25,gru,3.768083094262637,0.31021282527489513,2
main,A3,9,0.25,gru,2.4652508926351175,0.447190080619286,3
main,A3,9,0.25,gru,3.614351513555214,0.24542186114830822,4
main,A3,9,0.5,stay,21.6488729772951,nan,
main,A3,9,0.5,mean,20.098870808628043,0.10917029521330163,
main,A3,9,0.5,const_velocity,25.234605622910912,0.10917029521330163,
main,A3,9,0.5,kalman,25.519968643114165,0.10917029521330163,
main,A3,9,0.5,min_jerk,8.134924034191796,0.03335512236877958,
main,A3,9,0.5,gru,9.58348464163627,0.6306767774063309,0
main,A3,9,0.5,gru,0.46813488193943864,0.07854607824861604,1
main,A3,9,0.5,gru,5.085059442177318,0.2955889416176041,2
main,A3,9,0.5,gru,4.286082493785033,0.5708444428878983,3
main,A3,9,0.5,gru,0.7126784506305178,0.1814003301101883,4
main,A3,9,0.75,stay,6.228275912273772,nan,
main,A3,9,0.75,mean,20.098870808628043,0.07333559142820373,
main,A3,9,0.75,const_velocity,6.317433904022515,0.07333559142820373,
main,A3,9,0.75,kalman,10.155022314142686,0.07333559142820373,
main,A3,9,0.75,min_jerk,0.6224090381540526,0.08331076611804977,
main,A3,9,0.75,gru,8.30249520195289,0.44212645619375956,0
main,A3,9,0.75,gru,2.358555923507199,0.09720477788908732,1
main,A3,9,0.75,gru,4.793205525765922,0.18087539403898967,2
main,A3,9,0.75,gru,5.310487578694378,0.48585844367010844,3
main,A3,9,0.75,gru,1.4071430505562783,0.18894929020865214,4
main,A3,11,0.25,stay,26.764431424963707,nan,
main,A3,11,0.25,mean,5.181744270719819,0.14917177564597706,
main,A3,11,0.25,const_velocity,14.851314663938467,0.14917177564597706,
main,A3,11,0.25,kalman,12.903640565488303,0.14917177564597706,
main,A3,11,0.25,min_jerk,5.634362862595473,0.016642543091708206,
main,A3,11,0.25,gru,13.650787265289221,0.5602547518362179,0
main,A3,11,0.25,gru,7.167550959466309,0.4450597159017696,1
main,A3,11,0.25,gru,4.615889207891957,0.7269975535024776,2
main,A3,11,0.25,gru,6.575443050060431,0.30701559702054404,3
main,A3,11,0.25,gru,7.725984010173691,0.3717371813406124,4
main,A3,11,0.5,stay,14.533908727523247,nan,
main,A3,11,0.5,mean,5.181744270719819,0.10917029521330163,
main,A3,11,0.5,const_velocity,15.423664217486447,0.10917029521330163,
main,A3,11,0.5,kalman,14.735695436469133,0.10917029521330163,
main,A3,11,0.5,min_jerk,5.307000317942008,0.016642543091708317,
main,A3,11,0.5,gru,7.477376060063332,0.48209402088701325,0
main,A3,11,0.5,gru,3.35085983284681,0.2754332137542923,1
main,A3,11,0.5,gru,5.812421966360544,0.6573313785034378,2
main,A3,11,0.5,gru,2.6074714730269397,0.2063801598983963,3
main,A3,11,0.5,gru,4.173337097027369,0.25433436159669953,4
main,A3,11,0.75,stay,5.749093480414809,nan,
main,A3,11,0.75,mean,5.181744270719819,0.040001479915033056,
main,A3,11,0.75,const_velocity,6.096270737138823,0.040001479915033056,
main,A3,11,0.75,kalman,6.808767481983913,0.040001479915033056,
main,A3,11,0.75,min_jerk,2.0558766998222766,0.0666425430917087,
main,A3,11,0.75,gru,5.325701169980966,0.28468885814265554,0
main,A3,11,0.75,gru,2.121151209634089,0.12694081460551565,1
main,A3,11,0.75,gru,5.466034464895151,0.25457772409037893,2
main,A3,11,0.75,gru,2.632610505038408,0.14466258679942434,3
main,A3,11,0.75,gru,1.720138778460255,0.08772715722636526,4
main,A3,13,0.25,stay,26.508679904766915,nan,
main,A3,13,0.25,mean,20.73255000026408,0.15083522797255922,
main,A3,13,0.25,const_velocity,11.023198145375652,0.15083522797255922,
main,A3,13,0.25,kalman,10.757146363183116,0.15083522797255922,
main,A3,13,0.25,min_jerk,22.82555120092623,0.4667032411190225,
main,A3,13,0.25,gru,17.33103274602697,0.4436237028456723,0
main,A3,13,0.25,gru,10.444730878629969,0.4938048532820737,1
main,A3,13,0.25,gru,9.876371888016822,0.5057950428343808,2
main,A3,13,0.25,gru,12.594846705559181,0.5114967039443051,3
main,A3,13,0.25,gru,9.784202514524026,0.143047135195831,4
main,A3,13,0.5,stay,17.238703076724132,nan,
main,A3,13,0.5,mean,20.73255000026408,0.09083437386572252,
main,A3,13,0.5,const_velocity,7.481238464569268,0.09083437386572252,
main,A3,13,0.5,kalman,4.986414458059628,0.09083437386572252,
main,A3,13,0.5,min_jerk,10.17136405774314,0.06662853585463602,
main,A3,13,0.5,gru,7.972509639667822,0.5014991156210079,0
main,A3,13,0.5,gru,8.017890359008232,0.5705965153326168,1
main,A3,13,0.5,gru,12.221384995720506,0.6131513706792965,2
main,A3,13,0.5,gru,5.882588652559085,0.48653131643430136,3
main,A3,13,0.5,gru,4.353552795523295,0.18691509882108115,4
main,A3,13,0.75,stay,8.163399267403507,nan,
main,A3,13,0.75,mean,20.73255000026408,0.026666743111308344,
main,A3,13,0.75,const_velocity,1.3043035371549117,0.026666743111308344,
main,A3,13,0.75,kalman,0.8833699047035255,0.026666743111308344,
main,A3,13,0.75,min_jerk,1.668959313320599,0.4499603128282937,
main,A3,13,0.75,gru,8.108518828437553,0.38362570332310125,0
main,A3,13,0.75,gru,10.853339760618102,0.536086278426861,1
main,A3,13,0.75,gru,15.313545116454158,0.724139290321087,2
main,A3,13,0.75,gru,6.406912457860442,0.3645908408047907,3
main,A3,13,0.75,gru,5.8498961262489555,0.21000789331219122,4
main,A3,15,0.25,stay,17.42542576372933,nan,
main,A3,15,0.25,mean,17.43239530849002,1.1841926848808506,
main,A3,15,0.25,const_velocity,9.624471072372067,1.1841926848808506,
main,A3,15,0.25,kalman,10.983723714657929,1.1841926848808506,
main,A3,15,0.25,min_jerk,13.999199593871639,1.5334018131590212,
main,A3,15,0.25,gru,8.097518745017416,0.9109855040549897,0
main,A3,15,0.25,gru,4.3781919656444295,1.2543151124953889,1
main,A3,15,0.25,gru,2.0470787129928203,1.448081289195981,2
main,A3,15,0.25,gru,3.804248506262029,1.1534563049316071,3
main,A3,15,0.25,gru,5.625664233982705,1.116941367053952,4
main,A3,15,0.5,stay,18.00196804984397,nan,
main,A3,15,0.5,mean,17.43239530849002,0.790850715642307,
main,A3,15,0.5,const_velocity,30.6184853364815,0.790850715642307,
main,A3,15,0.5,kalman,31.13078995853133,0.790850715642307,
main,A3,15,0.5,min_jerk,12.921301021343634,1.2666962375004862,
main,A3,15,0.5,gru,12.506220873169537,0.2840673695246603,0
main,A3,15,0.5,gru,7.4484085863129215,0.4595520724614237,1
main,A3,15,0.5,gru,9.159090933597641,1.0571016897519205,2
main,A3,15,0.5,gru,10.960776413594166,0.1369343032200907,3
main,A3,15,0.5,gru,10.734978164863687,0.23699238198595984,4
main,A3,15,0.75,stay,14.472054066909463,nan,
main,A3,15,0.75,mean,17.43239530849002,0.3933419697561859,
main,A3,15,0.75,const_velocity,8.239938996955983,0.3933419697561859,
main,A3,15,0.75,kalman,8.079778766353463,0.3933419697561859,
main,A3,15,0.75,min_jerk,15.913052718192935,0.6333481187502431,
main,A3,15,0.75,gru,8.463893902268762,0.14801241108575336,0
main,A3,15,0.75,gru,13.914402260614258,0.047638822110505186,1
main,A3,15,0.75,gru,10.250969237020936,0.5131146127859639,2
main,A3,15,0.75,gru,11.243914812002636,0.05581469484963886,3
main,A3,15,0.75,gru,9.99263318077972,0.06621069857278339,4
main,A3,17,0.25,stay,37.853292801886305,nan,
main,A3,17,0.25,mean,11.629432312536132,0.31584233321183053,
main,A3,17,0.25,const_velocity,36.600165869220156,0.31584233321183053,
main,A3,17,0.25,kalman,28.664901852545256,0.31584233321183053,
main,A3,17,0.25,min_jerk,548.2575884932895,1.5833154351970735,
main,A3,17,0.25,gru,15.382171851283887,0.2072129804912437,0
main,A3,17,0.25,gru,18.327237782341044,0.4905231554332603,1
main,A3,17,0.25,gru,6.533439157223775,0.1452477533641685,2
main,A3,17,0.25,gru,7.222349016947968,0.11753803084524761,3
main,A3,17,0.25,gru,15.830868556428438,0.28188448737295757,4
main,A3,17,0.5,stay,19.98099819265067,nan,
main,A3,17,0.5,mean,11.629432312536132,0.2091726297528137,
main,A3,17,0.5,const_velocity,46.791823594800746,0.2091726297528137,
main,A3,17,0.5,kalman,43.92674476387708,0.2091726297528137,
main,A3,17,0.5,min_jerk,69.3735781827017,0.5333154351970737,
main,A3,17,0.5,gru,8.810652267967741,0.16651211904308721,0
main,A3,17,0.5,gru,5.0755312039594385,0.23497243450901434,1
main,A3,17,0.5,gru,3.348943022278053,0.030821102130626887,2
main,A3,17,0.5,gru,5.927528710593961,0.11421163605472967,3
main,A3,17,0.5,gru,4.459560417096022,0.14637045787594244,4
main,A3,17,0.75,stay,7.4103851133907925,nan,
main,A3,17,0.75,mean,11.629432312536132,0.10666970294137443,
main,A3,17,0.75,const_velocity,14.126037613022934,0.10666970294137443,
main,A3,17,0.75,kalman,16.836816808975687,0.10666970294137443,
main,A3,17,0.75,min_jerk,2.175532703013135,0.06664954671024473,
main,A3,17,0.75,gru,8.646098563657322,0.28389728927026947,0
main,A3,17,0.75,gru,7.72691738162985,0.26107428335558136,1
main,A3,17,0.75,gru,1.0098433930764283,0.055264496439802274,2
main,A3,17,0.75,gru,7.198652134847625,0.19896624349962436,3
main,A3,17,0.75,gru,2.2273925451258765,0.281982102626669,4
main,A3,19,0.25,stay,42.79448134880639,nan,
main,A3,19,0.25,mean,31.569035460661432,0.4508422315910954,
main,A3,19,0.25,const_velocity,22.609120999707745,0.4508422315910954,
main,A3,19,0.25,kalman,19.04754116185316,0.4508422315910954,
main,A3,19,0.25,min_jerk,30.792134793262633,0.5667149138165835,
main,A3,19,0.25,gru,2.9932568382172833,0.8801117172325073,0
main,A3,19,0.25,gru,6.445909242513283,0.568203829773706,1
main,A3,19,0.25,gru,6.261697426800089,0.6701946487510619,2
main,A3,19,0.25,gru,1.7281239049734876,0.9786346187675414,3
main,A3,19,0.25,gru,3.6179050011021423,0.9683952560508666,4
main,A3,19,0.5,stay,24.17707846889871,nan,
main,A3,19,0.5,mean,31.569035460661432,0.29083904294474666,
main,A3,19,0.5,const_velocity,6.923163989147054,0.29083904294474666,
main,A3,19,0.5,kalman,6.64173943731585,0.29083904294474666,
main,A3,19,0.5,min_jerk,16.995936213687795,0.18338313684292462,
main,A3,19,0.5,gru,10.08194572229116,0.5661075980922767,0
main,A3,19,0.5,gru,8.202404119875437,0.012497511651236692,1
main,A3,19,0.5,gru,5.168475789305176,0.12893578693656238,2
main,A3,19,0.5,gru,10.389272989928338,0.23334094598503796,3
main,A3,19,0.5,gru,8.19548889725506,0.22177657201500622,4
main,A3,19,0.75,stay,9.807362216265899,nan,
main,A3,19,0.75,mean,31.569035460661432,0.1600031891639911,
main,A3,19,0.75,const_velocity,0.6262073541535705,0.1600031891639911,
main,A3,19,0.75,kalman,1.1586729638893147,0.1600031891639911,
main,A3,19,0.75,min_jerk,8.238020963616139,0.09994864013073435,
main,A3,19,0.75,gru,9.576325434553503,0.09256976435812603,0
main,A3,19,0.75,gru,8.584807930148466,0.08517209102479328,1
main,A3,19,0.75,gru,3.8674132795133613,0.1852324049648415,2
main,A3,19,0.75,gru,6.855174763163695,0.09360841323701252,3
main,A3,19,0.75,gru,2.767706662223884,0.20122352649537434,4
main,B3,1,0.25,stay,11.606279488382992,nan,
main,B3,1,0.25,mean,16.440174631551066,0.21750282358534168,
main,B3,1,0.25,const_velocity,6.338382492113601,0.21750282358534168,
main,B3,1,0.25,kalman,6.526614132519631,0.21750282358534168,
main,B3,1,0.25,min_jerk,46.62857919647444,1.2166273665117329,
main,B3,1,0.25,gru,11.263251122529587,0.31030762395652267,0
main,B3,1,0.25,gru,8.305781880553996,0.016133548829874722,1
main,B3,1,0.25,gru,12.836271863979775,0.699875833604655,2
main,B3,1,0.25,gru,7.852047342271506,0.3581130524614665,3
main,B3,1,0.25,gru,11.732071313897647,0.65841305455955,4
main,B3,1,0.5,stay,6.227752973541751,nan,
main,B3,1,0.5,mean,16.440174631551066,0.15750217114714898,
main,B3,1,0.5,const_velocity,4.809015021468087,0.15750217114714898,
main,B3,1,0.5,kalman,5.581528363522682,0.15750217114714898,
main,B3,1,0.5,min_jerk,4.990505102687394,3.854438272365979e-05,
main,B3,1,0.5,gru,9.67778677069496,0.34233838029789443,0
main,B3,1,0.5,gru,9.77944011975246,0.2687968582718324,1
main,B3,1,0.5,gru,9.442901500718778,0.33138006635593886,2
main,B3,1,0.5,gru,11.501999077645587,0.48134106107639785,3
main,B3,1,0.5,gru,12.506929681093212,0.5615025133697938,4
main,B3,1,0.75,stay,1.7529249353252678,nan,
main,B3,1,0.75,mean,16.440174631551066,0.06000065295583512,
main,B3,1,0.75,const_velocity,2.382073191667303,0.06000065295583512,
main,B3,1,0.75,kalman,0.8312436072814902,0.06000065295583512,
main,B3,1,0.75,min_jerk,3.1342861409245333,0.06670445527717989,
main,B3,1,0.75,gru,3.8462967253879357,0.25590384496554347,0
main,B3,1,0.75,gru,5.6925620704426825,0.377381448877897,1
main,B3,1,0.75,gru,4.166406574262877,0.016456807719621935,2
main,B3,1,0.75,gru,5.4200462440673665,0.35387212528094264,3
main,B3,1,0.75,gru,4.930569986461344,0.29497045768603297,4
main,B3,3,0.25,stay,22.30314405517241,nan,
main,B3,3,0.25,mean,15.586711939825362,0.28250851299781216,
main,B3,3,0.25,const_velocity,16.81946119194157,0.28250851299781216,
main,B3,3,0.25,kalman,13.930514569162533,0.28250851299781216,
main,B3,3,0.25,min_jerk,14.161837216164793,0.10001813853304614,
main,B3,3,0.25,gru,7.047387769272633,0.49913252770123656,0
main,B3,3,0.25,gru,6.915215478498396,0.5729159253757972,1
main,B3,3,0.25,gru,6.045684298074642,0.29760564743695433,2
main,B3,3,0.25,gru,7.939533163956264,0.3165469902676123,3
main,B3,3,0.25,gru,9.033415663834067,0.388442768446781,4
main,B3,3,0.5,stay,9.503565220693057,nan,
main,B3,3,0.5,mean,15.586711939825362,0.17583871990828692,
main,B3,3,0.5,const_velocity,29.991045046021057,0.17583871990828692,
main,B3,3,0.5,kalman,32.18427734007866,0.17583871990828692,
main,B3,3,0.5,min_jerk,36.15525429257415,0.3999818614669534,
main,B3,3,0.5,gru,7.327740006991528,0.07382843388422938,0
main,B3,3,0.5,gru,9.588134508274276,0.04245150579318019,1
main,B3,3,0.5,gru,7.542432926150436,0.16182429088458034,2
main,B3,3,0.5,gru,5.945947626760537,0.04684371246203395,3
main,B3,3,0.5,gru,5.6568807692156025,0.05917402611866979,4
main,B3,3,0.75,stay,2.0523388752100065,nan,
main,B3,3,0.75,mean,15.586711939825362,0.10666979257188283,
main,B3,3,0.75,const_velocity,7.829262424525633,0.10666979257188283,
main,B3,3,0.75,kalman,8.574762290267305,0.10666979257188283,
main,B3,3,0.75,min_jerk,1.969302210103453,0.016684049427502706,
main,B3,3,0.75,gru,3.1705292824800524,0.10312972352815827,0
main,B3,3,0.75,gru,0.6566730648445376,0.0911212353499051,1
main,B3,3,0.75,gru,3.0411234745705804,0.11332067237211427,2
main,B3,3,0.75,gru,3.4462800686118706,0.10788249359441957,3
main,B3,3,0.75,gru,5.080683080301961,0.0721051482946988,4
main,B3,5,0.25,stay,18.042417561121887,nan,
main,B3,5,0.25,mean,14.221302745790712,0.7175141601684956,
main,B3,5,0.25,const_velocity,3.7078873189530253,0.7175141601684956,
main,B3,5,0.25,kalman,2.019188331091918,0.7175141601684956,
main,B3,5,0.25,min_jerk,17.598277162934128,1.3167157918603336,
main,B3,5,0.25,gru,4.0853728062019625,0.17672873513334508,0
main,B3,5,0.25,gru,5.616181028023884,0.4740337826453995,1
main,B3,5,0.25,gru,7.69066415757689,0.8012155987464737,2
main,B3,5,0.25,gru,5.009740293015785,0.18156350628965612,3
main,B3,5,0.25,gru,5.0021907989817995,0.3436935044967484,4
main,B3,5,0.5,stay,13.427232717057644,nan,
main,B3,5,0.5,mean,14.221302745790712,0.49084306220258483,
main,B3,5,0.5,const_velocity,12.457193897824444,0.49084306220258483,
main,B3,5,0.5,kalman,12.079947458845773,0.49084306220258483,
main,B3,5,0.5,min_jerk,13.783683912957665,0.9666885840607641,
main,B3,5,0.5,gru,4.083444789188648,0.20743541839590096,0
main,B3,5,0.5,gru,4.701268650117796,0.023835111884975668,1
main,B3,5,0.5,gru,6.931941413614473,0.5809768843365667,2
main,B3,5,0.5,gru,4.017407967556571,0.3818237078475001,3
main,B3,5,0.5,gru,3.444691173844414,0.5028095734404566,4
main,B3,5,0.75,stay,9.368035441828882,nan,
main,B3,5,0.75,mean,14.221302745790712,0.22667109848355305,
main,B3,5,0.75,const_velocity,7.210269377157805,0.22667109848355305,
main,B3,5,0.75,kalman,6.966373942678168,0.22667109848355305,
main,B3,5,0.75,min_jerk,11.868996302063199,0.46667724747761025,
main,B3,5,0.75,gru,3.5879051466586933,0.29436749319926964,0
main,B3,5,0.75,gru,4.994272654157115,0.2327719340790914,1
main,B3,5,0.75,gru,8.664308202593968,0.33101114530666603,2
main,B3,5,0.75,gru,6.194380463575917,0.43155849079982506,3
main,B3,5,0.75,gru,4.87188493627288,0.33890569310085045,4
main,B3,7,0.25,stay,16.203719970735246,nan,
main,B3,7,0.25,mean,18.110648027566953,0.017498288952080165,
main,B3,7,0.25,const_velocity,8.37910170681688,0.017498288952080165,
main,B3,7,0.25,kalman,5.782008306071475,0.017498288952080165,
main,B3,7,0.25,min_jerk,19.20527581845705,0.4666364357782563,
main,B3,7,0.25,gru,7.551233373954955,0.17828841877502588,0
main,B3,7,0.25,gru,2.9736391447789687,0.01149521398025366,1
main,B3,7,0.25,gru,2.20203841132225,0.03560598564666895,2
main,B3,7,0.25,gru,5.837654353711855,0.06685300541443018,3
main,B3,7,0.25,gru,6.682549576335209,0.10259087753814844,4
main,B3,7,0.5,stay,9.124178716297719,nan,
main,B3,7,0.5,mean,18.110648027566953,0.024165814724974644,
main,B3,7,0.5,const_velocity,3.491270625912201,0.024165814724974644,
main,B3,7,0.5,kalman,3.9346472456782107,0.024165814724974644,
main,B3,7,0.5,min_jerk,5.480224886699016,0.16669538601065648,
main,B3,7,0.5,gru,3.8935144536164956,0.2547867181119755,0
main,B3,7,0.5,gru,3.125621396390141,0.0534035084428951,1
main,B3,7,0.5,gru,2.5303610824488243,0.015386748534186201,2
main,B3,7,0.5,gru,2.9251186251015584,0.06278769991968425,3
main,B3,7,0.5,gru,3.6701922860393017,0.1438712956724003,4
main,B3,7,0.75,stay,2.728374200448376,nan,
main,B3,7,0.75,mean,18.110648027566953,0.006667525255252077,
main,B3,7,0.75,const_velocity,1.7875024106683561,0.006667525255252077,
main,B3,7,0.75,kalman,1.8511924665302844,0.006667525255252077,
main,B3,7,0.75,min_jerk,2.842398997040224,0.05002947511620029,
main,B3,7,0.75,gru,3.104981786067189,0.08009374191709392,0
main,B3,7,0.75,gru,2.4471133883626197,0.015907152987042733,1
main,B3,7,0.75,gru,0.204338070748635,0.012591108179608651,2
main,B3,7,0.75,gru,1.7195804174598015,0.007097363972147636,3
main,B3,7,0.75,gru,1.1309524590691526,0.019958525395909615,4
main,B3,9,0.25,stay,33.979809824998355,nan,
main,B3,9,0.25,mean,21.303415558280943,0.08250397836455059,
main,B3,9,0.25,const_velocity,20.211105892763676,0.08250397836455059,
main,B3,9,0.25,kalman,21.832474120910987,0.08250397836455059,
main,B3,9,0.25,min_jerk,4.3180959691043315,0.033359029588482136,
main,B3,9,0.25,gru,12.275619374453235,1.2643123240082215,0
main,B3,9,0.25,gru,8.273601411083922,0.5291743845550966,1
main,B3,9,0.25,gru,10.384009773178454,0.6081556648819398,2
main,B3,9,0.25,gru,12.60181456074985,1.2106690973846863,3
main,B3,9,0.25,gru,2.895621934680835,0.5447223753540468,4
main,B3,9,0.5,stay,19.63906752683989,nan,
main,B3,9,0.5,mean,21.303415558280943,0.04250236348611258,
main,B3,9,0.5,const_velocity,13.316037131965807,0.04250236348611258,
main,B3,9,0.5,kalman,14.115848989579884,0.04250236348611258,
main,B3,9,0.5,min_jerk,13.264197907349013,0.1333590295884826,
main,B3,9,0.5,gru,16.24172932622076,1.0398883956593055,0
main,B3,9,0.5,gru,9.229157954099273,0.18749941765484984,1
main,B3,9,0.5,gru,9.991466764532497,0.3137654799145239,2
main,B3,9,0.5,gru,14.272732255401866,1.3593155282658118,3
main,B3,9,0.5,gru,4.279051035334435,0.2084856766384619,4
main,B3,9,0.75,stay,7.101827756599895,nan,
main,B3,9,0.75,mean,21.303415558280943,0.04000161436079566,
main,B3,9,0.75,const_velocity,4.645161111679938,0.04000161436079566,
main,B3,9,0.75,kalman,4.867217502181155,0.04000161436079566,
main,B3,9,0.75,min_jerk,7.085044440494167,0.016693118694025816,
main,B3,9,0.75,gru,16.72722632602557,0.9736297560619289,0
main,B3,9,0.75,gru,7.653070607740599,0.13940758833159747,1
main,B3,9,0.75,gru,8.638582907492822,0.2725429964946682,2
main,B3,9,0.75,gru,15.611702291796961,1.3874063921855861,3
main,B3,9,0.75,gru,7.265235305828647,0.2772959006713802,4
main,B3,11,0.25,stay,25.659595036180168,nan,
main,B3,11,0.25,mean,2.9229032000799786,0.18250624568118134,
main,B3,11,0.25,const_velocity,6.094620805229992,0.18250624568118134,
main,B3,11,0.25,kalman,8.191778324125307,0.18250624568118134,
main,B3,11,0.25,min_jerk,20.57472866164963,0.2833544949552206,
main,B3,11,0.25,gru,9.193838142457006,0.8665273541574939,0
main,B3,11,0.25,gru,4.412680501298751,0.3878541344767078,1
main,B3,11,0.25,gru,9.695293028938682,0.8717950934534534,2
main,B3,11,0.25,gru,5.327032245957832,0.5624606961374744,3
main,B3,11,0.25,gru,7.4049144977114345,0.6509353274469837,4
main,B3,11,0.5,stay,12.993110983994832,nan,
main,B3,11,0.5,mean,2.9229032000799786,0.10917054169719975,
main,B3,11,0.5,const_velocity,20.758187485182237,0.10917054169719975,
main,B3,11,0.5,kalman,22.367283811131728,0.10917054169719975,
main,B3,11,0.5,min_jerk,32.37707491722645,0.4999773268336917,
main,B3,11,0.5,gru,13.687287342175184,0.5190787110354622,0
main,B3,11,0.5,gru,8.517147221017291,0.09727785921356275,1
main,B3,11,0.5,gru,14.542711414911919,0.7468997631098946,2
main,B3,11,0.5,gru,8.71052277913582,0.3063921127345283,3
main,B3,11,0.5,gru,10.931981526062206,0.3106879386927803,4
main,B3,11,0.75,stay,4.466774482915972,nan,
main,B3,11,0.75,mean,2.9229032000799786,0.07333570346633925,
main,B3,11,0.75,const_velocity,2.8008382301047496,0.07333570346633925,
main,B3,11,0.75,kalman,4.337729695896893,0.07333570346633925,
main,B3,11,0.75,min_jerk,1.9481930600184574,0.016645505044779102,
main,B3,11,0.75,gru,7.579973698928064,0.5373423656562115,0
main,B3,11,0.75,gru,2.897692722342161,0.14935770240814936,1
main,B3,11,0.75,gru,7.721363384366994,0.45465880242378964,2
main,B3,11,0.75,gru,4.423917097313567,0.33511244860680356,3
main,B3,11,0.75,gru,4.943272072742435,0.4444657525161053,4
main,B3,13,0.25,stay,26.82959810828175,nan,
main,B3,13,0.25,mean,19.91451127829919,0.11750055626871092,
main,B3,13,0.25,const_velocity,17.906488419148896,0.11750055626871092,
main,B3,13,0.25,kalman,16.728727209808643,0.11750055626871092,
main,B3,13,0.25,min_jerk,146.94287695365728,2.3166296338283634,
main,B3,13,0.25,gru,9.081101570423371,0.06005801720462978,0
main,B3,13,0.25,gru,11.890044365575795,0.17690096335567296,1
main,B3,13,0.25,gru,13.980348444926877,0.22444544272579015,2
main,B3,13,0.25,gru,8.607558301385614,0.002689142654764054,3
main,B3,13,0.25,gru,9.436957131432877,0.11200125975452602,4
main,B3,13,0.5,stay,17.08747646544638,nan,
main,B3,13,0.5,mean,19.91451127829919,0.09083399293606181,
main,B3,13,0.5,const_velocity,1.4454099456122067,0.09083399293606181,
main,B3,13,0.5,kalman,1.9755663053010974,0.09083399293606181,
main,B3,13,0.5,min_jerk,11.569391599171757,0.1666319011449945,
main,B3,13,0.5,gru,5.324770339850268,0.4554979430152072,0
main,B3,13,0.5,gru,5.404942186325061,0.5618910418463839,1
main,B3,13,0.5,gru,6.743016092157507,0.7356438265753878,2
main,B3,13,0.5,gru,2.192123472805035,0.28064026698600186,3
main,B3,13,0.5,gru,6.5959659850361705,0.4779663907004489,4
main,B3,13,0.75,stay,6.428710397207753,nan,
main,B3,13,0.75,mean,19.91451127829919,0.026666563850291536,
main,B3,13,0.75,const_velocity,2.0327918780723353,0.026666563850291536,
main,B3,13,0.75,kalman,2.6011059541477803,0.026666563850291536,
main,B3,13,0.75,min_jerk,5.106165264385038,0.19996599025053768,
main,B3,13,0.75,gru,8.892689309481453,0.38353409143116396,0
main,B3,13,0.75,gru,11.036359550515037,0.426487701851391,1
main,B3,13,0.75,gru,12.944713413454837,0.8714341101231806,2
main,B3,13,0.75,gru,5.274608168341765,0.16234173150684755,3
main,B3,13,0.75,gru,14.049377766033963,1.0991921600880854,4
main,B3,15,0.25,stay,16.661131476236402,nan,
main,B3,15,0.25,mean,16.73135006750186,1.5508663878070854,
main,B3,15,0.25,const_velocity,10.924698846377371,1.5508663878070854,
main,B3,15,0.25,kalman,10.29837341029538,1.5508663878070854,
main,B3,15,0.25,min_jerk,17.01500503410279,2.18341117787099,
main,B3,15,0.25,gru,7.22734510806629,0.774255424136681,0
main,B3,15,0.25,gru,11.814655503795244,0.8510954672046132,1
main,B3,15,0.25,gru,11.394698667423773,0.9799675041385121,2
main,B3,15,0.25,gru,10.436223171700792,0.75176027357058,3
main,B3,15,0.25,gru,8.241558676266985,0.9351344400592274,4
main,B3,15,0.5,stay,22.613457864826795,nan,
main,B3,15,0.5,mean,16.73135006750186,1.0241884878912824,
main,B3,15,0.5,const_velocity,30.606247417320503,1.0241884878912824,
main,B3,15,0.5,kalman,30.432642498017117,1.0241884878912824,
main,B3,15,0.5,min_jerk,17.470236684792166,1.5000340097494615,
main,B3,15,0.5,gru,10.612875904736786,0.13699380093293323,0
main,B3,15,0.5,gru,10.001137706873438,0.3680080526419176,1
main,B3,15,0.5,gru,10.75612017407155,0.46381202870087757,2
main,B3,15,0.5,gru,8.224344313235573,0.1986108177252306,3
main,B3,15,0.5,gru,11.71296788571499,0.37208346062379016,4
main,B3,15,0.75,stay,21.239115918483694,nan,
main,B3,15,0.75,mean,16.73135006750186,0.5266779004334454,
main,B3,15,0.75,const_velocity,16.273796653282826,0.5266779004334454,
main,B3,15,0.75,kalman,16.698724499657256,0.5266779004334454,
main,B3,15,0.75,min_jerk,20.483666987907284,0.7666840494275026,
main,B3,15,0.75,gru,15.765552023236271,0.5123697578311034,0
main,B3,15,0.75,gru,17.33769586025703,0.29939687842131335,1
main,B3,15,0.75,gru,9.869947010016071,0.3423887550234862,2
main,B3,15,0.75,gru,15.257908990943001,0.6260302125811644,3
main,B3,15,0.75,gru,12.396426329374805,0.28035998934508044,4
main,B3,17,0.25,stay,33.14992228539165,nan,
main,B3,17,0.25,mean,8.151032338937872,0.049169889259007005,
main,B3,17,0.25,const_velocity,28.018390732413785,0.049169889259007005,
main,B3,17,0.25,kalman,24.310709292170483,0.049169889259007005,
main,B3,17,0.25,min_jerk,8.696957359062054,0.13335902958848245,
main,B3,17,0.25,gru,15.951927691768757,0.4460327469266038,0
main,B3,17,0.25,gru,13.390383558719765,0.23085556854373024,1
main,B3,17,0.25,gru,6.622756120927714,0.32072184909945534,2
main,B3,17,0.25,gru,8.79011682606844,0.09508381713992164,3
main,B3,17,0.25,gru,16.048503006633542,0.3453661047375779,4
main,B3,17,0.5,stay,14.859436430700562,nan,
main,B3,17,0.5,mean,8.151032338937872,0.04250236348611258,
main,B3,17,0.5,const_velocity,17.517314074355696,0.04250236348611258,
main,B3,17,0.5,kalman,18.752690263918318,0.04250236348611258,
main,B3,17,0.5,min_jerk,7.808351615178726,0.13335902958848217,
main,B3,17,0.5,gru,7.205964983642044,0.42642904698071654,0
main,B3,17,0.5,gru,2.677184578041772,0.0047516387778741564,1
main,B3,17,0.5,gru,0.8542372361350864,0.07246442019162352,2
main,B3,17,0.5,gru,0.5115564933756508,0.06970949351010497,3
main,B3,17,0.5,gru,2.582587912622154,0.30018676697430785,4
main,B3,17,0.75,stay,3.866917612943582,nan,
main,B3,17,0.75,mean,8.151032338937872,0.04000161436079566,
main,B3,17,0.75,const_velocity,3.7678717674970414,0.04000161436079566,
main,B3,17,0.75,kalman,5.719913234681119,0.04000161436079566,
main,B3,17,0.75,min_jerk,4.3613903183575315,0.08335902958848254,
main,B3,17,0.75,gru,7.301664417802415,0.2992915941165859,0
main,B3,17,0.75,gru,2.3626507791963745,0.016707999794381284,1
main,B3,17,0.75,gru,1.2004473343330826,0.007697807462317324,2
main,B3,17,0.75,gru,2.969564830165607,0.06116090544928851,3
main,B3,17,0.75,gru,0.6926389989631607,0.019577307789223813,4
main,B3,19,0.25,stay,36.916176876799476,nan,
main,B3,19,0.25,mean,16.729707832560653,0.517509625535234,
main,B3,19,0.25,const_velocity,2.0382907330528286,0.517509625535234,
main,B3,19,0.25,kalman,6.88738053590992,0.517509625535234,
main,B3,19,0.25,min_jerk,100.65014014993746,1.5332819408230347,
main,B3,19,0.25,gru,9.882910313439284,0.36857540105478703,0
main,B3,19,0.25,gru,4.424626402559994,0.3922607371677631,1
main,B3,19,0.25,gru,11.518592871596487,0.03770751451151311,2
main,B3,19,0.25,gru,6.552651976061847,0.5595107743610614,3
main,B3,19,0.25,gru,5.395295193580858,0.060798353897499435,4
main,B3,19,0.5,stay,22.056675431744342,nan,
main,B3,19,0.5,mean,16.729707832560653,0.3575067057804105,
main,B3,19,0.5,const_velocity,13.304928237149749,0.3575067057804105,
main,B3,19,0.5,kalman,9.804052182194775,0.3575067057804105,
main,B3,19,0.5,min_jerk,12.376579327422462,0.16671579186033403,
main,B3,19,0.5,gru,10.221543215724465,0.6814042134777433,0
main,B3,19,0.5,gru,13.47789429514014,0.6255460782543546,1
main,B3,19,0.5,gru,4.710035899965122,0.01273886399425328,2
main,B3,19,0.5,gru,11.315904286296144,0.6138438983456022,3
main,B3,19,0.5,gru,9.067265203786986,0.5965679688946134,4
main,B3,19,0.75,stay,9.819931035858513,nan,
main,B3,19,0.75,mean,16.729707832560653,0.16000292027246588,
main,B3,19,0.75,const_velocity,2.981455491002228,0.16000292027246588,
main,B3,19,0.75,kalman,3.107512908308191,0.16000292027246588,
main,B3,19,0.75,min_jerk,10.256611124745294,0.03338397007142074,
main,B3,19,0.75,gru,7.9484608129372605,0.21631487863997106,0
main,B3,19,0.75,gru,13.838837794477024,0.3337471153114188,1
main,B3,19,0.75,gru,2.0377812331247727,0.15131338280698176,2
main,B3,19,0.75,gru,8.092798024678274,0.13557561892012243,3
main,B3,19,0.75,gru,7.634814659549136,0.06266936319807653,4
cross_person,B1,1,0.25,stay,13.881683105721779,nan,
cross_person,B1,1,0.25,mean,24.32531559828166,0.3722320057496763,
cross_person,B1,1,0.25,const_velocity,6.002489787815649,0.3722320057496763,
cross_person,B1,1,0.25,kalman,5.171814197144062,0.3722320057496763,
cross_person,B1,1,0.25,min_jerk,14.954102126652453,1.3499501892807326,
cross_person,B1,1,0.25,gru,6.058538978455932,0.6410778392063493,0
cross_person,B1,1,0.25,gru,6.544642446148552,0.7931026596533174,1
cross_person,B1,1,0.25,gru,6.955917319855846,0.7536534447180147,2
cross_person,B1,1,0.25,gru,12.718335304547585,0.9302116822408552,3
cross_person,B1,1,0.25,gru,8.932544901773298,0.8367216218220109,4
cross_person,B1,1,0.5,stay,6.46900428111217,nan,
cross_person,B1,1,0.5,mean,24.32531559828166,0.23778404123882996,
cross_person,B1,1,0.5,const_velocity,1.9900283485170713,0.23778404123882996,
cross_person,B1,1,0.5,kalman,1.3540016269385886,0.23778404123882996,
cross_person,B1,1,0.5,min_jerk,57.501522835691475,2.0832868433286826,
cross_person,B1,1,0.5,gru,4.738147385097722,0.43308824401967605,0
cross_person,B1,1,0.5,gru,4.2351672860338505,0.530918561934162,1
cross_person,B1,1,0.5,gru,5.03771650297227,0.5172408382283934,2
cross_person,B1,1,0.5,gru,7.201256978952062,0.6061201440977343,3
cross_person,B1,1,0.5,gru,6.179324377908863,0.5687707747208365,4
cross_person,B1,1,0.75,stay,1.8951502601263086,nan,
cross_person,B1,1,0.75,mean,24.32531559828166,0.136670239301914,
cross_person,B1,1,0.75,const_velocity,2.1736117688151477,0.136670239301914,
cross_person,B1,1,0.75,kalman,2.6588774613726716,0.136670239301914,
cross_person,B1,1,0.75,min_jerk,5.087420668576315,0.38328933386464714,
cross_person,B1,1,0.75,gru,3.2673642082235976,0.18752733553644274,0
cross_person,B1,1,0.75,gru,1.8520354269717492,0.25782359327074145,1
cross_person,B1,1,0.75,gru,3.707007646512145,0.25317405099865053,2
cross_person,B1,1,0.75,gru,4.735853914623722,0.310840222340785,3
cross_person,B1,1,0.75,gru,3.073561229513424,0.2865630530833826,4
cross_person,B1,3,0.25,stay,27.830730080523253,nan,
cross_person,B1,3,0.25,mean,26.992638270225942,0.2611171009780916,
cross_person,B1,3,0.25,const_velocity,56.792132957741856,0.2611171009780916,
cross_person,B1,3,0.25,kalman,46.5741603248481,0.2611171009780916,
cross_person,B1,3,0.25,min_jerk,56.07740705402918,0.2666508932722321,
cross_person,B1,3,0.25,gru,0.7809545912137561,0.08701217855211352,0
cross_person,B1,3,0.25,gru,2.0851171367221664,0.15947774733301257,1
cross_person,B1,3,0.25,gru,1.3433573923165056,0.1716745414852724,2
cross_person,B1,3,0.25,gru,7.096436594135744,0.19670581008192156,3
cross_person,B1,3,0.25,gru,3.782411310085349,0.21512047137018298,4
cross_person,B1,3,0.5,stay,16.138237629878567,nan,
cross_person,B1,3,0.5,mean,26.992638270225942,0.16222592090502336,
cross_person,B1,3,0.5,const_velocity,30.668646906198244,0.16222592090502336,
cross_person,B1,3,0.5,kalman,34.989614423024605,0.16222592090502336,
cross_person,B1,3,0.5,min_jerk,11.51838467878323,0.10001494321578008,
cross_person,B1,3,0.5,gru,2.523659604258057,0.036950065489981365,0
cross_person,B1,3,0.5,gru,6.773696410086534,0.08585281550524015,1
cross_person,B1,3,0.5,gru,4.3384227910600055,0.10668521999952574,2
cross_person,B1,3,0.5,gru,4.199538915632026,0.12002410620090742,3
cross_person,B1,3,0.5,gru,5.223621659626204,0.15070127576229353,4
cross_person,B1,3,0.75,stay,7.737298414857571,nan,
cross_person,B1,3,0.75,mean,26.992638270225942,0.06333474177001269,
cross_person,B1,3,0.75,const_velocity,9.134787215800788,0.06333474177001269,
cross_person,B1,3,0.75,kalman,12.343334090502275,0.06333474177001269,
cross_person,B1,3,0.75,min_jerk,6.820499369498474,0.03334910672776789,
cross_person,B1,3,0.75,gru,3.512000571321082,0.0239385607433468,0
cross_person,B1,3,0.75,gru,6.5381563323040295,0.011450229327663791,1
cross_person,B1,3,0.75,gru,4.726651627609064,0.03481003467319907,2
cross_person,B1,3,0.75,gru,5.471751537317752,0.04693192813871802,3
cross_person,B1,3,0.75,gru,5.624769644005844,0.07042593334196509,4
cross_person,B1,5,0.25,stay,14.573843961668503,nan,
cross_person,B1,5,0.25,mean,28.303005104440338,0.06111211990616494,
cross_person,B1,5,0.25,const_velocity,10.825490608148902,0.06111211990616494,
cross_person,B1,5,0.25,kalman,7.578984029387778,0.06111211990616494,
cross_person,B1,5,0.25,min_jerk,339.468817275002,2.7166409311283783,
cross_person,B1,5,0.25,gru,8.452967828818565,0.23064517275804286,0
cross_person,B1,5,0.25,gru,6.374879551939304,0.343087159557283,1
cross_person,B1,5,0.25,gru,6.61541031687964,0.2947803665828109,2
cross_person,B1,5,0.25,gru,10.386367265517608,0.3666801382731796,3
cross_person,B1,5,0.25,gru,10.435056850178261,0.3067932059001327,4
cross_person,B1,5,0.5,stay,10.096719837184496,nan,
cross_person,B1,5,0.5,mean,28.303005104440338,0.028889266857072216,
cross_person,B1,5,0.5,const_velocity,7.294350393643597,0.028889266857072216,
cross_person,B1,5,0.5,kalman,8.136472763258938,0.028889266857072216,
cross_person,B1,5,0.5,min_jerk,6.055152135702673,0.03330925815235419,
cross_person,B1,5,0.5,gru,8.757191876501592,0.14622152302380287,0
cross_person,B1,5,0.5,gru,6.323291524618317,0.25175375197048866,1
cross_person,B1,5,0.5,gru,7.307017316678582,0.21813019070740425,2
cross_person,B1,5,0.5,gru,10.37071032814136,0.29157776091213905,3
cross_person,B1,5,0.5,gru,10.43811694876374,0.26512460116263115,4
cross_person,B1,5,0.75,stay,3.188239998314853,nan,
cross_person,B1,5,0.75,mean,28.303005104440338,0.030000578258024907,
cross_person,B1,5,0.75,const_velocity,3.7992610002683636,0.030000578258024907,
cross_person,B1,5,0.75,kalman,4.277782354951261,0.030000578258024907,
cross_person,B1,5,0.75,min_jerk,3.3782507249435585,0.19997509464036628,
cross_person,B1,5,0.75,gru,3.3577139258803936,0.0005957897246069987,0
cross_person,B1,5,0.75,gru,2.4386962902331284,0.08698467505572366,1
cross_person,B1,5,0.75,gru,2.6576484861562704,0.06960742515919732,2
cross_person,B1,5,0.75,gru,3.8332598369621724,0.1260511871933751,3
cross_person,B1,5,0.75,gru,4.752820289494274,0.1151210513472371,4
cross_person,B1,7,0.25,stay,14.19933448159702,nan,
cross_person,B1,7,0.25,mean,19.977523392269468,0.13889286116576183,
cross_person,B1,7,0.25,const_velocity,15.995320345604142,0.13889286116576183,
cross_person,B1,7,0.25,kalman,12.068872558804465,0.13889286116576183,
cross_person,B1,7,0.25,min_jerk,233.4512143428809,2.516630968984525,
cross_person,B1,7,0.25,gru,4.7824717134515735,0.44757086940041946,0
cross_person,B1,7,0.25,gru,3.8761427853114307,0.539097049906172,1
cross_person,B1,7,0.25,gru,3.671443572846525,0.4890894085907118,2
cross_person,B1,7,0.25,gru,3.5705248000114036,0.4945516378425734,3
cross_person,B1,7,0.25,gru,2.1201961078166587,0.4629731268428938,4
cross_person,B1,7,0.5,stay,5.157762541968171,nan,
cross_person,B1,7,0.5,mean,19.977523392269468,0.10444738719087893,
cross_person,B1,7,0.5,const_velocity,8.402952083058793,0.10444738719087893,
cross_person,B1,7,0.5,kalman,9.718329675808757,0.10444738719087893,
cross_person,B1,7,0.5,min_jerk,7.666669078609839,0.11663345952048887,
cross_person,B1,7,0.5,gru,0.5897459840541116,0.30781419106120256,0
cross_person,B1,7,0.5,gru,1.9639589750952011,0.39640623607033876,1
cross_person,B1,7,0.5,gru,0.8733585917475273,0.36488618977660325,2
cross_person,B1,7,0.5,gru,2.456408213439171,0.40047260649794725,3
cross_person,B1,7,0.5,gru,1.6022798071215916,0.3946523917495647,4
cross_person,B1,7,0.75,stay,1.0935682926439638,nan,
cross_person,B1,7,0.75,mean,19.977523392269468,0.07000191227793842,
cross_person,B1,7,0.75,const_velocity,2.3127577089549134,0.07000191227793842,
cross_person,B1,7,0.75,kalman,2.399957423024425,0.07000191227793842,
cross_person,B1,7,0.75,min_jerk,1.674828013670786,0.11669821345553605,
cross_person,B1,7,0.75,gru,1.4205535572359378,0.1044385249232948,0
cross_person,B1,7,0.75,gru,1.9321035557463253,0.18227780260798337,1
cross_person,B1,7,0.75,gru,2.702369230251158,0.15858655073401334,2
cross_person,B1,7,0.75,gru,1.235336796079584,0.21081899874565008,3
cross_person,B1,7,0.75,gru,1.0170313253285563,0.1936556810950935,4
cross_person,B1,9,0.25,stay,5.859900330427306,nan,
cross_person,B1,9,0.25,mean,7.094759436174071,1.172251930037383,
cross_person,B1,9,0.25,const_velocity,12.742358342986263,1.172251930037383,
cross_person,B1,9,0.25,kalman,10.163843135852401,1.172251930037383,
cross_person,B1,9,0.25,min_jerk,7.348651041110039,1.7667106661353524,
cross_person,B1,9,0.25,gru,5.440157796746449,1.568252978042167,0
cross_person,B1,9,0.25,gru,7.004760886844169,1.6003599736247476,1
cross_person,B1,9,0.25,gru,6.56995436720801,1.58597692580561,2
cross_person,B1,9,0.25,gru,6.605292208982506,1.6487204778347428,3
cross_person,B1,9,0.25,gru,6.337921092055645,1.6367278668437417,4
cross_person,B1,9,0.5,stay,16.788321822896993,nan,
cross_person,B1,9,0.5,mean,7.094759436174071,0.7711306574306345,
cross_person,B1,9,0.5,const_velocity,19.35993454872585,0.7711306574306345,
cross_person,B1,9,0.5,kalman,20.56606573420879,0.7711306574306345,
cross_person,B1,9,0.5,min_jerk,9.856481211979,1.1666957229195722,
cross_person,B1,9,0.5,gru,10.857585362612312,0.685056754928697,0
cross_person,B1,9,0.5,gru,9.571645405568734,0.8629503637372145,1
cross_person,B1,9,0.5,gru,9.444821798501986,0.8256678670464643,2
cross_person,B1,9,0.5,gru,14.926014132189389,1.0581180244504103,3
cross_person,B1,9,0.5,gru,8.429167907091244,0.7510986119328626,4
cross_person,B1,9,0.75,stay,11.143258228466571,nan,
cross_person,B1,9,0.75,mean,7.094759436174071,0.4033435473978163,
cross_person,B1,9,0.75,const_velocity,7.46400489832609,0.4033435473978163,
cross_person,B1,9,0.75,kalman,7.3853857194875525,0.4033435473978163,
cross_person,B1,9,0.75,min_jerk,11.90661118707058,0.6000149432157801,
cross_person,B1,9,0.75,gru,6.8067938516179,0.3473400655721949,0
cross_person,B1,9,0.75,gru,6.506755163155277,0.45052178535216314,1
cross_person,B1,9,0.75,gru,7.2733371040067425,0.44644838902705175,2
cross_person,B1,9,0.75,gru,9.005083673592772,0.5570949535404967,3
cross_person,B1,9,0.75,gru,8.035882052713498,0.4541350636219309,4
cross_person,B1,11,0.25,stay,30.305951436968165,nan,
cross_person,B1,11,0.25,mean,21.91658570142017,0.4722344962856395,
cross_person,B1,11,0.25,const_velocity,2.7658605727479317,0.4722344962856395,
cross_person,B1,11,0.25,kalman,2.9634774104398502,0.4722344962856395,
cross_person,B1,11,0.25,min_jerk,0.9104161010893705,0.1667131566713158,
cross_person,B1,11,0.25,gru,8.268200088196313,0.7165696183108092,0
cross_person,B1,11,0.25,gru,7.482643413989804,0.7859075525664092,1
cross_person,B1,11,0.25,gru,9.89903969673103,0.6663001635931731,2
cross_person,B1,11,0.25,gru,9.262404065375527,0.61008761915195,3
cross_person,B1,11,0.25,gru,8.253469082685022,0.5530790546797515,4
cross_person,B1,11,0.5,stay,14.900060316857774,nan,
cross_person,B1,11,0.5,mean,21.91658570142017,0.3044523682628056,
cross_person,B1,11,0.5,const_velocity,0.8284643733019202,0.3044523682628056,
cross_person,B1,11,0.5,kalman,2.001453423535883,0.3044523682628056,
cross_person,B1,11,0.5,min_jerk,10.593010433173923,0.3167131566713165,
cross_person,B1,11,0.5,gru,6.947672538398537,0.5232432597767526,0
cross_person,B1,11,0.5,gru,4.27254236237423,0.5633008295189553,1
cross_person,B1,11,0.5,gru,7.994206039689636,0.5160490983616525,2
cross_person,B1,11,0.5,gru,8.915954924045376,0.5193772280108148,3
cross_person,B1,11,0.5,gru,7.922136092678779,0.46541398404948053,4
cross_person,B1,11,0.75,stay,4.834350949359101,nan,
cross_person,B1,11,0.75,mean,21.91658570142017,0.1700044028139018,
cross_person,B1,11,0.75,const_velocity,2.5675712207600365,0.1700044028139018,
cross_person,B1,11,0.75,kalman,2.2120107137813494,0.1700044028139018,
cross_person,B1,11,0.75,min_jerk,6.993584036263931,0.20004732018330373,
cross_person,B1,11,0.75,gru,3.437148245414817,0.2572294146191665,0
cross_person,B1,11,0.75,gru,3.9949818885484776,0.2886888355385848,1
cross_person,B1,11,0.75,gru,3.990414846402958,0.28579610291834556,2
cross_person,B1,11,0.75,gru,4.148116756838155,0.31592890325899803,3
cross_person,B1,11,0.75,gru,4.53255389501751,0.28503662798519813,4
cross_person,B1,13,0.25,stay,21.2203970912408,nan,
cross_person,B1,13,0.25,mean,22.821923026455515,0.20556118818973734,
cross_person,B1,13,0.25,const_velocity,5.460368457258492,0.20556118818973734,
cross_person,B1,13,0.25,kalman,8.161028060095402,0.20556118818973734,
cross_person,B1,13,0.25,min_jerk,14.876426909781488,0.48336654047951133,
cross_person,B1,13,0.25,gru,4.615147038942071,0.35164547408095015,0
cross_person,B1,13,0.25,gru,5.4202829469605325,0.5016474171923698,1
cross_person,B1,13,0.25,gru,5.746675462174205,0.3583909317301811,2
cross_person,B1,13,0.25,gru,6.0084566214738695,0.40322959864607466,3
cross_person,B1,13,0.25,gru,4.285423170401381,0.2888273640917839,4
cross_person,B1,13,0.5,stay,9.463655507776373,nan,
cross_person,B1,13,0.5,mean,22.821923026455515,0.13778155070286663,
cross_person,B1,13,0.5,const_velocity,2.446747679695916,0.13778155070286663,
cross_person,B1,13,0.5,kalman,5.476234640640374,0.13778155070286663,
cross_person,B1,13,0.5,min_jerk,7.715331946735292,0.3333665404795114,
cross_person,B1,13,0.5,gru,5.561111548253328,0.2978523005675674,0
cross_person,B1,13,0.5,gru,2.997712427827676,0.4041433711480499,1
cross_person,B1,13,0.5,gru,4.880028458231873,0.31302159325593715,2
cross_person,B1,13,0.5,gru,5.762577172585194,0.3582121659945846,3
cross_person,B1,13,0.5,gru,5.712557583406961,0.33052144245618587,4
cross_person,B1,13,0.75,stay,3.301602876595765,nan,
cross_person,B1,13,0.75,mean,22.821923026455515,0.07000191227793842,
cross_person,B1,13,0.75,const_velocity,1.8804711117260398,0.07000191227793842,
cross_person,B1,13,0.75,kalman,1.1650050173715938,0.07000191227793842,
cross_person,B1,13,0.75,min_jerk,5.600047913385142,0.26667330809590223,
cross_person,B1,13,0.75,gru,1.0620420238060704,0.08453513332363966,0
cross_person,B1,13,0.75,gru,3.181417739751645,0.17726046987530591,1
cross_person,B1,13,0.75,gru,1.4265560125652095,0.11992507823464277,2
cross_person,B1,13,0.75,gru,1.0106562659062692,0.18882394232508543,3
cross_person,B1,13,0.75,gru,0.31439662587073636,0.15746757038590314,4
cross_person,B1,15,0.25,stay,29.4868569557098,nan,
cross_person,B1,15,0.25,mean,3.0275864220947866,0.12778044693014046,
cross_person,B1,15,0.25,const_velocity,35.77754991097333,0.12778044693014046,
cross_person,B1,15,0.25,kalman,30.35946021540779,0.12778044693014046,
cross_person,B1,15,0.25,min_jerk,893.5202160948244,2.033311748688317,
cross_person,B1,15,0.25,gru,4.925505163654879,0.09058165311092892,0
cross_person,B1,15,0.25,gru,0.7031203810228294,0.23524673043961086,1
cross_person,B1,15,0.25,gru,1.5524448915257998,0.17144265531773129,2
cross_person,B1,15,0.25,gru,2.797579838440314,0.21895731746429958,3
cross_person,B1,15,0.25,gru,2.085821253387581,0.1925067877697424,4
cross_person,B1,15,0.5,stay,12.234790337805698,nan,
cross_person,B1,15,0.5,mean,3.0275864220947866,0.09555759388104779,
cross_person,B1,15,0.5,const_velocity,23.43157897696756,0.09555759388104779,
cross_person,B1,15,0.5,kalman,29.75712148805087,0.09555759388104779,
cross_person,B1,15,0.5,min_jerk,5.9188756716095225,0.10001992428770695,
cross_person,B1,15,0.5,gru,2.9729061139480635,0.0913135947453641,0
cross_person,B1,15,0.5,gru,3.4261090412113657,0.17057771401282779,1
cross_person,B1,15,0.5,gru,2.081327924557184,0.1542805971371793,2
cross_person,B1,15,0.5,gru,4.167665823399454,0.15383955256816378,3
cross_person,B1,15,0.5,gru,1.080975068836349,0.1856013031470441,4
cross_person,B1,15,0.75,stay,3.0955152868418487,nan,
cross_person,B1,15,0.75,mean,3.0275864220947866,0.06333474177001269,
cross_person,B1,15,0.75,const_velocity,6.346954322087303,0.06333474177001269,
cross_person,B1,15,0.75,kalman,7.995290353438437,0.06333474177001269,
cross_person,B1,15,0.75,min_jerk,2.367339501786794,0.03335408779969459,
cross_person,B1,15,0.75,gru,2.2661255173436707,0.007361629862800229,0
cross_person,B1,15,0.75,gru,6.76159141900851,0.03847063903091849,1
cross_person,B1,15,0.75,gru,2.3081703231678685,0.042840113978371036,2
cross_person,B1,15,0.75,gru,2.5139528581898123,0.05209606711147727,3
cross_person,B1,15,0.75,gru,1.69980245469766,0.06369541410683097,4
cross_person,B1,17,0.25,stay,16.061363195508925,nan,
cross_person,B1,17,0.25,mean,25.185020486685474,0.8389102949175051,
cross_person,B1,17,0.25,const_velocity,28.1207305822546,0.8389102949175051,
cross_person,B1,17,0.25,kalman,28.743666838007965,0.8389102949175051,
cross_person,B1,17,0.25,min_jerk,16.639298283615464,1.333386464767218,
cross_person,B1,17,0.25,gru,5.737868662810326,1.2539866322909186,0
cross_person,B1,17,0.25,gru,5.108777622575877,1.2801803404722998,1
cross_person,B1,17,0.25,gru,7.13151721311965,1.2797117287550757,2
cross_person,B1,17,0.25,gru,6.095069293078934,1.2146887982521841,3
cross_person,B1,17,0.25,gru,6.232396246458522,1.2798344100151846,4
cross_person,B1,17,0.5,stay,29.352892413245414,nan,
cross_person,B1,17,0.5,mean,25.185020486685474,0.5711256763587078,
cross_person,B1,17,0.5,const_velocity,44.121648906467875,0.5711256763587078,
cross_person,B1,17,0.5,kalman,45.15869451869447,0.5711256763587078,
cross_person,B1,17,0.5,min_jerk,20.292411079646886,0.9666907418476457,
cross_person,B1,17,0.5,gru,28.180453910455523,0.5589333701835985,0
cross_person,B1,17,0.5,gru,28.090988494816298,0.709545962880742,1
cross_person,B1,17,0.5,gru,29.093333685456983,0.5395418632732744,2
cross_person,B1,17,0.5,gru,31.85617912091785,0.3605203259693498,3
cross_person,B1,17,0.5,gru,23.6472002779142,0.2119719017254228,4
cross_person,B1,17,0.75,stay,21.955682317065357,nan,
cross_person,B1,17,0.75,mean,25.185020486685474,0.27000689334986516,
cross_person,B1,17,0.75,const_velocity,10.500164582342453,0.27000689334986516,
cross_person,B1,17,0.75,kalman,12.027668668497018,0.27000689334986516,
cross_person,B1,17,0.75,min_jerk,24.06481538291775,0.46667828916782894,
cross_person,B1,17,0.75,gru,10.702636738553286,0.2735638892578558,0
cross_person,B1,17,0.75,gru,12.232852173009556,0.35116921126122036,1
cross_person,B1,17,0.75,gru,11.226081515110437,0.34905767201656857,2
cross_person,B1,17,0.75,gru,14.33553663971708,0.3850956386255697,3
cross_person,B1,17,0.75,gru,13.383704736612302,0.3334181135820822,4
cross_person,B1,19,0.25,stay,43.18651611669641,nan,
cross_person,B1,19,0.25,mean,20.60730812622204,0.0722245341417862,
cross_person,B1,19,0.25,const_velocity,1.18469746214228,0.0722245341417862,
cross_person,B1,19,0.25,kalman,1.5400228439912989,0.0722245341417862,
cross_person,B1,19,0.25,min_jerk,106.36007843576922,0.983301786544464,
cross_person,B1,19,0.25,gru,4.46087335549719,0.000970350003316911,0
cross_person,B1,19,0.25,gru,7.22223850713533,0.12021238973133275,1
cross_person,B1,19,0.25,gru,7.359807743693672,0.002237631583139388,2
cross_person,B1,19,0.25,gru,6.181112269115314,0.07789157459743312,3
cross_person,B1,19,0.25,gru,7.122162481193521,0.006077958846017806,4
cross_person,B1,19,0.5,stay,23.80573590479396,nan,
cross_person,B1,19,0.5,mean,20.60730812622204,0.0377790601669033,
cross_person,B1,19,0.5,const_velocity,12.131522998705686,0.0377790601669033,
cross_person,B1,19,0.5,kalman,9.953285416618037,0.0377790601669033,
cross_person,B1,19,0.5,min_jerk,1.9365005466814231,0.1666359500564517,
cross_person,B1,19,0.5,gru,2.756221325977652,0.1407571732079499,0
cross_person,B1,19,0.5,gru,1.1735725402484631,0.1831032334839814,1
cross_person,B1,19,0.5,gru,5.865488760525841,0.1228992938076966,2
cross_person,B1,19,0.5,gru,3.3716747912012055,0.06024509659166266,3
cross_person,B1,19,0.5,gru,2.559929296771474,0.1467007993733399,4
cross_person,B1,19,0.75,stay,7.252248688007021,nan,
cross_person,B1,19,0.75,mean,20.60730812622204,0.0033335852539628785,
cross_person,B1,19,0.75,const_velocity,4.6205981141551105,0.0033335852539628785,
cross_person,B1,19,0.75,kalman,6.066964148011221,0.0033335852539628785,
cross_person,B1,19,0.75,min_jerk,0.7442890609300413,0.16663595005645201,
cross_person,B1,19,0.75,gru,1.1300693510901043,0.05781658104179058,0
cross_person,B1,19,0.75,gru,6.4658885917642515,0.0746845017981306,1
cross_person,B1,19,0.75,gru,2.23037466320916,0.07990801444766674,2
cross_person,B1,19,0.75,gru,1.6774611513504833,0.05423000565288219,3
cross_person,B1,19,0.75,gru,2.0691005304316152,0.09305836370704326,4
cross_person,B2,1,0.25,stay,14.51164444914142,nan,
cross_person,B2,1,0.25,mean,13.375958597991765,1.0722539761722631,
cross_person,B2,1,0.25,const_velocity,8.848672963968763,1.0722539761722631,
cross_person,B2,1,0.25,kalman,6.905899247911801,1.0722539761722631,
cross_person,B2,1,0.25,min_jerk,41.325603330252754,1.0832541348951992,
cross_person,B2,1,0.25,gru,3.7140014838853506,1.2808355500521387,0
cross_person,B2,1,0.25,gru,3.68989329253936,1.4245662053646768,1
cross_person,B2,1,0.25,gru,3.6199609434937607,1.3597709050001825,2
cross_person,B2,1,0.25,gru,7.68281960296627,1.567044254166099,3
cross_person,B2,1,0.25,gru,4.476206491108874,1.412474732619735,4
cross_person,B2,1,0.5,stay,13.618639776801752,nan,
cross_person,B2,1,0.5,mean,13.375958597991765,0.7044653246094157,
cross_person,B2,1,0.5,const_velocity,15.85155894483269,0.7044653246094157,
cross_person,B2,1,0.5,kalman,16.52101120847862,0.7044653246094157,
cross_person,B2,1,0.5,min_jerk,10.789327846702474,1.0834033226507538,
cross_person,B2,1,0.5,gru,11.007741063806588,0.681700465753337,0
cross_person,B2,1,0.5,gru,10.14977492991123,0.8641053117063247,1
cross_person,B2,1,0.5,gru,9.262231529213311,0.7656942880895339,2
cross_person,B2,1,0.5,gru,12.39165666520629,1.0233774832632743,3
cross_person,B2,1,0.5,gru,9.282328491075601,0.7824219442155562,4
cross_person,B2,1,0.75,stay,11.30586308598962,nan,
cross_person,B2,1,0.75,mean,13.375958597991765,0.3366766721085106,
cross_person,B2,1,0.75,const_velocity,8.741030993154855,0.3366766721085106,
cross_person,B2,1,0.75,kalman,9.182465782154638,0.3366766721085106,
cross_person,B2,1,0.75,min_jerk,11.86521962124326,0.5333480679264744,
cross_person,B2,1,0.75,gru,9.616126053909232,0.2738912545910557,0
cross_person,B2,1,0.75,gru,8.040475492110497,0.4013641171923359,1
cross_person,B2,1,0.75,gru,8.71064111250632,0.37046246163756447,2
cross_person,B2,1,0.75,gru,12.25336488297788,0.4969701126983841,3
cross_person,B2,1,0.75,gru,10.509712134731009,0.39978653125674324,4
cross_person,B2,3,0.25,stay,27.144921818937945,nan,
cross_person,B2,3,0.25,mean,29.385147555964767,0.027776413926090315,
cross_person,B2,3,0.25,const_velocity,36.11291528658705,0.027776413926090315,
cross_person,B2,3,0.25,kalman,45.62326071291057,0.027776413926090315,
cross_person,B2,3,0.25,min_jerk,10.724437163190961,0.28335911887133025,
cross_person,B2,3,0.25,gru,8.200192781789072,0.35725289419050243,0
cross_person,B2,3,0.25,gru,5.457411124573996,0.41620267763490704,1
cross_person,B2,3,0.25,gru,8.013522946369063,0.42694948449487713,2
cross_person,B2,3,0.25,gru,12.8245291080186,0.4300224317585948,3
cross_person,B2,3,0.25,gru,9.071583520939505,0.4681541158234599,4
cross_person,B2,3,0.5,stay,8.840576437334784,nan,
cross_person,B2,3,0.5,mean,29.385147555964767,0.028888268789486693,
cross_person,B2,3,0.5,const_velocity,22.627868601255408,0.028888268789486693,
cross_person,B2,3,0.5,kalman,25.26696585998827,0.028888268789486693,
cross_person,B2,3,0.5,min_jerk,6.8120659422813725,0.21669337311673492,
cross_person,B2,3,0.5,gru,4.604185408800793,0.22685437324135177,0
cross_person,B2,3,0.5,gru,5.044635533273614,0.25764792087166183,1
cross_person,B2,3,0.5,gru,3.925429514541233,0.2811233368763196,2
cross_person,B2,3,0.5,gru,6.378489690448738,0.2890970972427594,3
cross_person,B2,3,0.5,gru,5.595118208407198,0.3118983064839112,4
cross_person,B2,3,0.75,stay,2.0210905565964814,nan,
cross_person,B2,3,0.75,mean,29.385147555964767,0.0033341296544640853,
cross_person,B2,3,0.75,const_velocity,4.304019121579606,0.0033341296544640853,
cross_person,B2,3,0.75,kalman,5.743653452019994,0.0033341296544640853,
cross_person,B2,3,0.75,min_jerk,3.1046338667520894,0.16669337311673516,
cross_person,B2,3,0.75,gru,6.9884091898696115,0.09755272579457908,0
cross_person,B2,3,0.75,gru,4.453027734515175,0.12151194525029807,1
cross_person,B2,3,0.75,gru,4.7793330590157845,0.14035920587446837,2
cross_person,B2,3,0.75,gru,6.6382686084542595,0.15830846664574294,3
cross_person,B2,3,0.75,gru,6.744497186906438,0.16070884254839568,4
cross_person,B2,5,0.25,stay,13.319988258011886,nan,
cross_person,B2,5,0.25,mean,29.08719981412932,0.005557840319314278,
cross_person,B2,5,0.25,const_velocity,1.5069181881459932,0.005557840319314278,
cross_person,B2,5,0.25,kalman,0.4137121472863837,0.005557840319314278,
cross_person,B2,5,0.25,min_jerk,11.550627990681367,0.3666961358529489,
cross_person,B2,5,0.25,gru,7.420021213521226,0.2704797509988114,0
cross_person,B2,5,0.25,gru,7.092829290790166,0.3797166470368668,1
cross_person,B2,5,0.25,gru,6.379992895890113,0.33048559463818517,2
cross_person,B2,5,0.25,gru,8.978111579358233,0.43341023958523717,3
cross_person,B2,5,0.25,gru,7.777556959302418,0.3337025169213578,4
cross_person,B2,5,0.5,stay,6.212385227675631,nan,
cross_person,B2,5,0.5,mean,29.08719981412932,0.004445985455917956,
cross_person,B2,5,0.5,const_velocity,9.306441523143526,0.004445985455917956,
cross_person,B2,5,0.5,kalman,9.82037095820025,0.004445985455917956,
cross_person,B2,5,0.5,min_jerk,29.230109804386338,0.8333011014108369,
cross_person,B2,5,0.5,gru,4.219582267743145,0.189354452734521,0
cross_person,B2,5,0.5,gru,3.2163340809897605,0.28893584335379896,1
cross_person,B2,5,0.5,gru,3.759402339471081,0.2611877205424815,2
cross_person,B2,5,0.5,gru,5.582594852826804,0.33597651446395216,3
cross_person,B2,5,0.5,gru,6.318480282397427,0.30573675358825025,4
cross_person,B2,5,0.75,stay,1.1522029342548232,nan,
cross_person,B2,5,0.75,mean,29.08719981412932,0.0033341296544640853,
cross_person,B2,5,0.75,const_velocity,2.306777674790607,0.0033341296544640853,
cross_person,B2,5,0.75,kalman,3.3975621604798194,0.0033341296544640853,
cross_person,B2,5,0.75,min_jerk,2.7288387749190135,0.14996960990164687,
cross_person,B2,5,0.75,gru,2.9846880943784657,0.032690951349999,0
cross_person,B2,5,0.75,gru,2.500571134464556,0.11782416117456107,1
cross_person,B2,5,0.75,gru,3.6667567579211786,0.09955516618755011,2
cross_person,B2,5,0.75,gru,1.9454632796419398,0.1614787669208303,3
cross_person,B2,5,0.75,gru,3.7706364762539697,0.14599517148997931,4
cross_person,B2,7,0.25,stay,20.419922578994665,nan,
cross_person,B2,7,0.25,mean,20.192477072955388,0.13889485730093287,
cross_person,B2,7,0.25,const_velocity,14.788258680041707,0.13889485730093287,
cross_person,B2,7,0.25,kalman,13.283011352889277,0.13889485730093287,
cross_person,B2,7,0.25,min_jerk,390.2954651181871,2.583295575938409,
cross_person,B2,7,0.25,gru,6.151454132589692,0.3750526989000772,0
cross_person,B2,7,0.25,gru,7.222866029128709,0.27974031214890227,1
cross_person,B2,7,0.25,gru,6.70045585766624,0.2149088168638681,2
cross_person,B2,7,0.25,gru,7.293026377979012,0.09722194914993987,3
cross_person,B2,7,0.25,gru,7.269800778674076,0.16156885867295012,4
cross_person,B2,7,0.5,stay,11.627806284216927,nan,
cross_person,B2,7,0.5,mean,20.192477072955388,0.10444874819213196,
cross_person,B2,7,0.5,const_velocity,1.6345432065386998,0.10444874819213196,
cross_person,B2,7,0.5,kalman,3.8335760941801493,0.10444874819213196,
cross_person,B2,7,0.5,min_jerk,7.550272071323846,0.166701661325377,
cross_person,B2,7,0.5,gru,1.3064293598607266,0.18947206468052047,0
cross_person,B2,7,0.5,gru,0.24612029899107116,0.24563150138324874,1
cross_person,B2,7,0.5,gru,1.6384345043084436,0.07886044711536544,2
cross_person,B2,7,0.5,gru,3.3237161366486125,0.02108384638362748,3
cross_person,B2,7,0.5,gru,2.5854077558679123,0.08330203623241561,4
cross_person,B2,7,0.75,stay,4.9215919732308695,nan,
cross_person,B2,7,0.75,mean,20.192477072955388,0.07000263814527338,
cross_person,B2,7,0.75,const_velocity,1.8597335415237857,0.07000263814527338,
cross_person,B2,7,0.75,kalman,2.0270967867847176,0.07000263814527338,
cross_person,B2,7,0.75,min_jerk,5.971649355618251,0.10003591557078195,
cross_person,B2,7,0.75,gru,4.940106081578109,0.007101021372828864,0
cross_person,B2,7,0.75,gru,5.808790714920467,0.1155027669306139,1
cross_person,B2,7,0.75,gru,4.617703420935426,0.02105645123764477,2
cross_person,B2,7,0.75,gru,5.270463816910696,0.09665439311310253,3
cross_person,B2,7,0.75,gru,5.142452903188869,0.015585176312480353,4
cross_person,B2,9,0.25,stay,29.69735524393077,nan,
cross_person,B2,9,0.25,mean,10.604465261475953,0.027776413926090315,
cross_person,B2,9,0.25,const_velocity,19.609548211783952,0.027776413926090315,
cross_person,B2,9,0.25,kalman,23.821744526805084,0.027776413926090315,
cross_person,B2,9,0.25,min_jerk,11.138315429794487,0.0666381183924557,
cross_person,B2,9,0.25,gru,9.831301671729639,0.3141712976967814,0
cross_person,B2,9,0.25,gru,7.440917121954167,0.2901116444146159,1
cross_person,B2,9,0.25,gru,9.486189638304566,0.2928163839852336,2
cross_person,B2,9,0.25,gru,7.175101725848725,0.22757644787187603,3
cross_person,B2,9,0.25,gru,9.040441074113382,0.2653713954960826,4
cross_person,B2,9,0.5,stay,12.721525685186796,nan,
cross_person,B2,9,0.5,mean,10.604465261475953,0.028888268789486693,
cross_person,B2,9,0.5,const_velocity,15.883405154262679,0.028888268789486693,
cross_person,B2,9,0.5,kalman,19.033071908532033,0.028888268789486693,
cross_person,B2,9,0.5,min_jerk,8.522664642431232,0.15002762736213954,
cross_person,B2,9,0.5,gru,6.35902634287765,0.22526902380077712,0
cross_person,B2,9,0.5,gru,4.8278159295449,0.23993878486244552,1
cross_person,B2,9,0.5,gru,5.90372617523576,0.25325386645882003,2
cross_person,B2,9,0.5,gru,5.524667249081848,0.22249363782493942,3
cross_person,B2,9,0.5,gru,5.2291835626376,0.2704823878654706,4
cross_person,B2,9,0.75,stay,3.2831015607684573,nan,
cross_person,B2,9,0.75,mean,10.604465261475953,0.0033341296544640853,
cross_person,B2,9,0.75,const_velocity,7.501856077393564,0.0033341296544640853,
cross_person,B2,9,0.75,kalman,8.31295560074903,0.0033341296544640853,
cross_person,B2,9,0.75,min_jerk,1.985424660916044,0.033361881607544386,
cross_person,B2,9,0.75,gru,5.117416093286656,0.09594673824575095,0
cross_person,B2,9,0.75,gru,4.398626404524488,0.11946144116189628,1
cross_person,B2,9,0.75,gru,2.656996025614452,0.13211976897981315,2
cross_person,B2,9,0.75,gru,3.3970235726914924,0.13699174088504462,3
cross_person,B2,9,0.75,gru,3.0995035725014937,0.1519591787185922,4
cross_person,B2,11,0.25,stay,30.35049824923143,nan,
cross_person,B2,11,0.25,mean,21.294962618753036,1.272259501644691,
cross_person,B2,11,0.25,const_velocity,27.571204249630814,1.272259501644691,
cross_person,B2,11,0.25,kalman,26.316027130344903,1.272259501644691,
cross_person,B2,11,0.25,min_jerk,29.042365179378706,1.7334116108593953,
cross_person,B2,11,0.25,gru,14.800364249066247,1.5061761787979582,0
cross_person,B2,11,0.25,gru,15.210522966890608,1.4391544810383299,1
cross_person,B2,11,0.25,gru,18.003444931490883,1.076265578612564,2
cross_person,B2,11,0.25,gru,18.01442201704563,1.0363085917084196,3
cross_person,B2,11,0.25,gru,13.828871137321292,0.847032373294113,4
cross_person,B2,11,0.5,stay,30.162675983903004,nan,
cross_person,B2,11,0.5,mean,21.294962618753036,0.8378023415910343,
cross_person,B2,11,0.5,const_velocity,26.630882078791203,0.8378023415910343,
cross_person,B2,11,0.5,kalman,27.686767556703213,0.8378023415910343,
cross_person,B2,11,0.5,min_jerk,29.372945414640085,1.233367407079972,
cross_person,B2,11,0.5,gru,19.968221646943018,0.8769046602213753,0
cross_person,B2,11,0.5,gru,18.570086410509038,0.939857327696122,1
cross_person,B2,11,0.5,gru,14.815923933150305,0.7546386060679329,2
cross_person,B2,11,0.5,gru,18.06631986712295,0.7574646708929909,3
cross_person,B2,11,0.5,gru,17.666508568092308,0.6087538835966957,4
cross_person,B2,11,0.75,stay,20.672525993879137,nan,
cross_person,B2,11,0.75,mean,21.294962618753036,0.4366794348447246,
cross_person,B2,11,0.75,const_velocity,14.84707544826913,0.4366794348447246,
cross_person,B2,11,0.75,kalman,15.305060968397102,0.4366794348447246,
cross_person,B2,11,0.75,min_jerk,27.110001930421106,0.6333508306626884,
cross_person,B2,11,0.75,gru,18.54128339603459,0.4852199667577354,0
cross_person,B2,11,0.75,gru,15.924035802568232,0.5423486867432205,1
cross_person,B2,11,0.75,gru,16.468915101083702,0.5145719239000884,2
cross_person,B2,11,0.75,gru,18.51847654746768,0.5584905633215514,3
cross_person,B2,11,0.75,gru,18.22304425275875,0.4938689732436744,4
cross_person,B2,13,0.25,stay,35.982803702847036,nan,
cross_person,B2,13,0.25,mean,16.063405059521934,0.13889485730093287,
cross_person,B2,13,0.25,const_velocity,21.38380796308554,0.13889485730093287,
cross_person,B2,13,0.25,kalman,21.269823617656446,0.13889485730093287,
cross_person,B2,13,0.25,min_jerk,341.41234682870794,1.5166298301838137,
cross_person,B2,13,0.25,gru,7.9447844776472625,0.3672266090410684,0
cross_person,B2,13,0.25,gru,7.956961303995727,0.3978336239355539,1
cross_person,B2,13,0.25,gru,7.935630596762479,0.279208579112861,2
cross_person,B2,13,0.25,gru,9.998817464781617,0.3012100840109323,3
cross_person,B2,13,0.25,gru,6.622749959401046,0.2525040889280771,4
cross_person,B2,13,0.5,stay,17.750669276880682,nan,
cross_person,B2,13,0.5,mean,16.063405059521934,0.10444874819213196,
cross_person,B2,13,0.5,const_velocity,10.858431112624158,0.10444874819213196,
cross_person,B2,13,0.5,kalman,12.143107802230826,0.10444874819213196,
cross_person,B2,13,0.5,min_jerk,11.990803192593724,0.21670166132537683,
cross_person,B2,13,0.5,gru,4.0705996918690035,0.30810263783401626,0
cross_person,B2,13,0.5,gru,1.0888671375594396,0.32242000133461135,1
cross_person,B2,13,0.5,gru,5.139885373211849,0.2641043815082945,2
cross_person,B2,13,0.5,gru,5.272409759941044,0.2562185677952208,3
cross_person,B2,13,0.5,gru,2.896059736343508,0.24226139516300338,4
cross_person,B2,13,0.75,stay,5.255999049963491,nan,
cross_person,B2,13,0.75,mean,16.063405059521934,0.036668383899868734,
cross_person,B2,13,0.75,const_velocity,1.9177567502069088,0.036668383899868734,
cross_person,B2,13,0.75,kalman,2.3455980770666467,0.036668383899868734,
cross_person,B2,13,0.75,min_jerk,5.483527267706091,0.10003591557078156,
cross_person,B2,13,0.75,gru,4.5120268354883795,0.12161836837044332,0
cross_person,B2,13,0.75,gru,2.8048852390943124,0.14027151529303167,1
cross_person,B2,13,0.75,gru,3.6901650187095605,0.13584972981920812,2
cross_person,B2,13,0.75,gru,4.290372119491838,0.15053084556570623,3
cross_person,B2,13,0.75,gru,5.269147503886177,0.13066340301743123,4
cross_person,B2,15,0.25,stay,17.249537696205902,nan,
cross_person,B2,15,0.25,mean,23.475051358101698,0.03889209456471898,
cross_person,B2,15,0.25,const_velocity,4.225625349002375,0.03889209456471898,
cross_person,B2,15,0.25,kalman,4.069456661175524,0.03889209456471898,
cross_person,B2,15,0.25,min_jerk,14.406273806363604,0.33336464434375823,
cross_person,B2,15,0.25,gru,5.469408588489414,0.27286202846809304,0
cross_person,B2,15,0.25,gru,4.988403327083405,0.3817197793607322,1
cross_person,B2,15,0.25,gru,4.439379063380916,0.288981687415084,2
cross_person,B2,15,0.25,gru,5.830429643314867,0.261774610865554,3
cross_person,B2,15,0.25,gru,7.31545828639694,0.21662272154136575,4
cross_person,B2,15,0.5,stay,9.172779679892084,nan,
cross_person,B2,15,0.5,mean,23.475051358101698,0.037780239701322604,
cross_person,B2,15,0.5,const_velocity,6.108802392284535,0.037780239701322604,
cross_person,B2,15,0.5,kalman,7.306069503157719,0.037780239701322604,
cross_person,B2,15,0.5,min_jerk,5.0522922755614585,0.1833011014108366,
cross_person,B2,15,0.5,gru,3.900421344780386,0.19829838202970745,0
cross_person,B2,15,0.5,gru,2.233126008670022,0.31000678466337445,1
cross_person,B2,15,0.5,gru,3.6827814552260967,0.25719976650255444,2
cross_person,B2,15,0.5,gru,5.258471393703568,0.2859967671491456,3
cross_person,B2,15,0.5,gru,5.769928860751619,0.27834016309755566,4
cross_person,B2,15,0.75,stay,2.6569927870660885,nan,
cross_person,B2,15,0.75,mean,23.475051358101698,0.0033341296544640853,
cross_person,B2,15,0.75,const_velocity,4.380441336009099,0.0033341296544640853,
cross_person,B2,15,0.75,kalman,4.232454716815463,0.0033341296544640853,
cross_person,B2,15,0.75,min_jerk,2.268474565185162,0.08330110141083702,
cross_person,B2,15,0.75,gru,2.6131782331309554,0.02545135629441886,0
cross_person,B2,15,0.75,gru,0.7215414011678839,0.1173900754478231,1
cross_person,B2,15,0.75,gru,0.6611171709564594,0.08784450751807837,2
cross_person,B2,15,0.75,gru,2.6456210316490423,0.13674191546704917,3
cross_person,B2,15,0.75,gru,2.4417067412267466,0.12700426739719062,4
cross_person,B2,17,0.25,stay,31.784118178414055,nan,
cross_person,B2,17,0.25,mean,22.25465277860875,0.27223187428255147,
cross_person,B2,17,0.25,const_velocity,4.823930969834196,0.27223187428255147,
cross_person,B2,17,0.25,kalman,4.568507095693882,0.27223187428255147,
cross_person,B2,17,0.25,min_jerk,17.053869894811044,0.3333756952886141,
cross_person,B2,17,0.25,gru,8.908543290589337,0.5228733465388918,0
cross_person,B2,17,0.25,gru,8.217150395339036,0.5857799396232272,1
cross_person,B2,17,0.25,gru,11.668249439003908,0.47916678044353966,2
cross_person,B2,17,0.25,gru,12.423562185980968,0.46134525987659936,3
cross_person,B2,17,0.25,gru,9.600334800495093,0.36641601178204064,4
cross_person,B2,17,0.5,stay,18.004919453769332,nan,
cross_person,B2,17,0.5,mean,22.25465277860875,0.17111725668294125,
cross_person,B2,17,0.5,const_velocity,2.7914373966307395,0.17111725668294125,
cross_person,B2,17,0.5,kalman,1.4340829753569533,0.17111725668294125,
cross_person,B2,17,0.5,min_jerk,17.158179101036193,0.3333756952886142,
cross_person,B2,17,0.5,gru,8.575772552665658,0.3959083838736537,0
cross_person,B2,17,0.5,gru,6.411713788272236,0.43526834085340527,1
cross_person,B2,17,0.5,gru,10.589602047460382,0.40496317878122357,2
cross_person,B2,17,0.5,gru,11.102832745517015,0.42113366558904675,3
cross_person,B2,17,0.5,gru,9.905627002473965,0.37789125576372173,4
cross_person,B2,17,0.75,stay,7.769425839048534,nan,
cross_person,B2,17,0.75,mean,22.25465277860875,0.10333689239067803,
cross_person,B2,17,0.75,const_velocity,1.0588920116958915,0.10333689239067803,
cross_person,B2,17,0.75,kalman,0.9062187853830173,0.10333689239067803,
cross_person,B2,17,0.75,min_jerk,7.628261052643562,0.03337845802482814,
cross_person,B2,17,0.75,gru,7.647804888682619,0.19300596285263522,0
cross_person,B2,17,0.75,gru,3.8941176481622617,0.22405056524673922,1
cross_person,B2,17,0.75,gru,6.375959849919144,0.22385979313055498,2
cross_person,B2,17,0.75,gru,7.378866199869358,0.25166888404289706,3
cross_person,B2,17,0.75,gru,8.927128970081236,0.23165558147827608,4
cross_person,B2,19,0.25,stay,22.15611324672109,nan,
cross_person,B2,19,0.25,mean,9.783406949973315,0.27223187428255147,
cross_person,B2,19,0.25,const_velocity,12.263802327437658,0.27223187428255147,
cross_person,B2,19,0.25,kalman,10.728404647928357,0.27223187428255147,
cross_person,B2,19,0.25,min_jerk,20.205440034373233,0.5833756952886139,
cross_person,B2,19,0.25,gru,5.954531328623236,0.36711112114941125,0
cross_person,B2,19,0.25,gru,6.34423528941188,0.5206074759677554,1
cross_person,B2,19,0.25,gru,7.9888774215767775,0.33606598231350426,2
cross_person,B2,19,0.25,gru,8.344259106542056,0.21699271056210045,3
cross_person,B2,19,0.25,gru,8.132382103376118,0.1968199953750277,4
cross_person,B2,19,0.5,stay,11.503001563462021,nan,
cross_person,B2,19,0.5,mean,9.783406949973315,0.17111725668294125,
cross_person,B2,19,0.5,const_velocity,4.559518540620177,0.17111725668294125,
cross_person,B2,19,0.5,kalman,2.7872370249632925,0.17111725668294125,
cross_person,B2,19,0.5,min_jerk,9.180890285078439,0.5332872877297672,
cross_person,B2,19,0.5,gru,0.8071960022329834,0.30946717992181805,0
cross_person,B2,19,0.5,gru,0.8224193408857581,0.4212051911627772,1
cross_person,B2,19,0.5,gru,1.8396353433027566,0.34871859684343365,2
cross_person,B2,19,0.5,gru,2.8097364299273666,0.3507936878478053,3
cross_person,B2,19,0.5,gru,2.3200416346529793,0.33682356610651043,4
cross_person,B2,19,0.75,stay,4.923601531623654,nan,
cross_person,B2,19,0.75,mean,9.783406949973315,0.10333689239067803,
cross_person,B2,19,0.75,const_velocity,2.0918365001383936,0.10333689239067803,
cross_person,B2,19,0.75,kalman,1.7285184705646974,0.10333689239067803,
cross_person,B2,19,0.75,min_jerk,3.5200321442044586,0.3166215419751715,
cross_person,B2,19,0.75,gru,1.8645584087097913,0.11730686444441302,0
cross_person,B2,19,0.75,gru,1.3305992378537597,0.19879703838030321,1
cross_person,B2,19,0.75,gru,2.0878771764885817,0.16075845677057726,2
cross_person,B2,19,0.75,gru,2.844328024064837,0.20444800573984606,3
cross_person,B2,19,0.75,gru,2.2377898071319144,0.18137549478212817,4
cross_person,B3,1,0.25,stay,11.606279488382992,nan,
cross_person,B3,1,0.25,mean,18.497928874550876,0.3388957588572511,
cross_person,B3,1,0.25,const_velocity,4.621851346055175,0.3388957588572511,
cross_person,B3,1,0.25,kalman,5.19243569768255,0.3388957588572511,
cross_person,B3,1,0.25,min_jerk,46.62857919647444,1.2166273665117329,
cross_person,B3,1,0.25,gru,7.0070714951109405,0.4711973051091817,0
cross_person,B3,1,0.25,gru,6.353749577316484,0.6187100390454915,1
cross_person,B3,1,0.25,gru,4.686865753455505,0.5143412927648213,2
cross_person,B3,1,0.25,gru,4.524663067874638,0.6002345065137532,3
cross_person,B3,1,0.25,gru,3.4208891682501115,0.507741479065099,4
cross_person,B3,1,0.5,stay,6.227752973541751,nan,
cross_person,B3,1,0.5,mean,18.497928874550876,0.2377826275163904,
cross_person,B3,1,0.5,const_velocity,3.8860036597190444,0.2377826275163904,
cross_person,B3,1,0.5,kalman,4.431940106403313,0.2377826275163904,
cross_person,B3,1,0.5,min_jerk,4.990505102687394,3.854438272365979e-05,
cross_person,B3,1,0.5,gru,5.559858544928828,0.31372225574565415,0
cross_person,B3,1,0.5,gru,6.074570600354721,0.4440099029929686,1
cross_person,B3,1,0.5,gru,4.731930870415621,0.3678048282058287,2
cross_person,B3,1,0.5,gru,4.503917876985957,0.4761584877164412,3
cross_person,B3,1,0.5,gru,3.9111762896063342,0.40288858405662065,4
cross_person,B3,1,0.75,stay,1.7529249353252678,nan,
cross_person,B3,1,0.75,mean,18.497928874550876,0.10333540613192851,
cross_person,B3,1,0.75,const_velocity,1.7923969641723472,0.10333540613192851,
cross_person,B3,1,0.75,kalman,0.7615825602386758,0.10333540613192851,
cross_person,B3,1,0.75,min_jerk,3.1342861409245333,0.06670445527717989,
cross_person,B3,1,0.75,gru,2.2562117239935007,0.09411036478177098,0
cross_person,B3,1,0.75,gru,2.890052937988686,0.1891388993133643,1
cross_person,B3,1,0.75,gru,2.517929197086997,0.1521460513939002,2
cross_person,B3,1,0.75,gru,2.679442412984241,0.24285804362789182,3
cross_person,B3,1,0.75,gru,2.2247843885331764,0.2004461462964156,4
cross_person,B3,3,0.25,stay,22.30314405517241,nan,
cross_person,B3,3,0.25,mean,19.706422781279695,0.16111557772590274,
cross_person,B3,3,0.25,const_velocity,13.336531151318995,0.16111557772590274,
cross_person,B3,3,0.25,kalman,9.97852471947749,0.16111557772590274,
cross_person,B3,3,0.25,min_jerk,14.161837216164793,0.10001813853304614,
cross_person,B3,3,0.25,gru,5.609992300752516,0.09577362359347169,0
cross_person,B3,3,0.25,gru,6.105320291607697,0.17399577916445558,1
cross_person,B3,3,0.25,gru,6.084003068348601,0.15214266002955262,2
cross_person,B3,3,0.25,gru,8.758565700014275,0.23914337278189485,3
cross_person,B3,3,0.25,gru,7.848798157861987,0.1664118629771692,4
cross_person,B3,3,0.5,stay,9.503565220693057,nan,
cross_person,B3,3,0.5,mean,19.706422781279695,0.09555826353904551,
cross_person,B3,3,0.5,const_velocity,24.399718140228714,0.09555826353904551,
cross_person,B3,3,0.5,kalman,26.29336731822892,0.09555826353904551,
cross_person,B3,3,0.5,min_jerk,36.15525429257415,0.3999818614669534,
cross_person,B3,3,0.5,gru,5.951744272059298,0.09937642024651555,0
cross_person,B3,3,0.5,gru,8.54199096718843,0.15933334337368993,1
cross_person,B3,3,0.5,gru,5.924017316228909,0.16450871037140874,2
cross_person,B3,3,0.5,gru,4.605508920927867,0.2067497398127654,3
cross_person,B3,3,0.5,gru,6.2097378650510455,0.2063537191022971,4
cross_person,B3,3,0.75,stay,2.0523388752100065,nan,
cross_person,B3,3,0.75,mean,19.706422781279695,0.06333503939578944,
cross_person,B3,3,0.75,const_velocity,6.428563163624998,0.06333503939578944,
cross_person,B3,3,0.75,kalman,7.131594985893582,0.06333503939578944,
cross_person,B3,3,0.75,min_jerk,1.969302210103453,0.016684049427502706,
cross_person,B3,3,0.75,gru,2.937618303523081,0.0010147602765444852,0
cross_person,B3,3,0.75,gru,3.666087415516412,0.04437649860070983,1
cross_person,B3,3,0.75,gru,3.316880134310385,0.0521936701147441,2
cross_person,B3,3,0.75,gru,5.083089437632919,0.08711567386077682,3
cross_person,B3,3,0.75,gru,4.840534272890994,0.08601870252774993,4
cross_person,B3,5,0.25,stay,18.042417561121887,nan,
cross_person,B3,5,0.25,mean,15.861934862136387,0.838907095440405,
cross_person,B3,5,0.25,const_velocity,5.217471308542484,0.838907095440405,
cross_person,B3,5,0.25,kalman,2.4128004965420136,0.838907095440405,
cross_person,B3,5,0.25,min_jerk,17.598277162934128,1.3167157918603336,
cross_person,B3,5,0.25,gru,7.387718344352175,1.182316372557814,0
cross_person,B3,5,0.25,gru,5.560583131311471,1.2392528154098343,1
cross_person,B3,5,0.25,gru,9.018652511682847,1.1806657709323716,2
cross_person,B3,5,0.25,gru,10.915109356681292,1.2360821314298462,3
cross_person,B3,5,0.25,gru,8.57274976813898,1.1511621870242905,4
cross_person,B3,5,0.5,stay,13.427232717057644,nan,
cross_person,B3,5,0.5,mean,15.861934862136387,0.5711235185718262,
cross_person,B3,5,0.5,const_velocity,12.529558747324424,0.5711235185718262,
cross_person,B3,5,0.5,kalman,12.197066812926026,0.5711235185718262,
cross_person,B3,5,0.5,min_jerk,13.783683912957665,0.9666885840607641,
cross_person,B3,5,0.5,gru,9.709386046798098,0.7655843305302618,0
cross_person,B3,5,0.5,gru,8.479132593707089,0.8300076383067129,1
cross_person,B3,5,0.5,gru,9.347195232139418,0.7854234385205267,2
cross_person,B3,5,0.5,gru,12.40047861483894,0.8791006463480947,3
cross_person,B3,5,0.5,gru,10.431838959274693,0.7539686220599172,4
cross_person,B3,5,0.75,stay,9.368035441828882,nan,
cross_person,B3,5,0.75,mean,15.861934862136387,0.2700058516596464,
cross_person,B3,5,0.75,const_velocity,7.5165377320495415,0.2700058516596464,
cross_person,B3,5,0.75,kalman,7.320166192922524,0.2700058516596464,
cross_person,B3,5,0.75,min_jerk,11.868996302063199,0.46667724747761025,
cross_person,B3,5,0.75,gru,9.709302158391703,0.32701650161846413,0
cross_person,B3,5,0.75,gru,7.614209330545119,0.3797540282140566,1
cross_person,B3,5,0.75,gru,7.174242749329259,0.37361531604631676,2
cross_person,B3,5,0.75,gru,10.646760735219113,0.43175636131866707,3
cross_person,B3,5,0.75,gru,9.796660731701841,0.37317964334591164,4
cross_person,B3,7,0.25,stay,16.203719970735246,nan,
cross_person,B3,7,0.25,mean,18.89436952082677,0.13889122422398958,
cross_person,B3,7,0.25,const_velocity,4.903399972283267,0.13889122422398958,
cross_person,B3,7,0.25,kalman,2.6557442370894755,0.13889122422398958,
cross_person,B3,7,0.25,min_jerk,19.20527581845705,0.4666364357782563,
cross_person,B3,7,0.25,gru,3.7802190627180856,0.31927080082374426,0
cross_person,B3,7,0.25,gru,2.797851450278268,0.42401761936622473,1
cross_person,B3,7,0.25,gru,2.8788363560240047,0.3254320435472092,2
cross_person,B3,7,0.25,gru,2.944758968461383,0.24151645230728003,3
cross_person,B3,7,0.25,gru,0.26176185508353733,0.22032795476394507,4
cross_person,B3,7,0.5,stay,9.124178716297719,nan,
cross_person,B3,7,0.5,mean,18.89436952082677,0.10444627109421606,
cross_person,B3,7,0.5,const_velocity,3.2843141849652806,0.10444627109421606,
cross_person,B3,7,0.5,kalman,2.368159206496949,0.10444627109421606,
cross_person,B3,7,0.5,min_jerk,5.480224886699016,0.16669538601065648,
cross_person,B3,7,0.5,gru,3.538501259239212,0.1772409198465511,0
cross_person,B3,7,0.5,gru,4.581612242847681,0.31267854251291005,1
cross_person,B3,7,0.5,gru,3.7045011142142745,0.20965076662923543,2
cross_person,B3,7,0.5,gru,2.885718357776969,0.17931498267080037,3
cross_person,B3,7,0.5,gru,2.950649086878172,0.18469492771054952,4
cross_person,B3,7,0.75,stay,2.728374200448376,nan,
cross_person,B3,7,0.75,mean,18.89436952082677,0.03666722792084132,
cross_person,B3,7,0.75,const_velocity,1.1612193671805378,0.03666722792084132,
cross_person,B3,7,0.75,kalman,1.2525577327957549,0.03666722792084132,
cross_person,B3,7,0.75,min_jerk,2.842398997040224,0.05002947511620029,
cross_person,B3,7,0.75,gru,2.4131129387596992,0.014404832816640206,0
cross_person,B3,7,0.75,gru,3.9673056406636444,0.12219767967514164,1
cross_person,B3,7,0.75,gru,3.036292155458939,0.06544728527120716,2
cross_person,B3,7,0.75,gru,1.4399851377364818,0.10922541419319279,3
cross_person,B3,7,0.75,gru,1.9928751096308928,0.09921254167608387,4
cross_person,B3,9,0.25,stay,33.979809824998355,nan,
cross_person,B3,9,0.25,mean,20.55791933255601,0.03888895690735883,
cross_person,B3,9,0.25,const_velocity,13.112663218058474,0.03888895690735883,
cross_person,B3,9,0.25,kalman,14.397880405460247,0.03888895690735883,
cross_person,B3,9,0.25,min_jerk,4.3180959691043315,0.033359029588482136,
cross_person,B3,9,0.25,gru,6.766628233956173,0.10506588510585313,0
cross_person,B3,9,0.25,gru,7.449165193018094,0.21306610397410874,1
cross_person,B3,9,0.25,gru,5.5385410543761555,0.04096889785838609,2
cross_person,B3,9,0.25,gru,4.564315600749819,0.05825143762516494,3
cross_person,B3,9,0.25,gru,5.538390034921213,0.11946528860020156,4
cross_person,B3,9,0.5,stay,19.63906752683989,nan,
cross_person,B3,9,0.5,mean,20.55791933255601,0.03777809288312883,
cross_person,B3,9,0.5,const_velocity,8.640760704811699,0.03777809288312883,
cross_person,B3,9,0.5,kalman,9.366795957906197,0.03777809288312883,
cross_person,B3,9,0.5,min_jerk,13.264197907349013,0.1333590295884826,
cross_person,B3,9,0.5,gru,6.148729878120631,0.1334344607669336,0
cross_person,B3,9,0.5,gru,6.993688416814294,0.19091707588019197,1
cross_person,B3,9,0.5,gru,2.6813939423743363,0.07556657613100831,2
cross_person,B3,9,0.5,gru,3.2339163962132726,0.009316341288707897,3
cross_person,B3,9,0.5,gru,5.846104150692411,0.028273268334247426,4
cross_person,B3,9,0.75,stay,7.101827756599895,nan,
cross_person,B3,9,0.75,mean,20.55791933255601,0.0033331388152977315,
cross_person,B3,9,0.75,const_velocity,3.001230319040914,0.0033331388152977315,
cross_person,B3,9,0.75,kalman,3.205050979302246,0.0033331388152977315,
cross_person,B3,9,0.75,min_jerk,7.085044440494167,0.016693118694025816,
cross_person,B3,9,0.75,gru,4.858242389003514,0.024424882443053103,0
cross_person,B3,9,0.75,gru,7.780601003437047,0.051439331681830264,1
cross_person,B3,9,0.75,gru,2.456275574083933,0.008327903063399172,2
cross_person,B3,9,0.75,gru,3.366628836192638,0.023370428173440122,3
cross_person,B3,9,0.75,gru,3.6226766788753655,0.05924193391074481,4
cross_person,B3,11,0.25,stay,25.659595036180168,nan,
cross_person,B3,11,0.25,mean,2.176741376156146,0.061113310409271926,
cross_person,B3,11,0.25,const_velocity,2.69787028184391,0.061113310409271926,
cross_person,B3,11,0.25,kalman,3.5685182072033528,0.061113310409271926,
cross_person,B3,11,0.25,min_jerk,20.57472866164963,0.2833544949552206,
cross_person,B3,11,0.25,gru,5.176064854814747,0.008284484780357704,0
cross_person,B3,11,0.25,gru,3.9700047899242095,0.10639872606940426,1
cross_person,B3,11,0.25,gru,3.415645334147719,0.027545070088432655,2
cross_person,B3,11,0.25,gru,4.686007913759804,0.065245067513512,3
cross_person,B3,11,0.25,gru,3.0530785671066143,0.19301227275185429,4
cross_person,B3,11,0.5,stay,12.993110983994832,nan,
cross_person,B3,11,0.5,mean,2.176741376156146,0.028890085327958337,
cross_person,B3,11,0.5,const_velocity,15.936946946603248,0.028890085327958337,
cross_person,B3,11,0.5,kalman,17.330474231096517,0.028890085327958337,
cross_person,B3,11,0.5,min_jerk,32.37707491722645,0.4999773268336917,
cross_person,B3,11,0.5,gru,9.145819176446166,0.04712541961410449,0
cross_person,B3,11,0.5,gru,10.272637285015415,0.13123553061225818,1
cross_person,B3,11,0.5,gru,6.659905412295833,0.05043913984039233,2
cross_person,B3,11,0.5,gru,7.030269323532759,0.00373383426406787,3
cross_person,B3,11,0.5,gru,8.445823575551225,0.008387466904906493,4
cross_person,B3,11,0.75,stay,4.466774482915972,nan,
cross_person,B3,11,0.75,mean,2.176741376156146,0.030000950290245854,
cross_person,B3,11,0.75,const_velocity,1.8014891908342248,0.030000950290245854,
cross_person,B3,11,0.75,kalman,3.200633489349198,0.030000950290245854,
cross_person,B3,11,0.75,min_jerk,1.9481930600184574,0.016645505044779102,
cross_person,B3,11,0.75,gru,4.090505802810727,0.034404646430328006,0
cross_person,B3,11,0.75,gru,7.01391230093966,0.020488117065117245,1
cross_person,B3,11,0.75,gru,1.532637010776926,0.028042580757453556,2
cross_person,B3,11,0.75,gru,1.2338915767548884,0.047734509978606815,3
cross_person,B3,11,0.75,gru,1.5897547665949148,0.04826743510754358,4
cross_person,B3,13,0.25,stay,26.82959810828175,nan,
cross_person,B3,13,0.25,mean,17.824983740982383,0.23889349154062034,
cross_person,B3,13,0.25,const_velocity,16.121446284450215,0.23889349154062034,
cross_person,B3,13,0.25,kalman,15.828283854306328,0.23889349154062034,
cross_person,B3,13,0.25,min_jerk,146.94287695365728,2.3166296338283634,
cross_person,B3,13,0.25,gru,14.335678580172601,0.45930089516483485,0
cross_person,B3,13,0.25,gru,17.102190328124724,0.39003472490154445,1
cross_person,B3,13,0.25,gru,14.491000785384504,0.13326700491748988,2
cross_person,B3,13,0.25,gru,15.24504970537753,0.32919182343326747,3
cross_person,B3,13,0.25,gru,14.578689761068222,0.012662787865030167,4
cross_person,B3,13,0.5,stay,17.08747646544638,nan,
cross_person,B3,13,0.5,mean,17.824983740982383,0.17111444930530323,
cross_person,B3,13,0.5,const_velocity,1.7197308488436411,0.17111444930530323,
cross_person,B3,13,0.5,kalman,2.969989212168501,0.17111444930530323,
cross_person,B3,13,0.5,min_jerk,11.569391599171757,0.1666319011449945,
cross_person,B3,13,0.5,gru,4.72076535728524,0.12919569745529758,0
cross_person,B3,13,0.5,gru,3.7260151630904805,0.292118854670416,1
cross_person,B3,13,0.5,gru,3.397931555880169,0.16899337634574307,2
cross_person,B3,13,0.5,gru,3.683655902381437,0.027749739737619294,3
cross_person,B3,13,0.5,gru,4.766294688450123,0.2602697239829196,4
cross_person,B3,13,0.75,stay,6.428710397207753,nan,
cross_person,B3,13,0.75,mean,17.824983740982383,0.07000131702638493,
cross_person,B3,13,0.75,const_velocity,2.1044207517244318,0.07000131702638493,
cross_person,B3,13,0.75,kalman,2.2762342721073203,0.07000131702638493,
cross_person,B3,13,0.75,min_jerk,5.106165264385038,0.19996599025053768,
cross_person,B3,13,0.75,gru,8.946396698298853,0.06676306100513857,0
cross_person,B3,13,0.75,gru,9.279548653618779,0.09891046313617308,1
cross_person,B3,13,0.75,gru,7.3500053354208585,0.268398421722912,2
cross_person,B3,13,0.75,gru,6.353198784625922,0.21952946754124086,3
cross_person,B3,13,0.75,gru,10.001462068553277,0.3860461887898676,4
cross_person,B3,15,0.25,stay,16.661131476236402,nan,
cross_person,B3,15,0.25,mean,12.549985729083248,1.6722593230789948,
cross_person,B3,15,0.25,const_velocity,11.4965075812934,1.6722593230789948,
cross_person,B3,15,0.25,kalman,11.075684575757258,1.6722593230789948,
cross_person,B3,15,0.25,min_jerk,17.01500503410279,2.18341117787099,
cross_person,B3,15,0.25,gru,0.9592789627149635,1.3678587967105336,0
cross_person,B3,15,0.25,gru,7.226012334764739,1.11516621648745,1
cross_person,B3,15,0.25,gru,3.3392267576126495,1.1477924877353138,2
cross_person,B3,15,0.25,gru,3.149715288319462,1.017344146365685,3
cross_person,B3,15,0.25,gru,4.566726359153886,1.1334601932712025,4
cross_person,B3,15,0.5,stay,22.613457864826795,nan,
cross_person,B3,15,0.5,mean,12.549985729083248,1.1044689442605238,
cross_person,B3,15,0.5,const_velocity,29.462867355543153,1.1044689442605238,
cross_person,B3,15,0.5,kalman,29.31838993092543,1.1044689442605238,
cross_person,B3,15,0.5,min_jerk,17.470236684792166,1.5000340097494615,
cross_person,B3,15,0.5,gru,8.531022700232842,0.7421801441259874,0
cross_person,B3,15,0.5,gru,9.463323178248919,0.6436100357122911,1
cross_person,B3,15,0.5,gru,13.030992882597717,0.5875525825567736,2
cross_person,B3,15,0.5,gru,10.150224787598995,0.7065385335035814,3
cross_person,B3,15,0.5,gru,3.87807741542529,0.623544370467235,4
cross_person,B3,15,0.75,stay,21.239115918483694,nan,
cross_person,B3,15,0.75,mean,12.549985729083248,0.5700126536095388,
cross_person,B3,15,0.75,const_velocity,16.933587532501406,0.5700126536095388,
cross_person,B3,15,0.75,kalman,17.325400479782164,0.5700126536095388,
cross_person,B3,15,0.75,min_jerk,20.483666987907284,0.7666840494275026,
cross_person,B3,15,0.75,gru,7.751928393143865,0.00618309372664172,0
cross_person,B3,15,0.75,gru,4.40740115779186,0.15949189072846692,1
cross_person,B3,15,0.75,gru,4.417247064959061,0.028892690002911503,2
cross_person,B3,15,0.75,gru,6.261714229285031,0.1166122018694945,3
cross_person,B3,15,0.75,gru,4.151697623154992,0.16325533980131823,4
cross_person,B3,17,0.25,stay,33.14992228539165,nan,
cross_person,B3,17,0.25,mean,3.967800454992255,0.07222304601290241,
cross_person,B3,17,0.25,const_velocity,19.911223680177425,0.07222304601290241,
cross_person,B3,17,0.25,kalman,16.92183046664902,0.07222304601290241,
cross_person,B3,17,0.25,min_jerk,8.696957359062054,0.13335902958848245,
cross_person,B3,17,0.25,gru,17.626757947518996,0.5689624391949754,0
cross_person,B3,17,0.25,gru,15.248079267429897,0.4661832891858201,1
cross_person,B3,17,0.25,gru,12.788650262058274,0.2080081545270066,2
cross_person,B3,17,0.25,gru,7.206837508738556,0.07544381986493065,3
cross_person,B3,17,0.25,gru,8.503369578225527,0.0806936777674575,4
cross_person,B3,17,0.5,stay,14.859436430700562,nan,
cross_person,B3,17,0.5,mean,3.967800454992255,0.03777809288312883,
cross_person,B3,17,0.5,const_velocity,12.905229737289439,0.03777809288312883,
cross_person,B3,17,0.5,kalman,13.989036977533074,0.03777809288312883,
cross_person,B3,17,0.5,min_jerk,7.808351615178726,0.13335902958848217,
cross_person,B3,17,0.5,gru,5.023048075215162,0.25936616837201293,0
cross_person,B3,17,0.5,gru,5.470070866907711,0.31277216850934203,1
cross_person,B3,17,0.5,gru,3.9424398052892338,0.07250727593121703,2
cross_person,B3,17,0.5,gru,3.5739232359464252,0.09545384467425172,3
cross_person,B3,17,0.5,gru,2.468455958459448,0.15377043307604615,4
cross_person,B3,17,0.75,stay,3.866917612943582,nan,
cross_person,B3,17,0.75,mean,3.967800454992255,0.0033331388152977315,
cross_person,B3,17,0.75,const_velocity,2.7273069904553324,0.0033331388152977315,
cross_person,B3,17,0.75,kalman,4.469647681837037,0.0033331388152977315,
cross_person,B3,17,0.75,min_jerk,4.3613903183575315,0.08335902958848254,
cross_person,B3,17,0.75,gru,6.675357829391554,0.21259359845389666,0
cross_person,B3,17,0.75,gru,2.6689248034367363,0.2600843144344265,1
cross_person,B3,17,0.75,gru,3.7097415719998965,0.06270451673735919,2
cross_person,B3,17,0.75,gru,1.7194440908401987,0.05096818676720319,3
cross_person,B3,17,0.75,gru,2.6039249740805683,0.07794484666119275,4
cross_person,B3,19,0.25,stay,36.916176876799476,nan,
cross_person,B3,19,0.25,mean,13.737901036394401,0.6389025608071435,
cross_person,B3,19,0.25,const_velocity,6.150070312490398,0.6389025608071435,
cross_person,B3,19,0.25,kalman,9.338668619552742,0.6389025608071435,
cross_person,B3,19,0.25,min_jerk,100.65014014993746,1.5332819408230347,
cross_person,B3,19,0.25,gru,2.259337639183759,0.5125973889698261,0
cross_person,B3,19,0.25,gru,2.7354193414457963,0.12703473065988957,1
cross_person,B3,19,0.25,gru,1.8852909517621304,0.07388729547159611,2
cross_person,B3,19,0.25,gru,2.17135026369931,0.11362571214334904,3
cross_person,B3,19,0.25,gru,3.3326531127607315,0.008207268463539474,4
cross_person,B3,19,0.5,stay,22.056675431744342,nan,
cross_person,B3,19,0.5,mean,13.737901036394401,0.4377871621496519,
cross_person,B3,19,0.5,const_velocity,13.757016360680499,0.4377871621496519,
cross_person,B3,19,0.5,kalman,10.826348259259817,0.4377871621496519,
cross_person,B3,19,0.5,min_jerk,12.376579327422462,0.16671579186033403,
cross_person,B3,19,0.5,gru,2.698371393942234,0.8140232368008024,0
cross_person,B3,19,0.5,gru,2.993139547198355,0.5226723952785856,1
cross_person,B3,19,0.5,gru,4.039839014125822,0.39635286765254796,2
cross_person,B3,19,0.5,gru,5.018498955551143,0.30371413664974034,3
cross_person,B3,19,0.5,gru,2.9725289312470577,0.2750899596706754,4
cross_person,B3,19,0.75,stay,9.819931035858513,nan,
cross_person,B3,19,0.75,mean,13.737901036394401,0.20333767344855927,
cross_person,B3,19,0.75,const_velocity,3.670089291620851,0.20333767344855927,
cross_person,B3,19,0.75,kalman,3.983217633993361,0.20333767344855927,
cross_person,B3,19,0.75,min_jerk,10.256611124745294,0.03338397007142074,
cross_person,B3,19,0.75,gru,1.7772344760658894,0.41150238769987707,0
cross_person,B3,19,0.75,gru,2.368048751189016,0.02882876652220373,1
cross_person,B3,19,0.75,gru,2.0064723119664203,0.1272746588561881,2
cross_person,B3,19,0.75,gru,3.379814678692037,0.0048011507366049755,3
cross_person,B3,19,0.75,gru,1.8945877499961932,0.01722147720793371,4
